user_id,course_id,rating,timestamp
u000001,c008603,1.0,2024-12-23 15:04:09.447037
u000001,c009145,1.0,2025-03-22 04:59:04.419180
u000001,c009045,1.0,2025-04-20 06:10:28.864456
u000001,c009199,1.0,2025-10-11 03:15:18.615311
u000002,c008596,1.0,2024-11-09 13:17:14.465849
u000002,c009337,1.0,2024-12-27 21:01:32.250084
u000002,c008462,1.0,2025-01-18 19:59:23.000236
u000002,c007276,1.0,2025-02-20 02:32:53.012525
u000002,c009383,1.0,2025-02-28 21:07:32.329605
u000002,c009298,1.0,2025-03-28 07:06:16.088077
u000002,c007221,1.0,2025-07-07 12:53:14.540467
u000002,c009647,1.0,2025-07-13 23:27:16.140336
u000002,c009157,1.0,2025-07-20 11:06:58.183724
u000002,c009479,1.0,2025-08-21 02:15:05.095888
u000002,c008489,1.0,2025-08-27 14:31:46.705000
u000002,c008886,1.0,2025-09-06 15:23:23.023780
u000002,c009213,1.0,2025-09-06 19:03:17.517861
u000003,c008921,1.0,2024-11-15 03:45:05.865330
u000003,c000515,1.0,2024-12-09 17:36:47.264402
u000003,c009185,1.0,2025-01-04 17:32:04.750585
u000003,c008710,1.0,2025-01-06 19:28:35.929190
u000003,c009413,1.0,2025-04-04 04:44:33.989355
u000003,c007518,1.0,2025-04-24 10:50:18.260189
u000003,c009293,1.0,2025-05-08 17:56:45.954641
u000003,c008631,1.0,2025-07-07 08:10:49.734745
u000003,c009466,1.0,2025-07-28 12:39:42.407391
u000003,c009052,1.0,2025-08-19 23:44:31.849361
u000003,c002856,1.0,2025-08-30 23:36:44.777809
u000004,c009163,1.0,2024-11-15 04:33:20.803774
u000004,c009042,1.0,2024-11-22 01:20:02.513890
u000004,c009334,1.0,2024-12-14 14:36:13.917079
u000004,c008643,1.0,2024-12-29 14:49:32.747061
u000004,c009186,1.0,2025-01-08 03:11:17.782760
u000004,c009304,1.0,2025-03-07 06:22:41.119108
u000004,c008971,1.0,2025-03-13 11:22:24.082792
u000004,c008882,1.0,2025-05-01 21:46:19.114412
u000004,c009144,1.0,2025-05-06 04:09:12.402676
u000004,c008858,1.0,2025-06-06 22:53:22.028573
u000004,c009272,1.0,2025-06-09 08:33:37.155177
u000004,c008691,1.0,2025-06-10 13:12:48.866339
u000004,c009592,1.0,2025-08-19 13:33:16.053546
u000004,c008605,1.0,2025-10-10 12:50:45.980112
u000004,c008589,1.0,2025-10-22 17:46:21.275763
u000005,c008798,1.0,2024-11-14 18:06:56.478087
u000005,c006482,1.0,2025-04-16 01:39:29.739161
u000005,c006259,1.0,2025-05-15 21:53:02.811323
u000005,c009398,1.0,2025-09-04 11:06:40.048374
u000006,c009304,1.0,2024-11-20 12:31:40.298553
u000006,c007511,1.0,2025-03-02 14:55:50.051038
u000006,c009413,1.0,2025-03-22 06:04:23.070867
u000006,c009466,1.0,2025-05-28 09:18:05.401711
u000006,c006440,1.0,2025-08-28 21:04:36.350001
u000006,c009002,1.0,2025-09-05 17:45:07.266405
u000007,c009298,1.0,2025-03-02 04:19:56.505517
u000007,c007480,1.0,2025-05-15 05:59:35.180128
u000007,c007969,1.0,2025-08-07 02:36:00.428575
u000007,c008347,1.0,2025-09-28 00:08:09.919326
u000007,c007195,1.0,2025-09-28 23:23:11.156493
u000008,c007883,1.0,2024-12-21 16:09:12.083510
u000008,c009253,1.0,2025-02-02 19:41:45.980360
u000008,c008982,1.0,2025-10-14 19:16:37.442214
u000009,c008682,1.0,2024-11-15 22:33:46.847338
u000009,c009258,1.0,2024-12-15 12:27:18.451665
u000009,c008681,1.0,2024-12-28 02:10:07.459989
u000009,c008867,1.0,2025-02-19 10:03:46.137933
u000009,c009090,1.0,2025-04-08 20:14:07.100940
u000009,c008477,1.0,2025-05-28 12:19:43.389800
u000009,c009091,1.0,2025-06-12 10:07:35.885780
u000009,c009462,1.0,2025-06-26 06:24:57.048956
u000009,c009222,1.0,2025-07-06 19:29:03.740693
u000009,c009340,1.0,2025-10-10 10:06:56.553765
u000009,c009103,1.0,2025-10-13 10:04:38.243365
u000009,c008528,1.0,2025-10-21 16:03:12.961214
u000009,c006686,1.0,2025-10-25 12:59:07.508328
u000010,c008621,1.0,2024-11-14 14:03:01.770167
u000010,c007207,1.0,2024-11-26 08:25:10.554312
u000010,c007285,1.0,2024-11-27 02:03:27.550385
u000010,c007349,1.0,2024-12-19 00:29:12.574732
u000010,c006030,1.0,2024-12-29 09:06:43.205159
u000010,c007517,1.0,2025-01-01 22:26:49.957758
u000010,c007518,1.0,2025-01-06 06:51:06.335161
u000010,c009212,1.0,2025-01-09 14:39:11.354414
u000010,c007761,1.0,2025-02-18 18:56:30.443590
u000010,c008643,1.0,2025-02-28 03:19:32.203851
u000010,c009321,1.0,2025-06-10 15:12:49.311857
u000010,c006237,1.0,2025-10-09 00:29:42.747345
u000011,c006111,1.0,2024-12-25 23:28:16.371498
u000011,c006378,1.0,2025-05-21 12:44:59.508626
u000011,c008597,1.0,2025-06-29 08:56:50.518777
u000011,c009174,1.0,2025-08-18 04:48:06.964957
u000011,c008512,1.0,2025-08-18 09:01:01.652746
u000011,c009232,1.0,2025-08-26 14:32:26.087289
u000011,c008553,1.0,2025-09-10 18:30:37.600568
u000011,c008849,1.0,2025-10-02 08:02:07.473882
u000011,c009231,1.0,2025-10-30 09:49:58.909960
u000012,c008761,1.0,2025-01-19 17:51:29.175794
u000012,c009513,1.0,2025-02-20 01:02:13.375839
u000012,c008779,1.0,2025-05-20 07:26:27.624990
u000012,c008709,1.0,2025-05-21 07:12:09.459060
u000012,c008628,1.0,2025-06-25 21:09:08.283565
u000012,c008691,1.0,2025-07-03 01:27:32.298884
u000012,c009344,1.0,2025-08-02 02:27:28.693598
u000012,c001078,1.0,2025-08-27 11:15:58.613120
u000012,c008636,1.0,2025-09-12 14:11:01.500946
u000013,c009235,1.0,2024-12-08 21:07:29.326599
u000013,c009493,1.0,2024-12-19 14:37:15.981207
u000013,c009435,1.0,2024-12-20 13:39:36.373952
u000013,c009325,1.0,2025-05-05 12:03:21.733368
u000013,c009234,1.0,2025-05-16 15:02:53.599563
u000013,c009208,1.0,2025-06-13 17:13:56.698838
u000013,c008554,1.0,2025-07-04 23:40:34.484019
u000013,c009209,1.0,2025-08-12 16:45:45.954229
u000013,c008490,1.0,2025-08-25 14:10:39.306906
u000013,c008769,1.0,2025-10-12 18:25:23.855704
u000014,c008978,1.0,2024-11-11 08:33:55.429164
u000014,c009005,1.0,2024-12-20 02:39:58.338098
u000014,c009629,1.0,2024-12-21 08:49:39.974957
u000014,c009359,1.0,2025-04-21 16:37:09.171622
u000014,c008602,1.0,2025-06-09 13:56:02.214010
u000014,c008917,1.0,2025-06-27 09:33:39.932528
u000014,c009653,1.0,2025-07-15 06:59:52.896946
u000014,c009090,1.0,2025-09-04 03:17:36.912068
u000014,c009567,1.0,2025-09-13 07:28:08.033942
u000014,c008577,1.0,2025-10-20 01:15:32.724862
u000015,c008631,1.0,2024-11-17 10:49:46.260037
u000015,c008340,1.0,2024-11-20 01:34:45.165142
u000015,c009190,1.0,2024-12-29 01:39:55.782236
u000015,c007966,1.0,2025-01-18 05:03:46.436367
u000015,c008968,1.0,2025-02-02 18:26:51.565367
u000015,c009002,1.0,2025-07-04 09:42:38.351213
u000015,c008565,1.0,2025-08-17 09:16:51.704651
u000015,c006417,1.0,2025-10-05 05:59:05.057781
u000016,c006128,1.0,2025-07-19 16:19:54.970531
u000016,c007617,1.0,2025-08-15 16:27:48.401137
u000016,c006009,1.0,2025-08-26 05:14:14.015425
u000016,c006918,1.0,2025-10-11 12:16:54.612894
u000017,c006401,1.0,2024-12-20 09:08:21.833153
u000017,c008902,1.0,2024-12-25 19:27:45.543929
u000017,c008828,1.0,2024-12-31 01:07:09.913100
u000017,c008771,1.0,2025-02-16 08:44:08.338739
u000017,c007098,1.0,2025-02-24 20:33:19.185965
u000017,c009063,1.0,2025-04-03 08:08:06.473382
u000017,c007650,1.0,2025-04-28 22:30:42.979945
u000017,c006368,1.0,2025-05-11 09:57:49.886644
u000017,c006640,1.0,2025-06-05 20:13:28.844688
u000017,c007276,1.0,2025-07-01 20:04:34.710797
u000017,c006336,1.0,2025-07-20 06:49:52.115542
u000017,c007269,1.0,2025-10-16 04:24:03.231139
u000017,c006086,1.0,2025-10-18 03:58:05.094389
u000018,c008596,1.0,2024-11-20 00:40:40.860752
u000018,c008779,1.0,2025-01-28 04:59:14.618669
u000018,c008628,1.0,2025-04-08 13:58:41.719512
u000018,c009398,1.0,2025-04-28 22:11:45.968625
u000019,c008664,1.0,2024-11-12 05:24:56.081491
u000019,c008764,1.0,2024-11-27 03:34:07.754556
u000019,c008953,1.0,2024-12-03 04:01:55.189073
u000019,c008800,1.0,2024-12-19 03:41:55.585618
u000019,c009364,1.0,2025-01-09 00:13:30.750543
u000019,c008821,1.0,2025-02-17 06:57:00.176892
u000019,c008794,1.0,2025-03-01 10:29:59.237057
u000019,c008804,1.0,2025-03-08 19:46:22.884238
u000019,c008016,1.0,2025-08-04 22:46:50.711223
u000019,c009407,1.0,2025-09-10 04:39:15.830322
u000020,c007936,1.0,2024-12-28 13:10:25.868886
u000020,c009233,1.0,2025-01-05 15:15:19.058071
u000020,c008566,1.0,2025-01-06 10:08:16.912335
u000020,c008024,1.0,2025-05-28 19:05:09.809286
u000020,c008963,1.0,2025-09-08 02:49:10.033773
u000020,c008144,1.0,2025-09-09 03:02:40.960067
u000020,c009546,1.0,2025-11-02 21:35:56.299611
u000020,c008327,1.0,2025-11-03 08:00:41.933174
u000021,c009174,1.0,2024-11-28 01:49:27.006549
u000021,c009371,1.0,2025-03-10 09:40:21.584245
u000021,c009177,1.0,2025-03-20 16:16:59.954216
u000021,c009305,1.0,2025-05-02 00:07:44.557790
u000021,c009012,1.0,2025-05-22 19:03:15.125393
u000021,c008553,1.0,2025-08-12 07:49:27.535412
u000021,c008849,1.0,2025-08-14 09:58:17.588172
u000021,c000317,1.0,2025-09-11 02:25:43.674966
u000021,c008940,1.0,2025-09-13 20:26:59.267346
u000022,c009510,1.0,2024-11-09 12:52:06.620638
u000022,c008890,1.0,2025-02-16 08:16:03.080744
u000022,c008720,1.0,2025-02-27 02:48:03.970843
u000022,c009332,1.0,2025-04-19 11:05:24.230890
u000022,c009553,1.0,2025-06-13 07:27:14.639946
u000022,c008596,1.0,2025-06-26 04:37:01.490493
u000022,c009398,1.0,2025-07-21 11:22:01.301261
u000023,c009567,1.0,2025-07-27 22:05:25.302691
u000023,c009307,1.0,2025-08-19 07:09:32.991380
u000023,c009085,1.0,2025-10-24 10:31:27.072834
u000024,c009574,1.0,2024-12-07 19:48:38.498607
u000024,c008607,1.0,2025-04-06 02:11:58.732173
u000024,c008672,1.0,2025-05-28 14:38:18.417886
u000024,c008532,1.0,2025-08-23 13:26:58.227040
u000024,c008777,1.0,2025-08-26 14:50:15.369363
u000024,c008643,1.0,2025-09-03 02:37:18.272692
u000024,c009290,1.0,2025-10-10 09:10:49.704427
u000024,c006484,1.0,2025-10-29 19:20:47.779054
u000025,c006678,1.0,2024-12-07 19:44:36.268192
u000025,c009415,1.0,2024-12-26 19:20:53.750923
u000025,c006365,1.0,2025-01-14 08:06:52.280625
u000025,c007155,1.0,2025-02-23 00:55:31.756885
u000025,c009244,1.0,2025-03-11 16:04:25.860957
u000025,c006898,1.0,2025-04-04 18:21:55.297857
u000025,c008481,1.0,2025-06-04 16:40:19.099573
u000025,c009352,1.0,2025-07-20 16:30:41.462146
u000025,c009210,1.0,2025-07-26 19:18:46.087005
u000025,c009375,1.0,2025-08-28 13:53:41.053049
u000025,c006072,1.0,2025-09-26 11:02:17.207633
u000025,c007975,1.0,2025-11-05 23:35:41.982104
u000025,c006598,1.0,2025-11-06 09:47:08.845406
u000026,c008808,1.0,2025-01-31 16:14:40.604929
u000026,c008721,1.0,2025-02-24 03:23:29.408193
u000026,c008968,1.0,2025-03-05 14:47:46.276555
u000026,c009199,1.0,2025-05-19 03:34:56.182451
u000026,c009083,1.0,2025-06-10 11:43:05.755730
u000026,c009164,1.0,2025-07-03 08:55:16.822304
u000026,c009080,1.0,2025-08-04 19:29:56.779826
u000026,c008989,1.0,2025-10-04 16:12:05.914623
u000027,c009012,1.0,2024-12-14 01:23:12.072052
u000027,c007733,1.0,2025-01-13 10:57:53.749437
u000027,c007319,1.0,2025-05-31 01:24:34.186129
u000027,c007966,1.0,2025-08-21 08:04:51.002309
u000027,c007622,1.0,2025-08-31 05:01:35.869147
u000027,c007199,1.0,2025-10-02 07:09:59.900279
u000028,c008528,1.0,2024-11-07 07:35:43.786357
u000028,c009572,1.0,2024-11-07 11:20:30.004214
u000028,c009462,1.0,2024-12-17 18:31:49.146796
u000028,c009455,1.0,2025-02-25 02:56:26.920142
u000028,c009258,1.0,2025-03-30 17:20:08.436069
u000028,c009478,1.0,2025-04-07 22:17:39.315450
u000028,c009238,1.0,2025-05-11 08:20:23.659896
u000028,c009375,1.0,2025-09-17 18:36:41.209113
u000029,c009227,1.0,2024-11-08 14:19:42.493850
u000029,c009026,1.0,2025-01-05 06:25:36.504787
u000029,c008987,1.0,2025-02-07 16:08:31.150652
u000029,c008634,1.0,2025-04-21 17:50:27.448879
u000029,c008675,1.0,2025-06-10 06:54:19.517894
u000029,c008525,1.0,2025-06-15 02:47:31.518837
u000029,c009090,1.0,2025-06-20 20:16:37.436542
u000029,c008753,1.0,2025-08-15 23:43:31.399215
u000029,c009491,1.0,2025-09-12 21:50:50.591300
u000029,c009050,1.0,2025-09-14 08:18:37.196802
u000029,c006924,1.0,2025-09-15 02:53:59.188889
u000029,c009642,1.0,2025-10-08 05:25:35.447928
u000030,c009391,1.0,2024-11-13 11:52:48.839864
u000030,c009640,1.0,2024-11-25 07:20:47.071769
u000030,c006005,1.0,2025-01-30 06:48:41.026546
u000030,c008712,1.0,2025-02-07 10:53:41.805915
u000030,c009135,1.0,2025-02-14 13:54:49.198153
u000030,c008465,1.0,2025-02-22 10:50:57.699823
u000030,c008070,1.0,2025-05-21 13:54:34.154861
u000030,c008487,1.0,2025-06-11 21:12:22.040963
u000030,c008990,1.0,2025-06-12 07:14:47.525470
u000030,c008808,1.0,2025-06-21 19:41:31.380670
u000030,c008015,1.0,2025-07-07 02:06:51.254462
u000030,c008811,1.0,2025-09-08 02:18:05.823889
u000030,c008968,1.0,2025-09-21 20:03:25.596875
u000030,c008503,1.0,2025-09-24 04:55:31.071808
u000031,c008935,1.0,2024-11-11 10:01:47.997735
u000031,c008823,1.0,2025-04-08 21:37:11.951821
u000031,c008781,1.0,2025-05-13 16:32:29.051243
u000031,c009569,1.0,2025-08-24 10:00:14.478785
u000032,c008677,1.0,2024-11-15 07:30:03.949717
u000032,c008717,1.0,2024-12-13 07:35:21.006722
u000032,c009210,1.0,2025-01-20 11:18:53.295261
u000032,c009186,1.0,2025-03-03 08:23:40.087460
u000032,c009344,1.0,2025-03-24 12:34:52.566678
u000032,c008758,1.0,2025-03-30 21:45:06.079682
u000032,c009202,1.0,2025-06-06 22:15:38.817500
u000032,c009570,1.0,2025-06-17 01:21:58.167916
u000032,c008594,1.0,2025-07-27 09:58:17.989455
u000032,c008546,1.0,2025-08-05 06:43:59.041016
u000032,c008517,1.0,2025-09-26 19:54:59.773540
u000032,c008595,1.0,2025-10-30 06:48:05.975574
u000033,c008572,1.0,2025-01-05 07:32:53.568469
u000033,c009360,1.0,2025-03-10 18:37:08.383713
u000033,c009057,1.0,2025-07-14 17:33:27.473524
u000033,c009063,1.0,2025-10-21 09:42:13.612546
u000034,c009270,1.0,2024-12-12 06:19:12.625197
u000034,c006453,1.0,2025-01-04 09:07:37.946821
u000034,c006389,1.0,2025-01-06 04:55:15.820692
u000034,c007098,1.0,2025-02-07 07:18:42.567666
u000034,c008989,1.0,2025-02-22 22:02:30.291712
u000034,c006392,1.0,2025-05-23 19:54:21.717983
u000034,c006368,1.0,2025-05-27 16:10:57.267158
u000034,c009568,1.0,2025-06-08 02:37:47.721872
u000034,c008477,1.0,2025-06-19 23:34:40.790363
u000034,c006168,1.0,2025-08-02 04:31:39.553240
u000034,c006978,1.0,2025-09-11 13:58:30.788229
u000034,c009305,1.0,2025-09-13 19:43:41.991198
u000035,c008761,1.0,2024-11-17 20:04:19.122794
u000035,c008963,1.0,2024-12-20 06:49:29.534484
u000035,c008572,1.0,2024-12-22 17:36:33.191043
u000035,c009020,1.0,2025-01-05 13:43:38.342447
u000035,c008477,1.0,2025-01-21 16:23:49.228675
u000035,c009268,1.0,2025-02-07 06:41:27.665790
u000035,c008711,1.0,2025-03-04 05:25:22.346368
u000035,c008837,1.0,2025-04-25 14:19:03.593395
u000035,c009057,1.0,2025-05-01 19:22:59.961296
u000035,c009091,1.0,2025-05-28 05:28:58.312112
u000035,c009103,1.0,2025-06-16 20:00:20.753920
u000035,c009293,1.0,2025-10-07 12:23:09.309975
u000035,c009186,1.0,2025-10-20 10:30:04.965890
u000035,c008628,1.0,2025-10-20 18:52:27.360391
u000036,c008601,1.0,2024-11-21 13:24:59.869726
u000036,c008494,1.0,2025-01-10 13:22:36.694378
u000036,c008475,1.0,2025-03-11 22:57:55.364901
u000036,c009478,1.0,2025-04-19 23:34:34.389079
u000036,c009155,1.0,2025-04-28 10:22:53.291909
u000036,c008031,1.0,2025-05-19 19:58:43.889512
u000036,c008770,1.0,2025-06-13 18:07:30.696376
u000036,c008746,1.0,2025-07-05 17:58:02.159394
u000036,c008638,1.0,2025-07-05 18:21:22.915094
u000036,c009462,1.0,2025-07-12 08:53:52.230887
u000036,c009558,1.0,2025-08-07 11:27:10.693333
u000036,c007391,1.0,2025-09-11 15:49:12.380387
u000036,c008971,1.0,2025-09-28 14:59:09.708961
u000036,c009647,1.0,2025-10-19 15:19:44.607057
u000036,c009524,1.0,2025-11-03 21:01:46.074450
u000037,c008580,1.0,2024-12-22 18:51:48.056477
u000037,c009445,1.0,2025-03-11 19:53:19.623532
u000037,c009321,1.0,2025-04-04 20:14:46.616314
u000037,c008696,1.0,2025-04-16 11:37:58.140234
u000037,c009437,1.0,2025-07-01 01:08:34.153229
u000038,c008568,1.0,2025-02-04 00:01:46.831134
u000038,c008475,1.0,2025-03-04 11:24:11.416661
u000038,c008793,1.0,2025-03-08 19:36:30.841792
u000038,c008580,1.0,2025-04-17 21:44:00.792365
u000038,c008881,1.0,2025-05-04 15:39:15.667113
u000038,c009568,1.0,2025-05-24 15:02:16.333757
u000038,c008999,1.0,2025-06-17 14:23:10.614628
u000038,c007356,1.0,2025-06-25 14:53:15.970603
u000038,c008921,1.0,2025-09-10 16:18:08.452371
u000038,c008588,1.0,2025-09-14 13:41:49.213160
u000038,c009335,1.0,2025-10-05 23:47:56.923600
u000038,c009284,1.0,2025-10-10 01:56:04.143166
u000038,c009413,1.0,2025-10-14 11:36:22.909186
u000039,c008509,1.0,2024-12-19 02:21:44.547251
u000039,c008555,1.0,2024-12-27 08:33:23.482161
u000039,c009548,1.0,2025-03-09 13:17:32.614523
u000039,c009236,1.0,2025-03-29 05:44:31.770157
u000039,c009210,1.0,2025-08-16 11:58:34.906690
u000039,c009184,1.0,2025-08-24 22:59:19.641009
u000039,c008651,1.0,2025-09-09 03:57:24.972547
u000039,c009494,1.0,2025-11-06 08:36:47.592397
u000040,c007050,1.0,2024-12-17 16:33:15.614858
u000040,c009564,1.0,2025-01-10 05:40:32.726916
u000040,c006585,1.0,2025-04-10 10:36:48.693599
u000040,c008988,1.0,2025-05-08 15:30:19.204377
u000040,c007903,1.0,2025-05-27 09:56:01.834028
u000040,c006589,1.0,2025-09-06 17:45:01.456344
u000041,c009126,1.0,2025-03-04 05:32:02.562130
u000041,c008949,1.0,2025-03-15 20:01:55.478660
u000041,c009428,1.0,2025-04-07 22:47:16.841167
u000041,c009647,1.0,2025-08-21 06:58:38.677360
u000041,c009541,1.0,2025-09-02 14:46:32.013131
u000041,c009278,1.0,2025-09-06 14:09:56.621074
u000042,c009210,1.0,2024-11-19 13:58:40.141408
u000042,c008676,1.0,2024-12-30 11:19:12.668309
u000042,c008681,1.0,2025-01-07 04:28:52.687733
u000042,c008677,1.0,2025-07-02 22:34:13.804488
u000042,c009336,1.0,2025-09-03 07:23:21.009018
u000042,c009570,1.0,2025-09-17 01:24:37.431078
u000043,c008582,1.0,2024-12-26 22:45:52.152666
u000043,c009213,1.0,2025-01-09 20:49:45.512192
u000043,c008470,1.0,2025-03-30 06:45:25.547300
u000043,c008472,1.0,2025-04-01 07:42:42.804864
u000043,c008676,1.0,2025-04-19 15:39:51.666080
u000043,c009212,1.0,2025-07-03 09:48:09.870056
u000043,c008603,1.0,2025-09-03 07:12:59.919819
u000043,c008681,1.0,2025-11-03 08:35:48.318301
u000044,c007276,1.0,2024-11-16 13:36:54.323936
u000044,c007751,1.0,2024-11-24 22:03:21.276018
u000044,c007645,1.0,2025-05-03 07:50:11.223805
u000044,c008987,1.0,2025-06-14 10:26:45.283634
u000044,c009540,1.0,2025-07-24 05:03:39.416658
u000045,c008720,1.0,2024-11-27 00:57:45.561012
u000045,c009216,1.0,2024-12-13 01:24:32.151785
u000045,c009602,1.0,2024-12-26 00:41:45.624964
u000045,c009510,1.0,2025-01-10 03:45:55.329703
u000045,c008691,1.0,2025-01-21 09:59:01.921415
u000045,c008578,1.0,2025-01-24 00:14:32.363504
u000045,c008651,1.0,2025-03-03 19:28:24.139626
u000045,c009398,1.0,2025-03-17 07:21:06.373742
u000045,c009464,1.0,2025-03-18 13:02:23.865021
u000045,c008615,1.0,2025-04-10 03:56:38.431785
u000045,c008928,1.0,2025-09-16 20:51:47.490782
u000046,c008780,1.0,2025-05-17 21:05:02.702859
u000046,c008063,1.0,2025-08-09 04:12:44.422062
u000046,c009386,1.0,2025-09-02 02:19:10.080375
u000046,c007883,1.0,2025-09-13 23:39:46.705230
u000046,c007800,1.0,2025-11-05 15:41:10.469449
u000047,c009031,1.0,2025-03-17 18:46:03.080605
u000047,c009375,1.0,2025-03-29 18:15:48.993460
u000047,c008816,1.0,2025-04-05 00:44:15.411618
u000047,c009093,1.0,2025-04-13 08:54:01.227265
u000047,c008562,1.0,2025-06-09 23:20:05.581977
u000047,c008839,1.0,2025-06-25 23:10:50.535097
u000047,c008811,1.0,2025-10-11 03:17:37.456978
u000047,c008894,1.0,2025-10-13 07:56:36.012484
u000048,c008496,1.0,2024-12-11 09:50:17.658494
u000048,c009416,1.0,2025-01-06 11:30:09.102788
u000048,c008463,1.0,2025-03-25 01:16:00.075465
u000048,c008648,1.0,2025-07-28 19:16:14.791438
u000049,c007585,1.0,2024-12-13 18:29:01.975926
u000049,c007328,1.0,2025-01-14 08:15:04.583619
u000049,c007655,1.0,2025-03-21 21:51:24.951410
u000049,c007329,1.0,2025-03-23 13:05:52.626835
u000049,c007772,1.0,2025-04-08 07:08:19.940119
u000049,c007467,1.0,2025-04-10 23:36:47.833347
u000049,c007578,1.0,2025-05-01 17:02:33.282738
u000049,c007485,1.0,2025-05-31 20:52:25.494788
u000049,c008808,1.0,2025-06-11 18:37:21.614476
u000049,c008507,1.0,2025-06-16 11:57:57.599042
u000049,c007457,1.0,2025-08-29 20:49:44.012019
u000049,c007709,1.0,2025-09-15 04:13:07.876988
u000049,c008968,1.0,2025-09-23 09:21:55.110918
u000049,c007402,1.0,2025-10-24 13:45:14.038819
u000049,c007313,1.0,2025-10-31 08:22:40.455661
u000050,c007966,1.0,2025-01-05 12:06:18.582894
u000050,c009184,1.0,2025-03-24 08:59:01.599323
u000050,c008594,1.0,2025-07-08 19:22:16.168697
u000050,c009207,1.0,2025-07-16 18:18:15.732407
u000051,c008989,1.0,2024-11-21 14:41:28.007747
u000051,c008889,1.0,2024-11-23 07:59:56.547669
u000051,c009539,1.0,2025-02-25 00:15:14.763135
u000051,c008863,1.0,2025-05-20 23:53:47.219640
u000051,c008639,1.0,2025-07-22 11:34:32.233441
u000051,c008965,1.0,2025-10-02 10:58:43.868797
u000051,c009270,1.0,2025-10-14 11:03:03.608002
u000051,c009199,1.0,2025-10-22 19:04:18.466032
u000051,c008751,1.0,2025-11-04 12:13:49.873651
u000052,c009049,1.0,2024-12-23 04:44:48.185139
u000052,c009190,1.0,2025-07-23 05:30:22.980825
u000052,c006346,1.0,2025-08-24 07:54:06.118087
u000052,c007093,1.0,2025-09-05 19:45:42.760940
u000052,c009364,1.0,2025-09-10 06:04:07.143361
u000052,c009227,1.0,2025-09-19 10:22:06.612226
u000052,c009001,1.0,2025-10-17 04:49:23.756879
u000052,c009250,1.0,2025-10-29 01:39:22.760023
u000053,c009286,1.0,2024-11-19 16:56:07.701149
u000053,c008968,1.0,2025-01-03 08:41:54.018769
u000053,c008675,1.0,2025-01-20 23:46:30.919439
u000053,c008763,1.0,2025-04-18 16:23:32.678113
u000053,c008656,1.0,2025-06-18 07:50:59.654000
u000053,c009525,1.0,2025-10-12 13:35:23.957724
u000054,c007445,1.0,2025-01-19 13:09:03.573739
u000054,c007514,1.0,2025-06-20 08:37:28.945613
u000054,c007446,1.0,2025-06-23 08:27:44.587043
u000054,c007565,1.0,2025-08-26 01:54:22.988552
u000054,c007376,1.0,2025-09-18 06:37:56.972403
u000054,c008761,1.0,2025-10-19 04:39:34.149515
u000055,c008763,1.0,2025-01-29 07:43:45.652533
u000055,c008888,1.0,2025-04-14 13:17:21.302351
u000055,c008482,1.0,2025-07-03 06:45:17.213061
u000055,c008829,1.0,2025-07-10 10:59:22.581764
u000055,c009293,1.0,2025-07-28 08:41:50.125693
u000056,c008649,1.0,2024-12-24 17:42:47.342390
u000056,c009553,1.0,2025-01-18 08:23:12.340104
u000056,c008478,1.0,2025-01-24 12:31:52.719186
u000056,c008651,1.0,2025-02-14 08:39:05.709489
u000056,c009398,1.0,2025-03-22 05:59:08.899119
u000056,c009091,1.0,2025-04-11 00:30:36.547307
u000056,c009492,1.0,2025-04-23 15:50:55.597989
u000056,c009020,1.0,2025-05-10 11:16:18.284708
u000056,c008615,1.0,2025-06-23 15:46:50.584064
u000056,c009103,1.0,2025-08-02 17:10:26.991479
u000056,c008945,1.0,2025-08-05 20:46:46.312923
u000056,c009251,1.0,2025-08-06 14:52:38.345838
u000056,c009510,1.0,2025-08-30 06:59:27.630976
u000056,c008779,1.0,2025-09-29 10:15:35.127244
u000057,c008767,1.0,2025-01-10 05:40:07.384893
u000057,c009179,1.0,2025-02-02 17:47:26.780794
u000057,c007271,1.0,2025-02-02 19:18:55.470223
u000057,c007206,1.0,2025-03-18 13:29:39.791844
u000057,c007187,1.0,2025-03-29 23:14:22.793874
u000057,c008653,1.0,2025-04-19 11:22:54.534649
u000057,c008596,1.0,2025-04-26 11:57:30.362400
u000057,c009158,1.0,2025-08-08 06:23:34.373283
u000057,c009465,1.0,2025-08-31 08:50:03.089336
u000057,c009556,1.0,2025-09-02 08:52:26.085112
u000058,c007887,1.0,2025-06-18 19:11:53.789421
u000058,c007910,1.0,2025-09-19 09:13:22.842050
u000058,c008098,1.0,2025-09-27 15:15:43.183782
u000058,c008327,1.0,2025-10-04 12:12:07.590360
u000058,c008348,1.0,2025-11-06 10:32:29.369935
u000059,c009273,1.0,2024-11-28 00:23:42.312335
u000059,c008996,1.0,2025-01-07 20:14:29.899877
u000059,c009644,1.0,2025-01-17 02:37:08.795342
u000059,c006483,1.0,2025-02-23 00:22:43.072962
u000059,c009049,1.0,2025-03-12 15:50:52.924011
u000059,c009001,1.0,2025-05-29 04:07:46.120394
u000059,c008632,1.0,2025-06-16 03:58:35.748386
u000059,c008987,1.0,2025-10-15 12:43:43.577254
u000059,c009227,1.0,2025-10-19 08:36:18.468601
u000060,c009600,1.0,2024-11-08 10:30:44.868437
u000060,c008577,1.0,2025-01-23 15:19:49.058188
u000060,c009272,1.0,2025-03-24 22:51:34.823542
u000060,c007883,1.0,2025-06-03 08:13:11.856771
u000060,c009012,1.0,2025-08-15 14:11:38.815056
u000060,c008568,1.0,2025-08-17 00:43:25.628861
u000060,c009413,1.0,2025-09-07 16:29:44.874503
u000060,c008063,1.0,2025-11-04 16:54:54.559039
u000061,c006336,1.0,2024-12-12 13:25:00.214420
u000061,c008575,1.0,2025-01-19 01:43:16.022578
u000061,c006319,1.0,2025-02-04 14:39:50.438773
u000061,c006076,1.0,2025-04-03 02:10:42.387846
u000061,c006222,1.0,2025-04-26 18:30:03.536934
u000061,c006664,1.0,2025-07-31 05:58:31.534388
u000061,c006799,1.0,2025-08-09 06:51:16.413828
u000061,c006866,1.0,2025-10-09 21:18:47.901182
u000062,c008886,1.0,2024-11-19 16:25:01.682135
u000062,c009339,1.0,2025-01-27 21:04:25.196260
u000062,c008744,1.0,2025-04-01 13:44:40.991597
u000062,c008640,1.0,2025-04-02 14:43:57.289662
u000062,c009210,1.0,2025-09-11 21:37:56.175809
u000063,c007192,1.0,2024-11-25 07:29:20.865049
u000063,c007326,1.0,2025-02-26 11:36:13.940480
u000063,c007511,1.0,2025-06-20 18:30:04.923669
u000063,c007715,1.0,2025-09-19 11:25:26.668104
u000064,c009212,1.0,2024-12-11 02:33:01.464889
u000064,c008787,1.0,2025-02-18 13:05:00.055745
u000064,c009087,1.0,2025-02-24 20:21:36.726229
u000064,c009178,1.0,2025-03-15 08:45:27.989790
u000064,c007621,1.0,2025-03-26 13:58:27.748419
u000064,c007966,1.0,2025-04-06 09:11:53.224258
u000064,c009123,1.0,2025-04-28 20:26:40.741135
u000064,c008996,1.0,2025-06-27 19:37:55.892066
u000064,c009574,1.0,2025-08-14 23:41:07.955511
u000064,c008717,1.0,2025-08-21 09:51:33.264728
u000064,c008286,1.0,2025-09-22 10:30:57.235192
u000064,c009389,1.0,2025-09-25 08:30:54.848439
u000064,c009010,1.0,2025-10-30 13:24:21.160957
u000064,c009250,1.0,2025-11-01 23:39:42.088060
u000065,c006042,1.0,2024-11-18 03:24:54.435749
u000065,c008472,1.0,2025-03-13 23:41:26.187821
u000065,c006305,1.0,2025-03-31 13:34:31.045446
u000065,c009157,1.0,2025-09-18 15:04:18.840515
u000065,c006265,1.0,2025-10-17 20:17:34.326966
u000066,c007646,1.0,2024-12-02 21:25:17.717034
u000066,c008891,1.0,2024-12-03 21:32:21.029708
u000066,c009276,1.0,2024-12-09 17:12:21.794979
u000066,c009207,1.0,2024-12-20 16:57:46.757858
u000066,c008736,1.0,2024-12-25 05:51:44.991865
u000066,c009158,1.0,2025-01-07 14:24:50.059007
u000066,c008716,1.0,2025-01-23 03:55:04.874055
u000066,c008692,1.0,2025-06-06 15:41:53.402186
u000066,c009450,1.0,2025-06-25 03:34:59.004099
u000066,c008463,1.0,2025-06-27 21:46:09.882570
u000066,c008481,1.0,2025-08-16 12:41:18.890279
u000066,c009299,1.0,2025-09-04 19:32:38.853530
u000066,c009307,1.0,2025-09-24 20:38:50.944875
u000066,c008975,1.0,2025-11-03 03:38:38.237426
u000067,c009069,1.0,2025-01-24 22:24:20.803889
u000067,c008485,1.0,2025-02-20 15:44:26.541339
u000067,c007883,1.0,2025-02-22 13:09:43.692935
u000067,c006205,1.0,2025-05-28 04:20:08.158450
u000067,c007863,1.0,2025-06-02 11:46:40.813581
u000067,c008030,1.0,2025-06-21 20:18:18.925696
u000067,c008926,1.0,2025-07-16 07:34:14.131538
u000067,c009170,1.0,2025-10-04 22:36:44.221496
u000068,c008642,1.0,2024-12-03 02:12:10.106875
u000068,c008989,1.0,2025-05-05 09:04:19.494419
u000068,c008878,1.0,2025-05-08 01:44:07.019896
u000068,c009270,1.0,2025-05-18 19:50:02.048764
u000068,c009199,1.0,2025-06-14 14:17:14.168785
u000068,c008477,1.0,2025-06-21 01:32:08.590457
u000068,c008763,1.0,2025-08-03 01:25:35.296802
u000068,c009558,1.0,2025-10-11 13:48:59.026098
u000069,c008780,1.0,2025-01-27 14:33:28.437152
u000069,c009647,1.0,2025-02-06 06:35:15.750158
u000069,c006060,1.0,2025-02-10 19:32:48.257972
u000069,c009615,1.0,2025-02-19 13:58:17.081118
u000069,c007513,1.0,2025-05-18 03:19:38.551223
u000069,c006164,1.0,2025-06-07 11:00:35.296167
u000069,c008682,1.0,2025-06-28 02:40:20.029888
u000069,c008711,1.0,2025-08-09 20:10:11.433254
u000069,c009003,1.0,2025-09-13 00:25:49.243010
u000069,c008837,1.0,2025-11-03 07:37:47.681538
u000069,c009092,1.0,2025-11-04 12:03:04.216908
u000069,c009339,1.0,2025-11-06 10:31:57.002052
u000070,c007695,1.0,2024-11-14 14:07:13.903226
u000070,c007375,1.0,2024-11-26 22:01:27.746319
u000070,c008347,1.0,2024-11-30 13:43:39.556146
u000070,c007888,1.0,2025-01-10 11:19:34.428104
u000070,c009234,1.0,2025-01-29 00:54:56.443711
u000070,c007387,1.0,2025-02-15 06:03:56.824297
u000070,c009310,1.0,2025-03-02 08:07:12.845552
u000070,c007207,1.0,2025-05-28 01:40:06.710741
u000070,c007841,1.0,2025-06-07 04:43:29.995407
u000070,c007379,1.0,2025-07-04 06:14:24.470936
u000070,c007361,1.0,2025-08-11 00:37:18.857287
u000071,c006254,1.0,2024-11-22 09:32:52.048290
u000071,c006450,1.0,2024-12-14 09:18:06.072602
u000071,c006558,1.0,2025-01-10 08:23:47.850114
u000071,c006093,1.0,2025-01-19 08:36:18.516627
u000071,c006566,1.0,2025-01-27 11:26:42.286128
u000071,c006771,1.0,2025-02-04 11:57:08.526876
u000071,c006251,1.0,2025-04-06 22:49:24.468687
u000071,c008682,1.0,2025-04-21 21:40:07.780021
u000071,c006783,1.0,2025-04-29 05:59:25.721103
u000071,c006026,1.0,2025-06-15 02:37:48.202310
u000071,c007104,1.0,2025-07-24 15:20:12.695495
u000071,c006035,1.0,2025-08-29 16:56:47.680028
u000071,c006249,1.0,2025-09-03 18:40:26.481048
u000071,c006173,1.0,2025-10-10 17:48:32.712262
u000072,c006029,1.0,2025-01-09 16:06:23.659225
u000072,c006442,1.0,2025-01-26 00:18:39.946666
u000072,c009443,1.0,2025-02-28 19:47:27.237852
u000072,c008764,1.0,2025-03-21 13:08:00.943861
u000072,c009623,1.0,2025-04-25 04:45:11.141748
u000072,c006030,1.0,2025-05-11 22:54:28.350956
u000072,c009307,1.0,2025-08-01 10:57:51.356691
u000072,c008642,1.0,2025-08-01 19:54:57.086897
u000072,c009597,1.0,2025-10-16 21:41:34.999294
u000072,c009143,1.0,2025-10-26 17:15:03.823351
u000073,c007864,1.0,2024-12-09 03:11:52.566517
u000073,c008619,1.0,2024-12-31 20:02:05.513476
u000073,c009234,1.0,2025-07-17 18:49:50.887697
u000073,c008600,1.0,2025-11-02 05:39:08.709949
u000074,c008882,1.0,2024-11-11 21:29:00.603534
u000074,c009440,1.0,2024-11-18 13:29:44.561611
u000074,c008951,1.0,2024-12-16 12:42:59.518264
u000074,c009608,1.0,2025-02-05 11:51:05.328292
u000074,c008475,1.0,2025-02-16 22:24:29.201558
u000074,c008251,1.0,2025-03-23 06:33:48.865879
u000074,c009293,1.0,2025-03-30 16:51:51.704358
u000074,c009613,1.0,2025-04-22 12:08:54.304921
u000074,c007966,1.0,2025-06-19 02:48:58.182675
u000074,c009413,1.0,2025-07-02 14:29:18.447247
u000074,c008793,1.0,2025-08-29 15:02:39.310085
u000075,c008933,1.0,2024-12-13 11:18:41.325927
u000075,c008742,1.0,2025-04-09 15:12:28.033600
u000075,c008545,1.0,2025-08-19 14:18:07.285277
u000076,c007116,1.0,2024-11-18 04:57:48.834783
u000076,c006631,1.0,2025-01-13 22:23:15.110402
u000076,c006021,1.0,2025-02-09 08:11:38.582900
u000076,c006011,1.0,2025-02-16 21:06:11.739890
u000076,c006351,1.0,2025-02-24 21:03:48.406589
u000076,c006833,1.0,2025-03-29 04:13:32.217348
u000076,c006018,1.0,2025-04-19 11:29:04.180188
u000076,c006792,1.0,2025-05-10 00:36:36.606284
u000076,c006054,1.0,2025-05-19 13:55:47.633857
u000076,c006030,1.0,2025-09-15 02:45:28.987727
u000076,c006663,1.0,2025-09-16 14:17:00.977480
u000076,c006037,1.0,2025-10-27 07:56:16.074219
u000076,c007043,1.0,2025-10-29 07:10:15.493449
u000077,c008551,1.0,2024-11-12 00:31:35.521906
u000077,c001781,1.0,2024-11-18 20:12:34.071141
u000077,c009256,1.0,2024-11-21 07:20:28.658774
u000077,c009528,1.0,2024-12-09 14:50:23.501829
u000077,c008642,1.0,2024-12-16 09:03:32.313332
u000077,c006690,1.0,2025-01-16 06:57:48.529039
u000077,c008916,1.0,2025-02-02 13:22:28.759928
u000077,c008696,1.0,2025-02-11 10:27:52.352352
u000077,c003270,1.0,2025-02-14 20:12:42.860141
u000077,c002576,1.0,2025-02-16 19:56:31.284322
u000077,c006365,1.0,2025-03-06 13:24:25.518005
u000077,c008475,1.0,2025-03-10 14:30:06.034633
u000077,c009399,1.0,2025-03-25 01:30:47.494556
u000077,c008490,1.0,2025-03-27 10:51:47.692239
u000077,c009209,1.0,2025-10-11 11:10:08.666777
u000078,c009382,1.0,2025-04-14 09:41:35.819014
u000078,c009421,1.0,2025-08-13 18:37:25.842810
u000078,c009184,1.0,2025-08-28 04:50:48.238288
u000078,c006045,1.0,2025-09-11 00:37:10.995701
u000078,c006543,1.0,2025-09-29 17:24:50.273462
u000079,c006184,1.0,2025-02-08 19:22:31.191488
u000079,c006350,1.0,2025-02-13 12:58:50.773541
u000079,c009210,1.0,2025-03-06 12:23:22.206787
u000079,c008681,1.0,2025-04-08 08:13:30.205720
u000079,c007978,1.0,2025-04-11 08:17:58.273319
u000079,c007908,1.0,2025-05-09 06:47:57.914814
u000079,c006517,1.0,2025-05-09 08:15:53.113750
u000079,c008014,1.0,2025-09-23 20:26:26.354249
u000079,c009185,1.0,2025-09-29 01:59:01.234177
u000080,c009199,1.0,2024-11-28 08:18:25.400297
u000080,c006052,1.0,2024-12-01 12:19:59.314469
u000080,c006990,1.0,2024-12-18 21:49:25.304300
u000080,c008691,1.0,2025-05-12 20:02:32.263800
u000080,c006490,1.0,2025-05-31 16:13:42.682852
u000080,c009227,1.0,2025-06-13 02:00:45.790172
u000080,c007172,1.0,2025-07-28 01:06:32.858951
u000080,c009232,1.0,2025-08-31 16:05:18.657825
u000081,c008605,1.0,2024-12-08 21:33:57.822065
u000081,c009508,1.0,2024-12-18 11:36:07.144907
u000081,c008986,1.0,2025-04-22 01:40:42.428823
u000081,c007248,1.0,2025-05-01 22:24:27.608965
u000081,c008685,1.0,2025-09-21 08:10:19.168128
u000081,c008863,1.0,2025-10-09 12:38:48.416168
u000082,c008029,1.0,2024-11-21 00:15:19.918062
u000082,c007803,1.0,2024-12-01 09:04:39.380031
u000082,c009385,1.0,2025-02-07 07:46:06.422834
u000082,c008031,1.0,2025-07-22 06:58:48.632268
u000083,c006730,1.0,2025-02-23 05:21:42.485943
u000083,c008474,1.0,2025-03-03 17:24:14.241987
u000083,c008933,1.0,2025-03-21 07:29:19.489392
u000083,c009158,1.0,2025-05-21 22:25:34.564616
u000084,c006046,1.0,2024-11-20 03:55:20.578036
u000084,c006135,1.0,2024-12-23 01:29:33.675402
u000084,c006970,1.0,2025-05-11 04:02:39.718936
u000084,c008724,1.0,2025-06-18 09:45:44.614309
u000084,c006632,1.0,2025-06-24 10:22:42.596226
u000084,c007062,1.0,2025-07-28 22:03:09.560127
u000084,c006072,1.0,2025-08-08 04:06:18.779952
u000084,c009207,1.0,2025-08-09 06:49:46.763965
u000084,c006265,1.0,2025-09-10 08:41:58.852792
u000084,c008632,1.0,2025-09-20 01:42:18.131013
u000084,c006281,1.0,2025-09-20 04:24:12.499422
u000085,c007420,1.0,2024-12-11 00:34:49.691172
u000085,c008731,1.0,2025-01-18 18:59:50.860216
u000085,c008900,1.0,2025-08-12 19:16:35.511340
u000085,c008938,1.0,2025-09-26 23:55:32.846445
u000086,c007979,1.0,2024-11-18 18:18:13.217219
u000086,c009169,1.0,2024-12-01 07:31:16.549111
u000086,c008154,1.0,2024-12-06 04:01:23.503243
u000086,c007970,1.0,2025-01-09 13:44:20.909963
u000086,c007855,1.0,2025-01-18 04:18:19.020153
u000086,c008099,1.0,2025-01-22 03:16:48.108616
u000086,c007811,1.0,2025-02-10 18:18:18.479519
u000086,c008347,1.0,2025-04-03 01:28:13.638272
u000086,c007841,1.0,2025-05-07 00:16:59.720844
u000086,c009057,1.0,2025-08-12 18:06:00.347675
u000086,c007908,1.0,2025-10-08 09:23:06.607783
u000086,c009644,1.0,2025-11-01 18:24:51.904645
u000087,c008595,1.0,2024-12-02 02:27:35.232730
u000087,c009570,1.0,2025-03-21 18:14:28.105048
u000087,c006748,1.0,2025-06-02 02:14:43.140002
u000087,c008682,1.0,2025-09-19 18:32:42.307743
u000088,c006113,1.0,2024-11-25 18:07:17.904345
u000088,c006862,1.0,2024-12-31 15:55:43.628626
u000088,c007967,1.0,2025-05-04 07:32:34.762160
u000088,c006142,1.0,2025-05-08 14:34:58.198075
u000088,c006154,1.0,2025-08-24 05:35:50.922126
u000088,c006369,1.0,2025-09-06 01:45:37.339273
u000088,c009226,1.0,2025-11-02 21:14:21.331050
u000089,c009415,1.0,2024-12-25 16:45:46.644509
u000089,c009359,1.0,2025-02-01 13:36:22.880821
u000089,c009253,1.0,2025-06-14 15:21:35.067840
u000089,c009464,1.0,2025-07-18 03:00:05.890596
u000089,c009352,1.0,2025-09-12 06:21:07.661765
u000089,c009279,1.0,2025-09-21 04:25:39.194966
u000090,c006842,1.0,2024-12-22 02:23:04.880856
u000090,c006961,1.0,2025-01-15 00:44:14.844357
u000090,c009611,1.0,2025-05-28 12:49:59.156149
u000090,c006318,1.0,2025-06-12 13:39:10.580407
u000090,c008601,1.0,2025-08-08 17:42:56.683877
u000090,c009127,1.0,2025-08-23 01:05:11.047987
u000090,c007846,1.0,2025-09-28 15:27:26.506839
u000091,c009570,1.0,2025-04-08 00:56:51.684943
u000091,c009210,1.0,2025-07-13 18:12:07.189176
u000091,c009435,1.0,2025-10-28 14:12:21.199268
u000092,c008968,1.0,2025-03-04 13:34:21.141776
u000092,c009558,1.0,2025-06-08 19:41:53.574646
u000092,c008760,1.0,2025-06-25 09:51:35.632896
u000092,c009080,1.0,2025-07-19 08:54:40.126450
u000092,c006583,1.0,2025-07-27 01:32:41.287210
u000092,c008751,1.0,2025-08-10 07:10:29.637867
u000092,c008639,1.0,2025-09-05 03:48:25.403085
u000093,c008808,1.0,2024-11-24 18:40:57.096014
u000093,c009135,1.0,2025-04-03 10:15:20.253818
u000093,c009644,1.0,2025-06-07 15:41:00.399481
u000093,c008629,1.0,2025-06-08 11:04:12.381734
u000093,c008760,1.0,2025-07-04 19:02:21.745308
u000094,c008672,1.0,2024-11-25 06:07:13.353649
u000094,c009574,1.0,2024-12-29 01:32:19.335210
u000094,c008579,1.0,2025-01-16 07:41:40.304295
u000094,c009262,1.0,2025-03-21 06:30:34.459710
u000094,c009023,1.0,2025-03-23 03:38:01.347187
u000094,c009290,1.0,2025-05-10 05:56:15.387246
u000094,c008496,1.0,2025-05-15 13:50:09.339149
u000094,c009097,1.0,2025-07-28 21:04:47.884361
u000094,c008777,1.0,2025-10-17 11:29:31.981178
u000095,c008541,1.0,2024-11-19 05:33:48.074597
u000095,c008894,1.0,2024-11-26 07:55:17.805439
u000095,c009276,1.0,2025-02-16 01:02:58.476661
u000095,c007517,1.0,2025-05-07 20:31:48.737715
u000095,c009210,1.0,2025-07-14 04:00:17.593557
u000095,c007518,1.0,2025-09-01 23:10:56.953837
u000095,c008790,1.0,2025-09-05 12:09:07.790525
u000095,c008677,1.0,2025-10-19 19:08:28.291479
u000096,c009157,1.0,2024-11-12 21:10:40.604981
u000096,c009307,1.0,2025-03-24 13:46:58.003620
u000096,c009553,1.0,2025-06-08 14:40:58.148560
u000096,c008200,1.0,2025-06-21 05:16:42.916815
u000096,c008748,1.0,2025-06-25 06:51:30.615146
u000096,c008756,1.0,2025-06-28 04:17:48.370739
u000096,c009121,1.0,2025-07-16 21:32:05.630186
u000096,c006958,1.0,2025-08-19 02:26:04.638376
u000096,c009412,1.0,2025-09-05 11:36:03.955062
u000096,c008170,1.0,2025-10-22 13:41:05.503391
u000097,c009408,1.0,2024-11-16 00:08:45.768952
u000097,c008845,1.0,2024-11-18 04:18:29.576522
u000097,c008687,1.0,2025-02-10 15:19:00.803109
u000097,c008698,1.0,2025-02-18 23:19:50.079116
u000097,c008734,1.0,2025-04-25 02:58:43.269082
u000097,c009138,1.0,2025-06-20 07:34:42.035001
u000097,c008725,1.0,2025-07-17 17:28:22.135007
u000098,c009121,1.0,2024-11-08 06:54:23.727256
u000098,c009453,1.0,2025-01-06 10:53:30.383636
u000098,c009157,1.0,2025-01-16 21:44:13.208154
u000098,c008472,1.0,2025-03-08 21:46:50.500741
u000098,c009206,1.0,2025-04-02 17:33:46.098699
u000098,c008695,1.0,2025-04-18 09:14:33.392766
u000098,c009218,1.0,2025-04-20 12:20:37.238093
u000098,c006201,1.0,2025-07-03 01:16:58.778708
u000098,c006562,1.0,2025-08-14 01:30:16.254169
u000098,c006045,1.0,2025-09-28 20:36:55.259206
u000099,c006060,1.0,2025-01-29 05:01:09.327725
u000099,c006933,1.0,2025-03-11 21:59:25.846304
u000099,c009212,1.0,2025-04-10 01:51:02.893424
u000099,c007099,1.0,2025-05-30 09:40:09.110224
u000099,c006205,1.0,2025-06-03 08:37:17.129458
u000099,c006465,1.0,2025-09-03 06:51:58.283083
u000099,c006615,1.0,2025-09-17 02:09:24.137459
u000099,c008572,1.0,2025-09-23 03:29:32.006869
u000099,c006603,1.0,2025-10-02 03:37:29.869927
u000099,c007072,1.0,2025-10-12 23:34:28.761502
u000099,c006009,1.0,2025-10-23 02:51:25.647289
u000100,c007478,1.0,2025-04-12 07:16:04.196942
u000100,c008889,1.0,2025-04-25 08:57:07.614520
u000100,c007621,1.0,2025-05-16 00:32:25.481567
u000101,c009179,1.0,2025-04-09 05:25:13.707270
u000101,c008987,1.0,2025-04-21 03:56:11.472875
u000101,c009123,1.0,2025-08-05 15:18:45.223142
u000101,c007224,1.0,2025-08-30 22:41:42.928446
u000101,c007383,1.0,2025-09-11 18:45:31.310777
u000101,c007326,1.0,2025-11-04 08:20:23.661644
u000102,c008478,1.0,2024-11-18 14:25:21.250872
u000102,c009151,1.0,2025-01-06 09:46:49.040336
u000102,c009243,1.0,2025-02-07 23:41:09.080415
u000102,c008474,1.0,2025-03-26 01:02:52.459743
u000102,c009231,1.0,2025-03-30 10:07:06.131322
u000102,c008965,1.0,2025-05-12 10:24:47.650508
u000102,c009376,1.0,2025-07-09 22:17:19.465302
u000102,c009003,1.0,2025-07-16 06:15:47.708578
u000102,c008935,1.0,2025-09-02 00:59:59.538242
u000102,c006189,1.0,2025-09-20 16:25:05.587933
u000102,c009539,1.0,2025-09-22 04:29:14.294901
u000102,c006159,1.0,2025-09-22 12:15:46.820317
u000102,c009620,1.0,2025-10-19 02:56:12.939186
u000102,c008933,1.0,2025-11-02 02:25:42.239827
u000103,c007493,1.0,2024-11-07 20:30:34.509621
u000103,c008749,1.0,2024-12-26 17:57:52.411062
u000103,c008487,1.0,2025-01-12 02:56:10.664328
u000103,c009211,1.0,2025-02-14 03:54:35.012888
u000103,c009413,1.0,2025-02-23 21:55:23.978136
u000103,c009473,1.0,2025-03-08 19:27:21.885217
u000103,c008575,1.0,2025-03-30 11:28:40.212277
u000103,c007489,1.0,2025-04-23 18:43:20.050889
u000103,c007373,1.0,2025-05-19 04:18:39.525879
u000103,c007315,1.0,2025-05-28 10:57:51.428398
u000103,c009199,1.0,2025-07-22 19:27:00.501515
u000103,c008643,1.0,2025-09-28 18:38:29.860739
u000104,c008503,1.0,2024-11-18 21:18:48.086508
u000104,c006346,1.0,2025-01-13 23:57:14.029120
u000104,c007379,1.0,2025-01-28 02:23:54.802821
u000104,c007206,1.0,2025-05-07 06:44:25.013296
u000105,c006237,1.0,2024-11-24 16:56:31.811350
u000105,c008680,1.0,2024-12-14 13:54:07.567676
u000105,c009192,1.0,2024-12-19 13:15:05.869682
u000105,c008607,1.0,2024-12-26 05:19:58.799139
u000105,c009272,1.0,2025-02-09 16:08:09.588785
u000105,c009042,1.0,2025-03-16 08:11:15.656235
u000105,c006378,1.0,2025-05-13 11:51:21.837263
u000105,c008594,1.0,2025-07-01 14:30:06.342793
u000105,c009208,1.0,2025-08-09 02:37:37.832993
u000105,c009112,1.0,2025-09-26 18:37:06.442621
u000106,c009609,1.0,2024-12-04 07:00:54.295531
u000106,c009034,1.0,2025-08-03 21:42:51.308579
u000106,c008487,1.0,2025-09-07 22:57:12.588929
u000106,c008543,1.0,2025-11-02 15:35:35.569585
u000107,c008663,1.0,2025-01-26 03:56:11.029606
u000107,c007210,1.0,2025-01-26 21:06:40.518575
u000107,c009558,1.0,2025-04-20 13:26:23.443525
u000107,c008872,1.0,2025-04-24 18:54:45.229971
u000107,c008601,1.0,2025-04-25 16:03:18.430210
u000107,c007946,1.0,2025-06-29 14:56:29.580060
u000107,c008968,1.0,2025-07-02 01:16:55.524937
u000107,c009270,1.0,2025-07-14 11:16:23.892140
u000107,c008477,1.0,2025-08-02 15:15:20.734609
u000107,c008751,1.0,2025-08-03 15:05:15.427643
u000107,c008639,1.0,2025-08-30 10:26:13.233041
u000107,c009124,1.0,2025-09-04 12:09:01.030920
u000107,c008808,1.0,2025-10-30 20:13:45.434939
u000108,c008601,1.0,2025-01-22 07:22:36.675086
u000108,c008097,1.0,2025-02-04 10:06:53.097928
u000108,c007900,1.0,2025-04-15 19:45:42.756095
u000109,c007218,1.0,2024-12-14 22:01:32.747587
u000109,c009481,1.0,2024-12-22 01:46:48.530275
u000109,c007207,1.0,2025-03-02 20:02:29.477527
u000109,c008631,1.0,2025-04-05 16:15:40.237026
u000109,c007517,1.0,2025-04-07 03:10:36.348647
u000109,c009409,1.0,2025-04-07 06:53:50.773254
u000109,c007387,1.0,2025-05-17 14:16:27.773409
u000110,c008640,1.0,2024-12-09 03:31:02.954827
u000110,c008744,1.0,2024-12-31 08:01:43.571073
u000110,c009396,1.0,2025-01-20 07:56:56.516709
u000110,c009569,1.0,2025-03-27 00:12:42.316797
u000110,c009292,1.0,2025-04-09 04:43:33.242370
u000110,c009386,1.0,2025-06-17 14:56:01.843914
u000110,c008738,1.0,2025-06-22 06:54:00.863313
u000110,c009647,1.0,2025-10-12 18:29:07.533909
u000110,c008711,1.0,2025-10-28 13:25:18.074195
u000110,c008886,1.0,2025-11-02 00:16:12.410069
u000110,c008844,1.0,2025-11-05 19:07:06.260281
u000111,c006894,1.0,2025-01-02 10:27:50.503734
u000111,c009339,1.0,2025-04-22 09:31:13.012759
u000111,c008533,1.0,2025-05-20 13:16:03.945668
u000111,c009569,1.0,2025-07-10 16:46:26.434556
u000112,c007467,1.0,2024-11-11 04:14:29.331794
u000112,c008780,1.0,2024-12-13 15:27:53.257065
u000112,c009339,1.0,2024-12-30 20:48:31.784958
u000112,c006064,1.0,2025-01-01 22:08:09.539045
u000112,c008640,1.0,2025-01-03 04:20:14.010912
u000112,c008478,1.0,2025-02-05 08:48:34.255999
u000112,c009396,1.0,2025-03-09 15:29:31.919937
u000112,c009278,1.0,2025-05-14 21:24:36.689265
u000112,c009647,1.0,2025-08-17 08:35:12.024332
u000112,c006391,1.0,2025-08-24 20:48:38.422478
u000112,c007644,1.0,2025-09-22 08:22:24.763394
u000112,c007643,1.0,2025-10-06 06:00:44.503523
u000112,c007335,1.0,2025-10-06 11:36:34.642620
u000112,c009003,1.0,2025-10-26 20:11:12.294608
u000113,c008585,1.0,2024-12-07 16:50:47.453053
u000113,c008741,1.0,2024-12-12 15:58:23.354121
u000113,c009130,1.0,2025-01-22 13:09:25.463880
u000113,c009199,1.0,2025-02-04 05:43:17.234482
u000113,c009004,1.0,2025-04-28 11:17:08.103395
u000113,c008808,1.0,2025-05-26 05:38:08.070035
u000113,c008760,1.0,2025-05-31 08:46:05.257064
u000113,c009270,1.0,2025-06-11 17:04:28.971474
u000113,c009080,1.0,2025-07-03 23:35:29.606952
u000113,c008989,1.0,2025-08-06 00:54:24.747804
u000113,c007980,1.0,2025-08-16 12:41:38.754158
u000113,c008874,1.0,2025-09-05 12:46:15.835963
u000113,c008477,1.0,2025-10-30 06:57:52.730590
u000114,c009124,1.0,2024-11-08 16:27:43.792507
u000114,c009184,1.0,2024-11-30 09:26:27.516879
u000114,c006295,1.0,2025-01-29 20:29:50.993333
u000114,c007924,1.0,2025-02-07 12:52:47.275701
u000114,c009199,1.0,2025-03-24 19:58:28.724929
u000114,c008808,1.0,2025-06-14 17:57:59.245451
u000114,c006593,1.0,2025-06-20 08:35:55.216930
u000114,c008170,1.0,2025-07-22 14:13:02.821319
u000114,c007966,1.0,2025-08-22 04:22:12.966994
u000114,c008639,1.0,2025-11-01 12:35:14.759518
u000115,c007746,1.0,2024-12-12 11:17:07.799774
u000115,c007697,1.0,2025-05-06 17:40:43.510736
u000115,c008769,1.0,2025-06-19 04:44:39.657326
u000115,c009184,1.0,2025-07-01 13:11:59.434633
u000115,c007287,1.0,2025-08-19 14:27:21.984820
u000115,c007245,1.0,2025-09-26 11:02:28.292361
u000116,c009110,1.0,2024-12-18 10:37:17.114954
u000116,c006281,1.0,2025-01-26 21:05:44.128616
u000116,c006712,1.0,2025-02-12 10:20:20.282592
u000116,c006146,1.0,2025-03-10 01:12:13.307521
u000116,c006265,1.0,2025-06-17 01:57:00.998089
u000116,c006632,1.0,2025-06-17 20:47:30.809530
u000116,c006986,1.0,2025-09-20 02:02:19.155653
u000116,c007132,1.0,2025-10-03 20:25:31.476686
u000117,c009189,1.0,2024-11-24 04:39:42.142031
u000117,c008040,1.0,2024-12-07 08:47:50.172815
u000117,c009231,1.0,2025-01-07 21:28:24.416144
u000117,c008271,1.0,2025-02-08 22:07:58.037366
u000117,c008407,1.0,2025-03-29 07:36:46.333914
u000117,c008636,1.0,2025-10-20 18:51:32.159886
u000118,c007288,1.0,2024-11-22 13:06:09.663899
u000118,c007991,1.0,2024-11-27 14:31:00.233003
u000118,c007313,1.0,2024-11-30 02:29:12.879741
u000118,c008790,1.0,2025-01-09 00:29:00.310463
u000118,c009429,1.0,2025-02-25 14:01:53.511247
u000118,c007838,1.0,2025-03-24 07:16:23.404454
u000118,c008597,1.0,2025-06-28 06:45:54.444610
u000118,c009180,1.0,2025-07-28 03:59:06.848257
u000118,c006366,1.0,2025-08-02 04:05:54.817223
u000118,c007295,1.0,2025-08-11 15:20:34.252525
u000118,c008818,1.0,2025-08-17 10:29:58.812100
u000118,c007588,1.0,2025-09-04 17:23:02.675659
u000118,c007457,1.0,2025-09-10 13:59:02.614077
u000118,c009435,1.0,2025-11-05 09:53:30.779894
u000119,c009205,1.0,2024-11-27 15:21:12.669304
u000119,c007245,1.0,2024-12-02 12:02:17.511264
u000119,c009065,1.0,2025-03-07 22:55:04.244695
u000119,c007387,1.0,2025-10-07 05:11:01.899377
u000120,c009568,1.0,2024-11-08 11:01:09.095069
u000120,c009581,1.0,2024-11-27 22:10:54.020654
u000120,c008981,1.0,2024-12-06 06:22:03.366526
u000120,c009012,1.0,2025-01-09 07:04:45.860086
u000120,c008475,1.0,2025-02-08 19:00:38.478362
u000120,c009004,1.0,2025-05-05 06:26:57.352375
u000120,c006816,1.0,2025-05-11 00:09:54.950539
u000120,c008488,1.0,2025-07-30 05:24:33.857378
u000120,c008808,1.0,2025-10-14 21:02:42.994615
u000121,c006056,1.0,2024-12-11 05:06:13.661061
u000121,c006389,1.0,2025-01-02 04:29:40.000620
u000121,c006817,1.0,2025-05-28 10:41:01.042942
u000121,c006157,1.0,2025-10-12 23:18:53.049204
u000122,c009138,1.0,2024-12-13 08:11:47.454733
u000122,c008490,1.0,2024-12-17 18:59:34.010246
u000122,c009181,1.0,2024-12-27 14:28:42.082944
u000122,c009041,1.0,2025-01-05 19:39:12.747432
u000122,c008497,1.0,2025-01-16 23:34:19.207858
u000122,c009600,1.0,2025-04-16 05:30:01.477679
u000122,c009204,1.0,2025-05-02 08:21:21.037673
u000122,c008710,1.0,2025-05-15 01:08:21.570034
u000122,c009580,1.0,2025-07-01 10:05:48.112339
u000122,c008725,1.0,2025-07-12 00:51:19.053996
u000122,c009351,1.0,2025-08-28 17:25:08.103478
u000123,c009434,1.0,2025-02-24 08:08:09.757170
u000123,c009452,1.0,2025-05-31 08:22:30.906838
u000123,c009481,1.0,2025-10-08 08:38:04.499742
u000124,c008644,1.0,2024-11-20 11:37:55.308200
u000124,c008771,1.0,2025-02-13 18:03:23.452812
u000124,c008902,1.0,2025-05-04 08:13:09.778878
u000124,c008764,1.0,2025-08-27 07:50:38.517037
u000125,c006160,1.0,2025-01-14 18:29:49.250010
u000125,c006603,1.0,2025-01-29 02:46:10.136295
u000125,c006385,1.0,2025-03-10 11:46:03.422538
u000125,c006179,1.0,2025-08-12 12:16:36.486132
u000126,c009080,1.0,2024-12-09 18:42:01.377554
u000126,c006787,1.0,2025-01-15 11:33:49.560310
u000126,c007039,1.0,2025-03-15 14:50:20.205904
u000126,c009213,1.0,2025-04-09 13:14:05.663214
u000126,c008477,1.0,2025-04-14 01:08:57.756445
u000126,c009558,1.0,2025-06-24 06:14:56.937123
u000126,c008808,1.0,2025-06-28 00:04:35.996113
u000127,c008520,1.0,2024-11-16 04:11:15.248030
u000127,c009262,1.0,2024-11-24 03:42:01.881747
u000127,c009023,1.0,2024-11-29 10:54:38.330460
u000127,c009107,1.0,2024-12-02 23:41:56.000935
u000127,c008672,1.0,2025-06-13 17:27:19.542019
u000127,c009097,1.0,2025-07-27 04:30:55.407548
u000128,c008701,1.0,2024-11-11 09:59:34.975628
u000128,c009399,1.0,2024-12-08 02:16:43.694137
u000128,c009528,1.0,2025-02-28 11:06:29.898845
u000128,c006387,1.0,2025-04-14 06:56:45.105472
u000129,c009210,1.0,2024-11-21 00:00:13.879339
u000129,c008736,1.0,2025-03-01 17:33:54.403442
u000129,c007051,1.0,2025-03-02 23:02:08.870200
u000129,c008758,1.0,2025-03-06 22:20:24.888408
u000129,c008595,1.0,2025-03-13 05:37:56.991248
u000129,c008677,1.0,2025-03-16 22:08:06.091586
u000129,c009429,1.0,2025-05-01 06:55:48.033850
u000129,c008818,1.0,2025-05-06 17:17:52.865230
u000129,c008676,1.0,2025-05-30 11:38:42.972675
u000129,c006272,1.0,2025-06-08 10:41:19.630261
u000129,c008538,1.0,2025-06-12 13:32:32.234387
u000129,c009212,1.0,2025-07-08 07:22:56.717117
u000129,c009180,1.0,2025-07-12 07:34:22.126562
u000130,c009395,1.0,2024-11-17 05:05:07.075721
u000130,c008779,1.0,2024-12-01 23:43:19.296394
u000130,c007966,1.0,2024-12-04 03:52:48.390375
u000130,c009364,1.0,2024-12-17 01:53:00.469448
u000130,c009041,1.0,2024-12-27 08:11:16.806099
u000130,c008541,1.0,2025-07-01 08:57:10.949231
u000130,c009190,1.0,2025-07-17 10:20:16.983691
u000130,c009409,1.0,2025-07-19 20:49:26.149084
u000130,c009373,1.0,2025-08-04 03:05:42.635264
u000130,c009398,1.0,2025-10-11 04:42:13.840663
u000130,c008852,1.0,2025-10-28 09:59:38.871153
u000131,c009485,1.0,2024-12-08 09:18:16.622063
u000131,c009295,1.0,2025-01-02 03:30:21.587713
u000131,c008722,1.0,2025-03-11 19:04:15.453728
u000131,c008709,1.0,2025-04-02 19:41:02.494781
u000131,c009379,1.0,2025-05-18 19:52:35.958787
u000131,c009269,1.0,2025-07-05 09:40:10.151421
u000131,c009234,1.0,2025-09-02 18:07:29.815773
u000131,c009352,1.0,2025-09-23 12:12:35.819549
u000131,c006124,1.0,2025-10-10 05:34:19.779722
u000132,c008676,1.0,2025-03-06 14:57:25.045603
u000132,c009180,1.0,2025-03-09 18:01:48.515372
u000132,c008787,1.0,2025-03-19 20:36:04.602716
u000132,c008681,1.0,2025-07-12 17:29:02.217313
u000132,c009429,1.0,2025-08-10 00:08:42.964824
u000132,c008677,1.0,2025-09-23 16:33:40.286560
u000133,c008841,1.0,2024-11-07 18:30:01.954488
u000133,c009334,1.0,2024-12-24 00:01:41.283416
u000133,c006012,1.0,2025-01-22 00:31:37.134467
u000133,c009496,1.0,2025-05-07 18:33:17.641860
u000133,c009199,1.0,2025-05-31 08:31:05.912786
u000133,c006785,1.0,2025-06-09 14:01:35.065007
u000133,c006631,1.0,2025-06-17 12:36:30.825300
u000133,c006034,1.0,2025-07-11 18:00:12.069537
u000133,c008477,1.0,2025-07-20 08:37:39.431168
u000133,c009583,1.0,2025-07-26 14:12:46.420650
u000133,c008616,1.0,2025-08-06 04:55:25.740461
u000133,c009406,1.0,2025-08-07 12:25:22.731326
u000133,c008786,1.0,2025-08-31 20:04:54.567732
u000133,c009036,1.0,2025-09-08 20:30:30.702089
u000133,c009044,1.0,2025-09-15 07:01:31.604929
u000134,c008823,1.0,2024-11-12 21:15:26.270100
u000134,c009360,1.0,2024-11-24 15:36:08.377055
u000134,c009559,1.0,2024-12-16 12:00:43.299081
u000134,c009605,1.0,2025-01-01 21:42:06.207972
u000134,c008718,1.0,2025-01-05 20:45:05.427734
u000134,c008552,1.0,2025-03-25 21:49:52.743043
u000134,c009280,1.0,2025-04-13 15:57:48.457509
u000134,c009151,1.0,2025-04-28 16:26:18.204274
u000134,c009614,1.0,2025-05-02 15:59:59.925158
u000134,c008575,1.0,2025-05-10 13:02:31.831751
u000134,c006483,1.0,2025-07-22 05:41:49.760012
u000134,c009344,1.0,2025-09-08 14:19:16.874472
u000135,c007388,1.0,2025-02-21 14:48:39.465761
u000135,c007717,1.0,2025-03-12 10:33:34.065202
u000135,c007196,1.0,2025-05-15 09:12:52.351817
u000135,c007770,1.0,2025-05-27 18:48:49.971157
u000135,c007511,1.0,2025-09-13 20:00:27.289713
u000135,c007334,1.0,2025-09-18 02:38:54.722189
u000136,c008661,1.0,2024-11-23 01:42:51.082353
u000136,c009233,1.0,2024-12-08 13:09:56.708489
u000136,c008691,1.0,2024-12-24 07:48:46.169866
u000136,c008555,1.0,2025-01-26 04:25:01.761531
u000136,c008619,1.0,2025-02-19 13:28:23.979374
u000136,c009209,1.0,2025-02-21 15:55:20.912463
u000136,c008600,1.0,2025-03-06 14:41:49.478783
u000136,c008785,1.0,2025-04-15 20:26:41.060676
u000136,c009210,1.0,2025-05-08 19:23:09.162250
u000136,c008678,1.0,2025-08-27 06:48:24.025362
u000136,c008490,1.0,2025-08-28 01:16:16.933091
u000136,c006768,1.0,2025-09-20 05:14:17.765310
u000136,c007134,1.0,2025-09-25 02:32:16.796291
u000136,c008478,1.0,2025-10-20 02:00:22.354703
u000136,c008005,1.0,2025-11-06 00:25:50.835236
u000137,c009444,1.0,2024-12-15 16:45:31.434460
u000137,c009619,1.0,2025-01-15 03:09:45.902060
u000137,c008448,1.0,2025-04-07 14:10:49.917823
u000137,c009392,1.0,2025-05-30 12:06:45.912216
u000137,c007805,1.0,2025-06-13 10:47:35.486466
u000137,c007890,1.0,2025-06-29 11:06:22.717209
u000137,c008440,1.0,2025-07-10 07:21:52.276410
u000137,c007804,1.0,2025-09-25 22:49:14.404506
u000137,c008869,1.0,2025-10-25 03:26:19.730503
u000138,c007203,1.0,2024-12-23 19:13:45.150753
u000138,c009080,1.0,2025-01-22 23:05:23.207577
u000138,c008477,1.0,2025-02-02 15:20:31.928928
u000138,c008989,1.0,2025-02-22 23:59:07.261903
u000138,c008376,1.0,2025-03-13 02:26:40.170445
u000138,c007969,1.0,2025-03-18 05:48:14.780439
u000138,c009083,1.0,2025-03-25 13:34:47.296371
u000138,c009135,1.0,2025-04-09 02:20:03.780436
u000138,c007319,1.0,2025-06-05 00:59:28.064480
u000138,c008347,1.0,2025-06-17 19:37:00.950476
u000138,c008808,1.0,2025-07-12 20:46:59.405802
u000138,c007460,1.0,2025-08-22 11:05:40.313085
u000138,c009298,1.0,2025-09-23 10:49:51.280450
u000139,c008592,1.0,2024-11-24 03:52:47.124653
u000139,c008691,1.0,2024-12-10 12:58:14.891519
u000139,c008855,1.0,2025-02-24 03:38:18.827515
u000139,c008548,1.0,2025-04-10 11:24:05.470805
u000139,c007203,1.0,2025-05-23 21:28:47.751536
u000139,c008796,1.0,2025-06-13 23:11:16.128930
u000139,c009006,1.0,2025-08-08 07:52:49.155839
u000140,c009640,1.0,2025-04-13 07:30:14.363137
u000140,c008687,1.0,2025-04-29 07:36:37.816186
u000140,c008845,1.0,2025-05-13 19:39:56.986500
u000140,c008725,1.0,2025-06-27 20:11:17.513087
u000140,c009119,1.0,2025-08-25 15:08:23.805983
u000140,c008599,1.0,2025-08-26 12:34:40.017041
u000140,c009231,1.0,2025-09-02 01:36:01.381801
u000140,c009265,1.0,2025-09-13 11:52:40.355070
u000140,c007643,1.0,2025-10-14 00:37:08.201008
u000141,c009208,1.0,2024-11-28 04:30:13.800615
u000141,c009614,1.0,2024-12-09 03:05:32.391107
u000141,c007697,1.0,2025-01-06 02:52:56.722422
u000141,c008507,1.0,2025-02-05 15:19:17.775507
u000141,c009315,1.0,2025-03-06 04:36:29.865923
u000141,c008769,1.0,2025-03-09 20:47:47.939564
u000141,c007585,1.0,2025-05-12 22:45:26.576877
u000141,c008540,1.0,2025-06-25 01:15:26.769350
u000141,c007312,1.0,2025-07-06 12:20:54.258642
u000141,c009027,1.0,2025-07-13 07:35:01.476365
u000141,c008927,1.0,2025-08-22 05:27:16.727334
u000141,c008594,1.0,2025-10-15 22:04:24.132862
u000141,c009235,1.0,2025-10-23 17:26:09.583158
u000141,c009168,1.0,2025-11-02 13:13:09.651815
u000142,c006211,1.0,2024-12-23 13:02:36.799916
u000142,c008478,1.0,2025-01-26 17:38:46.763616
u000142,c009482,1.0,2025-03-14 06:04:15.184098
u000142,c008691,1.0,2025-07-19 16:32:27.330314
u000142,c009212,1.0,2025-10-11 12:49:54.925182
u000142,c008668,1.0,2025-10-23 08:22:25.205617
u000143,c006108,1.0,2024-11-18 05:05:28.627714
u000143,c006446,1.0,2025-02-13 16:29:07.700717
u000143,c006852,1.0,2025-02-17 00:04:08.089479
u000143,c006040,1.0,2025-04-12 00:26:34.219051
u000143,c006429,1.0,2025-05-22 08:41:39.518747
u000143,c006871,1.0,2025-05-24 18:50:39.909528
u000143,c006438,1.0,2025-06-23 23:54:08.019842
u000143,c006618,1.0,2025-07-15 04:40:06.923246
u000143,c008795,1.0,2025-07-28 17:41:44.509729
u000143,c006377,1.0,2025-08-14 09:00:09.805582
u000143,c008575,1.0,2025-09-09 19:28:02.647715
u000144,c009322,1.0,2024-11-21 10:41:06.476508
u000144,c008691,1.0,2025-02-18 03:41:40.727583
u000144,c009392,1.0,2025-07-15 02:34:54.569143
u000144,c007890,1.0,2025-08-24 01:14:02.243473
u000145,c008798,1.0,2025-01-26 03:01:50.314674
u000145,c009012,1.0,2025-03-29 13:36:31.847824
u000145,c009556,1.0,2025-04-15 13:36:44.474127
u000145,c008988,1.0,2025-06-15 06:38:50.720733
u000145,c009231,1.0,2025-07-22 15:29:32.233024
u000145,c009059,1.0,2025-08-27 10:23:26.209268
u000146,c006534,1.0,2024-11-07 13:41:53.194475
u000146,c006241,1.0,2024-12-17 13:43:15.030465
u000146,c006396,1.0,2024-12-20 14:56:06.295439
u000146,c006677,1.0,2025-04-06 08:38:09.009151
u000146,c006410,1.0,2025-10-20 16:27:00.268163
u000146,c006540,1.0,2025-11-06 12:23:03.919036
u000147,c006078,1.0,2025-02-07 20:36:01.093321
u000147,c009344,1.0,2025-09-12 21:27:49.901658
u000147,c008638,1.0,2025-10-11 22:13:14.947078
u000147,c008577,1.0,2025-11-02 01:58:10.426220
u000148,c006581,1.0,2024-12-25 14:13:02.582438
u000148,c006816,1.0,2025-02-28 09:42:47.030839
u000148,c006665,1.0,2025-04-01 21:22:36.850175
u000149,c008748,1.0,2024-11-20 00:22:19.388969
u000149,c009497,1.0,2024-12-03 12:38:07.567868
u000149,c007277,1.0,2024-12-10 21:23:07.481662
u000149,c006730,1.0,2025-01-10 18:26:54.865121
u000149,c008480,1.0,2025-01-13 15:09:19.015970
u000149,c007379,1.0,2025-01-15 12:56:51.909283
u000149,c008764,1.0,2025-02-11 01:29:20.089163
u000149,c008695,1.0,2025-03-11 22:44:32.383376
u000149,c007269,1.0,2025-05-07 07:18:29.037714
u000149,c007708,1.0,2025-05-07 12:37:14.602076
u000149,c007645,1.0,2025-05-12 01:51:02.152419
u000149,c007276,1.0,2025-06-08 19:06:43.458104
u000149,c008470,1.0,2025-06-16 21:30:30.598830
u000149,c008890,1.0,2025-07-01 18:55:25.958947
u000149,c008739,1.0,2025-09-24 16:39:21.659374
u000150,c006153,1.0,2024-12-09 20:20:15.462637
u000150,c006338,1.0,2024-12-24 05:12:43.506334
u000150,c001727,1.0,2025-01-03 14:20:39.675112
u000150,c006355,1.0,2025-02-14 19:42:19.945445
u000150,c009084,1.0,2025-03-12 17:49:05.894340
u000150,c006437,1.0,2025-05-07 14:59:22.860625
u000150,c007975,1.0,2025-07-18 11:13:37.470522
u000151,c006823,1.0,2024-12-08 17:53:26.335085
u000151,c006504,1.0,2025-01-31 08:36:38.851973
u000151,c006056,1.0,2025-04-16 20:07:01.250426
u000151,c007067,1.0,2025-06-07 00:31:04.039684
u000151,c006817,1.0,2025-07-02 18:41:52.199053
u000152,c009644,1.0,2024-12-06 07:33:14.340666
u000152,c007039,1.0,2025-04-10 07:01:50.205348
u000152,c006171,1.0,2025-10-30 10:16:47.262917
u000153,c009246,1.0,2024-11-22 13:30:08.442319
u000153,c009004,1.0,2025-01-08 18:43:50.783911
u000153,c008629,1.0,2025-02-11 03:33:34.553036
u000153,c008948,1.0,2025-05-25 23:35:06.443035
u000153,c009160,1.0,2025-06-01 03:29:28.808958
u000153,c008462,1.0,2025-06-18 07:52:14.345378
u000153,c009644,1.0,2025-10-12 05:33:49.463241
u000154,c007449,1.0,2025-07-02 19:59:02.471480
u000154,c007719,1.0,2025-07-06 19:59:10.698889
u000154,c007768,1.0,2025-08-24 13:50:30.147251
u000154,c007624,1.0,2025-10-18 11:34:13.220175
u000155,c008671,1.0,2025-02-03 00:14:34.153302
u000155,c008917,1.0,2025-02-09 16:37:35.401052
u000155,c009458,1.0,2025-02-11 14:52:15.299481
u000155,c008604,1.0,2025-03-20 17:17:51.444122
u000155,c008703,1.0,2025-05-01 06:29:54.643216
u000155,c006725,1.0,2025-07-26 18:15:53.909439
u000155,c008656,1.0,2025-10-10 08:43:47.254130
u000156,c009014,1.0,2024-12-03 14:25:43.346761
u000156,c008894,1.0,2024-12-13 17:07:34.948046
u000156,c007966,1.0,2025-01-10 21:14:56.284020
u000156,c009646,1.0,2025-01-13 22:08:32.053165
u000156,c009614,1.0,2025-01-25 21:36:51.864092
u000156,c008858,1.0,2025-02-27 21:20:44.345918
u000156,c008873,1.0,2025-03-04 20:05:23.008425
u000156,c009553,1.0,2025-05-22 16:51:05.303330
u000156,c009251,1.0,2025-05-23 00:26:14.535755
u000156,c007191,1.0,2025-06-20 01:54:52.421804
u000156,c009442,1.0,2025-07-31 01:12:35.873362
u000156,c009295,1.0,2025-08-13 00:33:19.066331
u000156,c008727,1.0,2025-09-07 23:27:45.134775
u000156,c008958,1.0,2025-10-09 20:13:55.335244
u000157,c009592,1.0,2025-03-04 06:12:19.985063
u000157,c008858,1.0,2025-05-15 03:33:35.487373
u000157,c008873,1.0,2025-07-30 12:58:03.340862
u000157,c009553,1.0,2025-09-04 23:48:07.691687
u000157,c008756,1.0,2025-10-06 23:03:15.304212
u000158,c008553,1.0,2024-11-09 04:11:52.002333
u000158,c008252,1.0,2024-11-18 06:27:53.440430
u000158,c009335,1.0,2025-02-06 02:40:40.202024
u000158,c007863,1.0,2025-02-08 00:25:25.784738
u000158,c008682,1.0,2025-03-26 15:51:21.031233
u000158,c008968,1.0,2025-04-07 14:08:05.424968
u000158,c008012,1.0,2025-04-14 16:09:45.237750
u000158,c008971,1.0,2025-04-15 17:54:30.501135
u000158,c008063,1.0,2025-04-28 20:53:52.268426
u000158,c007883,1.0,2025-04-29 00:40:42.318715
u000158,c008891,1.0,2025-05-22 04:11:17.389782
u000158,c009073,1.0,2025-06-06 21:13:36.771271
u000158,c009289,1.0,2025-07-16 20:46:08.045434
u000158,c009210,1.0,2025-10-04 04:12:35.940969
u000159,c009496,1.0,2025-02-05 16:58:49.033853
u000159,c008616,1.0,2025-03-31 12:54:21.650820
u000159,c008755,1.0,2025-06-28 00:17:33.133694
u000160,c009396,1.0,2024-12-14 05:29:13.885567
u000160,c007967,1.0,2024-12-15 11:43:44.872045
u000160,c007970,1.0,2024-12-19 17:54:57.301856
u000160,c009057,1.0,2025-01-09 17:50:14.417753
u000160,c008640,1.0,2025-01-20 17:02:13.602008
u000160,c008596,1.0,2025-02-16 23:48:17.918520
u000160,c009058,1.0,2025-05-15 08:28:01.696287
u000160,c008075,1.0,2025-06-19 03:10:43.404197
u000160,c008772,1.0,2025-08-06 05:20:31.423180
u000160,c007979,1.0,2025-08-28 03:22:54.155349
u000160,c008572,1.0,2025-09-07 23:08:47.840537
u000160,c008780,1.0,2025-09-25 17:58:38.970560
u000161,c009012,1.0,2024-11-18 19:44:49.940577
u000161,c008594,1.0,2025-01-10 06:33:46.472900
u000161,c008486,1.0,2025-02-08 05:25:56.613392
u000161,c009184,1.0,2025-05-29 01:07:48.787060
u000161,c009493,1.0,2025-06-15 00:52:00.086345
u000161,c009235,1.0,2025-08-01 03:54:11.688465
u000161,c008552,1.0,2025-08-16 00:14:52.144954
u000161,c009163,1.0,2025-09-21 10:05:10.077078
u000161,c008949,1.0,2025-10-29 04:18:48.385378
u000162,c007203,1.0,2025-02-18 05:03:25.695938
u000162,c007664,1.0,2025-04-10 05:32:21.413981
u000162,c007501,1.0,2025-04-30 12:33:46.895228
u000162,c009218,1.0,2025-05-12 16:21:28.783481
u000162,c007460,1.0,2025-07-15 04:59:29.180791
u000162,c007225,1.0,2025-08-10 03:33:22.217266
u000162,c007724,1.0,2025-08-23 08:10:10.916451
u000162,c007714,1.0,2025-08-28 09:26:20.955510
u000162,c007454,1.0,2025-08-31 12:35:52.837846
u000162,c007351,1.0,2025-09-01 01:15:32.081363
u000162,c009288,1.0,2025-09-17 16:06:15.708172
u000162,c008958,1.0,2025-11-06 05:30:57.604507
u000163,c008815,1.0,2024-11-07 23:36:32.929975
u000163,c007111,1.0,2025-02-09 06:02:28.100385
u000163,c007396,1.0,2025-03-12 12:29:31.502375
u000163,c007672,1.0,2025-03-31 18:07:01.193909
u000163,c006015,1.0,2025-05-15 19:06:19.071588
u000163,c008418,1.0,2025-05-26 22:04:45.315375
u000163,c007651,1.0,2025-06-21 01:10:03.219293
u000163,c007968,1.0,2025-06-23 21:13:17.824607
u000163,c006513,1.0,2025-08-21 10:26:49.374321
u000163,c007561,1.0,2025-08-25 03:37:11.639095
u000163,c007429,1.0,2025-09-02 01:42:12.533325
u000163,c008487,1.0,2025-09-03 17:07:37.331195
u000163,c007112,1.0,2025-09-14 10:37:45.810540
u000163,c007625,1.0,2025-10-14 01:15:59.442361
u000163,c007782,1.0,2025-10-15 23:02:29.002062
u000164,c008870,1.0,2024-12-01 13:08:42.487578
u000164,c008862,1.0,2024-12-14 00:17:08.055675
u000164,c009364,1.0,2025-04-28 21:31:34.752481
u000164,c009510,1.0,2025-10-15 20:44:35.668628
u000165,c009190,1.0,2024-12-22 08:22:46.899633
u000165,c009227,1.0,2024-12-23 09:03:05.425927
u000165,c008935,1.0,2025-06-02 09:15:51.547831
u000166,c009268,1.0,2024-12-19 23:37:12.421382
u000166,c008347,1.0,2024-12-20 05:43:23.299756
u000166,c008895,1.0,2024-12-30 09:12:45.360351
u000166,c008376,1.0,2025-02-18 12:41:05.350948
u000166,c008030,1.0,2025-04-13 12:48:59.499936
u000166,c009614,1.0,2025-04-29 08:42:53.649805
u000166,c008894,1.0,2025-06-09 18:25:33.339340
u000166,c009442,1.0,2025-08-05 16:23:41.014209
u000166,c007518,1.0,2025-10-30 03:09:27.653623
u000167,c009292,1.0,2024-11-13 22:56:14.971201
u000167,c009428,1.0,2025-01-03 04:12:47.045432
u000167,c009091,1.0,2025-01-11 16:35:26.341333
u000167,c008478,1.0,2025-02-14 13:26:26.919745
u000167,c008704,1.0,2025-03-18 00:36:13.702050
u000167,c009510,1.0,2025-04-16 03:17:18.620213
u000167,c007062,1.0,2025-08-06 09:01:05.929423
u000167,c006046,1.0,2025-08-09 23:52:22.329044
u000167,c008691,1.0,2025-08-17 22:43:28.555050
u000167,c007994,1.0,2025-08-25 03:20:33.638621
u000168,c006326,1.0,2024-11-21 18:48:53.924421
u000168,c009025,1.0,2024-12-16 21:11:58.191138
u000168,c009311,1.0,2025-02-01 02:41:42.568420
u000168,c006831,1.0,2025-02-23 01:08:53.773557
u000168,c006972,1.0,2025-02-25 00:26:03.365583
u000168,c007166,1.0,2025-03-01 17:27:34.383669
u000168,c008505,1.0,2025-03-26 01:24:36.887449
u000168,c009645,1.0,2025-04-23 01:23:12.095460
u000168,c008512,1.0,2025-06-01 22:52:20.516048
u000168,c008808,1.0,2025-06-05 01:05:46.922577
u000168,c007171,1.0,2025-09-05 08:32:04.962994
u000168,c007170,1.0,2025-09-23 07:19:06.785460
u000168,c007043,1.0,2025-10-05 17:48:20.380795
u000169,c008952,1.0,2025-01-01 02:15:01.385023
u000169,c009352,1.0,2025-01-06 06:50:59.359705
u000169,c009536,1.0,2025-01-09 17:03:58.949558
u000169,c008675,1.0,2025-03-06 06:48:38.119877
u000169,c009491,1.0,2025-07-05 05:29:40.626163
u000169,c009274,1.0,2025-10-26 16:20:02.160980
u000169,c008634,1.0,2025-11-03 21:47:48.698438
u000170,c009307,1.0,2024-11-13 17:56:01.323522
u000170,c009184,1.0,2024-12-21 09:38:40.818207
u000170,c009518,1.0,2024-12-24 13:14:46.721008
u000170,c007954,1.0,2025-01-14 09:11:07.257357
u000170,c007670,1.0,2025-03-04 04:15:49.775954
u000170,c008917,1.0,2025-03-31 22:40:00.630249
u000170,c007620,1.0,2025-04-06 02:53:51.928592
u000170,c008992,1.0,2025-04-21 22:47:04.168732
u000170,c009522,1.0,2025-04-23 21:51:33.161547
u000170,c009170,1.0,2025-05-14 02:35:24.913697
u000170,c009644,1.0,2025-06-09 20:19:21.122353
u000170,c009641,1.0,2025-06-20 11:07:14.489847
u000170,c006484,1.0,2025-08-09 22:02:39.088937
u000170,c008544,1.0,2025-09-23 03:03:18.297149
u000171,c009226,1.0,2024-11-17 16:22:09.083132
u000171,c009272,1.0,2024-11-24 15:07:14.782842
u000171,c006188,1.0,2024-12-09 17:40:33.598479
u000171,c008776,1.0,2024-12-28 11:43:55.026165
u000171,c009012,1.0,2025-03-20 11:52:46.090639
u000171,c006484,1.0,2025-05-01 14:33:44.689214
u000171,c006859,1.0,2025-05-09 12:27:55.450383
u000171,c006034,1.0,2025-07-08 00:51:22.452051
u000171,c009231,1.0,2025-09-18 20:12:44.273921
u000172,c007356,1.0,2025-01-04 09:52:11.571230
u000172,c007699,1.0,2025-02-03 10:11:31.548805
u000172,c007963,1.0,2025-02-14 23:07:25.540679
u000172,c009184,1.0,2025-07-05 23:30:24.717693
u000172,c008681,1.0,2025-07-21 17:31:35.964067
u000172,c006041,1.0,2025-08-09 10:49:29.767839
u000172,c007815,1.0,2025-08-30 19:17:11.194553
u000172,c009212,1.0,2025-11-03 06:28:10.011844
u000173,c007042,1.0,2025-01-12 05:29:50.050385
u000173,c006365,1.0,2025-01-19 20:38:11.178870
u000173,c007036,1.0,2025-01-23 00:07:49.647291
u000173,c009007,1.0,2025-03-07 20:25:02.909150
u000173,c008691,1.0,2025-03-31 21:48:32.138695
u000173,c006466,1.0,2025-04-14 11:58:50.263190
u000173,c006072,1.0,2025-05-07 04:13:00.579706
u000173,c008923,1.0,2025-06-22 07:01:14.606562
u000173,c006677,1.0,2025-07-31 06:00:27.421649
u000173,c007531,1.0,2025-10-09 18:24:08.214711
u000173,c006138,1.0,2025-10-29 20:26:53.788413
u000174,c008683,1.0,2024-11-07 04:54:23.628863
u000174,c008949,1.0,2024-11-21 02:04:22.310008
u000174,c008769,1.0,2024-11-26 05:21:26.800026
u000174,c000489,1.0,2025-01-10 01:14:15.620307
u000174,c008594,1.0,2025-01-19 02:38:00.626003
u000174,c009184,1.0,2025-01-26 12:07:18.989727
u000174,c009124,1.0,2025-02-13 21:09:17.083900
u000174,c009303,1.0,2025-02-14 11:44:47.831114
u000174,c009603,1.0,2025-03-05 20:14:06.104230
u000174,c007996,1.0,2025-03-11 02:22:50.034396
u000174,c008509,1.0,2025-04-28 18:59:57.748741
u000174,c009235,1.0,2025-07-01 13:45:41.769485
u000174,c009493,1.0,2025-07-16 15:01:15.924880
u000175,c009487,1.0,2024-11-19 14:39:22.337903
u000175,c007109,1.0,2024-12-17 12:21:03.708779
u000175,c006793,1.0,2024-12-25 04:29:20.471978
u000175,c006393,1.0,2024-12-28 19:11:33.938742
u000175,c009301,1.0,2025-01-03 08:38:54.092367
u000175,c008700,1.0,2025-02-14 18:24:33.982152
u000175,c006444,1.0,2025-02-17 12:30:30.738327
u000175,c006637,1.0,2025-02-26 17:33:43.106100
u000175,c008978,1.0,2025-07-05 19:25:27.629085
u000175,c009359,1.0,2025-09-22 04:53:36.041085
u000176,c009433,1.0,2024-12-31 02:42:13.083809
u000176,c009428,1.0,2025-01-06 22:50:36.771974
u000176,c009068,1.0,2025-01-16 14:25:01.763372
u000176,c008688,1.0,2025-02-04 15:07:12.315960
u000176,c006531,1.0,2025-03-12 16:56:44.619891
u000176,c006684,1.0,2025-03-13 07:19:01.068030
u000176,c006211,1.0,2025-04-12 01:08:51.410602
u000176,c008539,1.0,2025-05-10 18:42:26.830448
u000176,c008560,1.0,2025-06-01 19:05:36.769145
u000176,c008608,1.0,2025-06-10 08:25:41.244738
u000176,c009123,1.0,2025-06-18 04:59:26.705624
u000176,c008481,1.0,2025-08-23 12:32:05.831795
u000176,c009322,1.0,2025-10-01 19:08:35.164405
u000177,c009260,1.0,2024-11-24 22:43:11.860002
u000177,c009559,1.0,2024-12-24 18:08:57.568114
u000177,c008610,1.0,2025-02-01 06:04:29.156276
u000177,c007882,1.0,2025-07-13 17:21:33.698167
u000177,c009151,1.0,2025-08-06 03:15:59.135773
u000177,c009032,1.0,2025-10-04 18:16:24.217013
u000178,c008908,1.0,2024-11-08 11:20:45.400131
u000178,c008628,1.0,2024-11-09 01:51:46.708801
u000178,c009255,1.0,2024-12-04 05:46:50.285516
u000178,c008727,1.0,2024-12-06 18:24:43.394649
u000178,c008764,1.0,2025-02-15 11:37:23.046893
u000178,c008682,1.0,2025-02-27 12:15:51.371512
u000178,c008902,1.0,2025-03-31 21:26:19.299318
u000178,c009430,1.0,2025-04-13 00:56:11.811617
u000178,c007966,1.0,2025-04-18 20:50:41.078937
u000178,c009461,1.0,2025-06-08 12:06:31.077990
u000178,c008571,1.0,2025-07-04 02:53:53.725857
u000178,c008910,1.0,2025-10-07 07:35:58.868524
u000178,c008777,1.0,2025-10-25 19:15:02.890972
u000178,c009136,1.0,2025-11-06 00:11:43.991197
u000179,c008912,1.0,2024-11-12 16:13:14.459641
u000179,c008034,1.0,2025-02-01 03:25:33.739639
u000179,c008572,1.0,2025-02-15 02:42:41.752567
u000179,c008733,1.0,2025-04-12 02:19:14.661341
u000179,c007995,1.0,2025-05-08 14:06:35.804233
u000179,c009265,1.0,2025-05-11 04:19:24.016642
u000179,c009165,1.0,2025-05-23 04:12:11.848142
u000179,c009491,1.0,2025-05-27 11:41:04.642726
u000179,c007800,1.0,2025-07-07 13:21:00.349233
u000179,c008832,1.0,2025-07-21 20:06:59.692068
u000179,c008976,1.0,2025-07-25 16:16:12.898026
u000179,c009469,1.0,2025-10-16 04:32:46.365193
u000180,c009235,1.0,2024-12-26 17:26:54.373040
u000180,c008769,1.0,2024-12-27 04:47:39.157925
u000180,c008683,1.0,2025-01-19 11:34:51.113793
u000180,c009403,1.0,2025-02-24 21:35:53.088651
u000180,c008572,1.0,2025-03-30 23:36:00.319188
u000180,c009303,1.0,2025-07-04 06:36:47.935789
u000180,c008596,1.0,2025-07-31 19:36:23.468737
u000180,c006180,1.0,2025-08-16 21:30:43.466466
u000180,c009355,1.0,2025-08-27 21:43:41.356193
u000181,c006794,1.0,2025-02-04 02:56:03.379890
u000181,c008639,1.0,2025-04-14 01:33:03.336697
u000181,c007155,1.0,2025-05-15 09:59:01.311242
u000181,c007098,1.0,2025-05-28 05:30:34.352037
u000181,c007012,1.0,2025-06-08 04:45:38.369803
u000181,c006289,1.0,2025-06-26 18:19:18.615730
u000181,c006935,1.0,2025-07-18 20:41:30.761828
u000182,c009262,1.0,2024-12-20 21:03:08.106861
u000182,c008988,1.0,2024-12-21 06:48:02.829610
u000182,c006459,1.0,2025-01-24 23:11:37.411245
u000182,c009107,1.0,2025-03-05 02:51:16.913346
u000182,c008672,1.0,2025-03-28 06:21:21.360030
u000182,c007449,1.0,2025-04-25 19:31:27.898560
u000182,c009012,1.0,2025-06-03 16:56:39.855039
u000182,c009087,1.0,2025-07-08 15:48:25.093147
u000182,c008496,1.0,2025-07-13 23:24:00.050342
u000182,c008987,1.0,2025-08-07 04:31:06.213751
u000182,c008681,1.0,2025-08-31 07:20:15.568445
u000182,c009051,1.0,2025-09-23 20:38:28.921776
u000182,c009060,1.0,2025-10-16 09:28:28.870660
u000183,c008572,1.0,2024-11-26 08:08:54.506219
u000183,c007454,1.0,2025-01-29 00:25:10.387641
u000183,c009360,1.0,2025-05-19 20:46:31.150374
u000183,c008927,1.0,2025-06-12 02:34:45.097473
u000183,c009403,1.0,2025-06-12 02:52:59.880042
u000183,c008540,1.0,2025-07-04 03:47:54.579545
u000183,c009184,1.0,2025-07-17 03:06:37.137437
u000183,c007696,1.0,2025-08-19 16:38:51.026392
u000183,c008769,1.0,2025-08-26 02:40:44.441221
u000183,c009124,1.0,2025-10-31 23:03:41.222285
u000184,c007575,1.0,2024-11-10 05:43:36.552835
u000184,c007224,1.0,2024-11-18 05:43:07.577211
u000184,c007661,1.0,2025-03-03 00:40:07.417427
u000184,c007510,1.0,2025-03-22 01:55:56.234999
u000184,c007686,1.0,2025-06-21 14:47:47.435127
u000184,c007360,1.0,2025-06-23 14:17:35.746639
u000185,c006689,1.0,2024-12-14 11:56:42.815591
u000185,c006199,1.0,2025-01-15 02:05:46.215483
u000185,c006165,1.0,2025-02-26 23:52:32.877210
u000185,c007000,1.0,2025-03-08 08:10:08.142239
u000185,c006535,1.0,2025-06-25 22:48:00.451051
u000185,c009335,1.0,2025-10-08 10:42:39.333842
u000186,c008998,1.0,2025-01-20 11:02:14.445056
u000186,c008672,1.0,2025-01-31 14:55:00.642082
u000186,c009023,1.0,2025-04-02 21:39:59.353012
u000186,c008496,1.0,2025-05-19 23:10:35.528804
u000186,c009051,1.0,2025-07-02 09:37:30.821647
u000186,c009060,1.0,2025-07-21 01:16:39.861976
u000186,c006012,1.0,2025-08-16 09:14:41.502838
u000187,c009120,1.0,2025-04-15 12:48:30.848346
u000187,c009003,1.0,2025-09-09 10:36:59.521584
u000187,c008527,1.0,2025-10-08 11:22:48.184155
u000188,c009124,1.0,2025-01-03 22:39:55.199226
u000188,c009360,1.0,2025-01-28 04:22:45.707396
u000188,c008872,1.0,2025-01-29 16:32:54.002632
u000188,c008639,1.0,2025-02-04 13:52:03.485051
u000188,c009270,1.0,2025-03-02 06:59:32.675414
u000188,c008968,1.0,2025-04-01 02:50:26.984880
u000188,c008751,1.0,2025-09-06 01:09:17.830712
u000188,c009179,1.0,2025-10-30 15:44:12.429683
u000188,c009356,1.0,2025-11-06 11:05:01.808500
u000189,c009187,1.0,2025-02-20 21:18:50.393531
u000189,c008725,1.0,2025-03-12 07:19:10.381678
u000189,c009351,1.0,2025-03-19 20:33:42.528607
u000189,c008687,1.0,2025-04-06 07:56:03.695532
u000189,c008776,1.0,2025-04-06 19:57:26.559257
u000189,c008734,1.0,2025-04-07 19:42:00.107627
u000189,c009362,1.0,2025-05-28 15:58:37.609152
u000189,c009580,1.0,2025-06-29 17:31:22.943249
u000189,c009524,1.0,2025-07-16 11:45:59.913923
u000189,c008955,1.0,2025-08-10 20:26:40.607798
u000189,c009374,1.0,2025-08-19 23:59:25.158430
u000189,c008686,1.0,2025-09-05 01:24:33.831711
u000189,c008497,1.0,2025-10-15 00:04:13.028290
u000189,c009138,1.0,2025-11-04 23:26:41.523772
u000190,c008540,1.0,2025-01-05 23:37:10.773501
u000190,c008627,1.0,2025-02-20 00:23:34.179079
u000190,c009235,1.0,2025-04-20 07:31:21.233597
u000191,c009487,1.0,2024-11-21 10:11:30.294143
u000191,c007350,1.0,2024-11-27 02:01:41.985235
u000191,c008699,1.0,2025-01-09 19:25:04.614690
u000191,c007203,1.0,2025-01-25 23:39:00.831288
u000191,c007692,1.0,2025-01-28 20:44:18.788143
u000191,c007210,1.0,2025-04-30 05:54:13.051792
u000191,c007302,1.0,2025-05-08 09:06:40.001254
u000191,c007998,1.0,2025-06-21 16:57:48.789409
u000191,c008700,1.0,2025-09-10 11:28:12.937672
u000191,c007195,1.0,2025-09-22 01:27:46.500614
u000192,c009212,1.0,2024-11-08 05:25:45.549717
u000192,c008790,1.0,2024-11-29 18:36:00.659800
u000192,c008677,1.0,2025-01-25 04:37:13.639847
u000192,c009210,1.0,2025-03-05 09:37:20.671058
u000192,c008787,1.0,2025-04-28 20:27:27.302599
u000193,c008751,1.0,2024-11-08 00:53:35.660429
u000193,c006562,1.0,2024-11-15 03:14:34.083339
u000193,c008731,1.0,2024-11-26 16:23:01.670199
u000193,c008808,1.0,2025-03-27 08:37:36.861913
u000193,c009340,1.0,2025-05-19 11:45:21.414002
u000193,c009388,1.0,2025-06-03 19:48:09.189056
u000193,c006022,1.0,2025-06-16 22:31:28.445990
u000193,c009416,1.0,2025-07-10 20:04:49.372380
u000193,c009004,1.0,2025-07-13 15:42:17.640149
u000193,c008495,1.0,2025-09-19 00:26:48.633249
u000193,c009299,1.0,2025-09-29 12:16:28.265891
u000194,c009570,1.0,2024-11-08 11:46:02.373353
u000194,c009051,1.0,2024-12-12 21:58:26.479836
u000194,c009012,1.0,2024-12-14 05:33:28.654338
u000194,c008754,1.0,2024-12-14 10:28:20.154188
u000194,c009653,1.0,2024-12-27 02:28:28.510915
u000194,c008978,1.0,2025-01-16 07:14:59.922572
u000194,c008558,1.0,2025-01-31 23:12:36.054866
u000194,c008871,1.0,2025-04-17 07:11:14.593489
u000194,c008648,1.0,2025-05-01 06:05:38.437524
u000194,c009539,1.0,2025-05-30 13:56:28.491103
u000194,c008520,1.0,2025-08-25 22:58:12.844630
u000194,c008835,1.0,2025-10-07 00:02:01.749207
u000195,c008596,1.0,2024-12-14 10:32:23.714668
u000195,c009629,1.0,2025-01-19 09:33:12.074013
u000195,c003320,1.0,2025-04-30 19:30:10.401169
u000195,c009005,1.0,2025-05-11 19:02:57.296695
u000195,c008572,1.0,2025-07-03 05:37:51.122088
u000195,c009398,1.0,2025-09-02 20:22:44.844954
u000196,c008515,1.0,2024-12-17 20:25:16.469961
u000196,c008029,1.0,2025-01-10 18:12:00.615648
u000196,c009222,1.0,2025-01-18 18:22:18.129036
u000196,c009184,1.0,2025-02-25 08:07:28.461602
u000196,c007986,1.0,2025-03-24 23:22:03.929883
u000196,c009163,1.0,2025-06-05 14:17:00.727990
u000196,c008808,1.0,2025-07-27 13:13:32.605863
u000196,c008067,1.0,2025-07-31 19:48:16.328716
u000196,c007880,1.0,2025-08-09 23:27:42.442648
u000196,c008031,1.0,2025-10-22 09:18:12.931728
u000196,c009363,1.0,2025-11-01 19:34:01.439246
u000197,c009003,1.0,2024-12-10 15:36:36.619033
u000197,c008545,1.0,2025-02-02 23:32:45.777531
u000197,c008945,1.0,2025-02-10 14:27:51.971410
u000197,c008808,1.0,2025-05-28 02:00:16.944283
u000197,c008766,1.0,2025-11-03 17:26:26.796638
u000198,c009047,1.0,2025-01-13 00:03:34.820044
u000198,c008827,1.0,2025-02-17 17:04:20.708993
u000198,c009119,1.0,2025-02-22 09:02:46.348102
u000199,c007378,1.0,2025-02-04 22:22:39.535227
u000199,c007697,1.0,2025-03-12 08:32:18.077222
u000199,c007344,1.0,2025-04-15 15:38:41.150759
u000199,c007783,1.0,2025-06-14 16:43:17.765229
u000199,c007316,1.0,2025-08-04 21:41:55.858507
u000199,c007234,1.0,2025-08-13 09:33:29.787958
u000199,c007279,1.0,2025-10-09 02:46:23.060707
u000200,c009234,1.0,2025-03-19 15:06:12.706367
u000200,c009164,1.0,2025-04-07 22:49:04.471096
u000200,c009546,1.0,2025-06-12 06:34:39.541352
u000200,c009097,1.0,2025-07-02 11:03:45.496010
u000200,c009041,1.0,2025-07-04 22:44:21.347525
u000200,c008496,1.0,2025-08-08 18:27:29.214823
u000200,c008805,1.0,2025-10-02 22:58:02.357071
u000200,c008808,1.0,2025-10-11 16:45:51.676332
u000201,c008589,1.0,2024-11-17 21:30:50.736484
u000201,c008470,1.0,2024-12-29 21:57:07.988240
u000201,c009212,1.0,2025-03-02 02:17:55.549494
u000201,c009222,1.0,2025-06-12 21:27:23.459465
u000201,c008880,1.0,2025-11-05 18:44:41.267634
u000202,c007376,1.0,2024-11-18 06:46:57.323183
u000202,c009091,1.0,2024-12-30 19:06:50.570775
u000202,c008615,1.0,2025-01-05 12:19:23.116291
u000202,c008785,1.0,2025-01-14 18:05:27.760741
u000202,c007417,1.0,2025-01-28 12:58:57.958763
u000202,c007313,1.0,2025-02-12 13:23:48.435829
u000202,c008691,1.0,2025-03-07 18:06:02.420022
u000202,c008555,1.0,2025-03-15 20:38:20.336406
u000202,c008945,1.0,2025-03-16 07:34:36.173495
u000202,c008520,1.0,2025-04-26 21:14:53.976511
u000202,c008651,1.0,2025-07-30 08:01:00.663392
u000202,c007312,1.0,2025-08-16 15:11:18.900183
u000202,c007446,1.0,2025-09-01 11:27:46.925603
u000202,c009492,1.0,2025-10-23 05:53:22.063426
u000203,c009204,1.0,2024-11-09 00:02:24.242016
u000203,c009212,1.0,2025-02-13 14:43:15.657204
u000203,c009135,1.0,2025-03-15 08:40:08.082430
u000203,c008757,1.0,2025-04-18 12:15:00.463642
u000203,c008785,1.0,2025-05-22 00:24:20.982936
u000203,c009515,1.0,2025-06-04 13:04:57.662432
u000203,c008685,1.0,2025-08-03 12:19:34.992356
u000203,c008539,1.0,2025-09-01 16:37:18.765423
u000203,c008808,1.0,2025-09-04 14:14:12.559779
u000203,c009205,1.0,2025-10-23 11:02:26.636680
u000204,c007287,1.0,2024-11-16 07:54:27.456057
u000204,c007187,1.0,2024-12-23 16:37:36.286138
u000204,c008742,1.0,2025-01-21 16:30:54.397596
u000204,c007450,1.0,2025-01-22 08:51:31.521414
u000204,c006119,1.0,2025-04-20 11:06:46.054167
u000204,c009208,1.0,2025-06-04 01:06:57.840327
u000204,c009539,1.0,2025-07-14 02:57:03.796977
u000204,c007206,1.0,2025-10-17 14:26:46.211975
u000204,c009303,1.0,2025-11-06 10:50:09.075973
u000205,c008509,1.0,2025-02-01 10:09:55.260575
u000205,c008627,1.0,2025-02-28 23:16:00.560625
u000205,c009270,1.0,2025-07-06 22:45:32.394090
u000205,c008486,1.0,2025-08-06 02:44:52.405117
u000206,c001332,1.0,2025-01-18 04:50:31.843011
u000206,c009234,1.0,2025-02-17 16:29:25.888322
u000206,c009256,1.0,2025-02-23 14:10:38.964574
u000206,c001402,1.0,2025-02-26 16:23:12.862617
u000206,c002404,1.0,2025-03-12 02:40:46.064045
u000206,c008600,1.0,2025-03-13 10:20:44.712142
u000206,c008566,1.0,2025-05-15 05:36:24.088295
u000206,c009325,1.0,2025-08-08 09:45:35.475618
u000206,c008501,1.0,2025-08-29 17:18:17.327668
u000206,c008685,1.0,2025-09-09 07:47:29.014690
u000206,c008554,1.0,2025-09-09 23:44:12.784654
u000206,c009546,1.0,2025-10-06 22:20:48.719875
u000206,c008619,1.0,2025-10-21 06:48:29.545962
u000207,c008794,1.0,2024-12-13 19:18:03.653728
u000207,c008948,1.0,2024-12-31 08:24:41.877213
u000207,c008629,1.0,2025-02-25 08:55:35.136616
u000207,c008764,1.0,2025-03-08 08:50:44.402038
u000207,c009245,1.0,2025-03-19 16:05:30.013401
u000207,c009290,1.0,2025-07-09 13:11:12.919733
u000207,c008817,1.0,2025-09-23 16:52:04.438120
u000207,c009382,1.0,2025-10-12 02:39:56.614689
u000208,c007256,1.0,2024-12-23 15:29:43.294064
u000208,c007694,1.0,2025-03-05 20:28:31.535208
u000208,c007761,1.0,2025-07-11 21:01:27.346559
u000208,c007206,1.0,2025-09-17 18:16:50.710041
u000208,c006855,1.0,2025-10-31 09:08:09.368163
u000209,c008627,1.0,2024-11-10 07:27:03.033447
u000209,c009443,1.0,2025-06-02 20:35:28.642266
u000209,c008927,1.0,2025-06-08 06:00:20.187420
u000209,c009184,1.0,2025-06-26 03:09:46.920444
u000209,c009163,1.0,2025-08-22 15:07:12.105248
u000209,c009235,1.0,2025-10-06 22:28:56.755675
u000210,c009492,1.0,2025-05-25 21:47:45.782978
u000210,c008578,1.0,2025-05-29 00:13:12.670757
u000210,c008803,1.0,2025-10-05 04:00:21.475911
u000211,c008808,1.0,2025-02-19 13:59:01.555357
u000211,c009004,1.0,2025-06-23 18:25:02.684424
u000211,c009558,1.0,2025-07-02 17:43:57.228150
u000212,c009245,1.0,2024-11-12 11:40:06.837818
u000212,c008948,1.0,2024-12-25 12:09:41.377758
u000212,c008817,1.0,2025-01-12 13:29:18.091967
u000212,c008532,1.0,2025-01-19 22:22:16.205610
u000212,c009382,1.0,2025-02-20 06:09:55.214303
u000212,c009185,1.0,2025-03-18 09:44:20.274348
u000212,c009128,1.0,2025-04-08 15:07:24.511609
u000212,c008603,1.0,2025-04-14 11:55:38.630945
u000212,c009290,1.0,2025-04-18 06:07:30.122383
u000212,c009336,1.0,2025-06-10 11:58:18.864014
u000212,c009199,1.0,2025-08-06 10:06:13.625719
u000212,c008579,1.0,2025-08-25 16:06:50.841597
u000212,c008787,1.0,2025-09-25 07:12:46.885419
u000212,c008655,1.0,2025-10-05 16:47:20.157968
u000213,c008787,1.0,2024-11-12 09:51:33.068233
u000213,c008790,1.0,2024-12-02 08:34:47.779856
u000213,c008681,1.0,2024-12-15 09:32:50.352826
u000213,c009548,1.0,2025-01-17 03:25:19.081976
u000213,c008736,1.0,2025-04-09 08:58:10.691518
u000213,c008515,1.0,2025-05-20 22:18:14.004880
u000213,c007194,1.0,2025-05-25 00:36:28.529894
u000213,c008595,1.0,2025-08-14 16:07:27.530345
u000213,c007367,1.0,2025-09-15 03:53:51.732366
u000213,c009429,1.0,2025-09-28 11:03:36.104621
u000214,c006813,1.0,2024-11-27 21:34:31.725689
u000214,c008448,1.0,2025-04-07 04:14:04.414693
u000214,c007969,1.0,2025-05-21 14:52:29.700006
u000214,c006369,1.0,2025-09-09 05:05:35.375710
u000214,c006111,1.0,2025-10-02 18:37:36.139281
u000215,c009185,1.0,2025-01-02 18:29:20.984894
u000215,c006135,1.0,2025-03-25 20:11:23.736951
u000215,c009568,1.0,2025-06-18 12:24:54.580683
u000215,c008939,1.0,2025-06-28 14:10:39.754763
u000215,c009466,1.0,2025-07-08 16:46:51.077511
u000215,c008494,1.0,2025-07-13 02:07:37.063824
u000215,c009413,1.0,2025-07-27 12:16:14.959710
u000215,c008869,1.0,2025-08-21 09:30:27.669138
u000215,c009047,1.0,2025-09-30 06:00:45.810236
u000215,c008513,1.0,2025-10-06 11:57:52.388156
u000215,c008827,1.0,2025-10-20 10:54:49.741318
u000216,c009094,1.0,2025-02-03 11:43:48.063196
u000216,c007206,1.0,2025-03-15 04:27:14.754509
u000216,c009513,1.0,2025-03-17 16:26:30.303327
u000216,c007245,1.0,2025-04-06 17:14:10.173957
u000216,c008644,1.0,2025-05-18 05:30:25.273465
u000216,c006072,1.0,2025-06-19 19:38:38.508080
u000216,c006289,1.0,2025-08-06 06:08:50.633838
u000216,c008691,1.0,2025-08-26 08:20:01.126524
u000216,c007434,1.0,2025-09-22 13:11:33.025370
u000217,c007460,1.0,2024-11-29 16:44:51.059022
u000217,c007319,1.0,2024-12-04 03:06:20.160346
u000217,c008681,1.0,2025-01-19 13:30:03.970588
u000217,c007225,1.0,2025-02-24 10:58:02.280715
u000217,c007367,1.0,2025-03-14 21:13:23.829157
u000217,c007369,1.0,2025-04-05 12:50:10.914283
u000217,c007724,1.0,2025-05-13 09:20:07.508193
u000217,c007501,1.0,2025-05-16 23:46:04.345742
u000217,c009210,1.0,2025-07-12 16:55:18.175335
u000217,c007449,1.0,2025-07-22 06:54:40.772849
u000217,c007463,1.0,2025-07-26 09:41:09.485026
u000217,c009644,1.0,2025-08-09 10:10:28.364318
u000217,c008855,1.0,2025-08-23 14:28:22.486144
u000217,c007231,1.0,2025-09-05 22:37:55.892570
u000218,c008735,1.0,2024-12-13 09:43:02.728584
u000218,c008706,1.0,2025-01-25 23:22:51.991118
u000218,c009592,1.0,2025-02-13 16:26:18.420690
u000218,c009099,1.0,2025-03-08 08:20:22.784950
u000218,c009042,1.0,2025-03-24 11:15:35.002036
u000218,c008978,1.0,2025-04-24 14:19:33.688780
u000218,c008478,1.0,2025-06-01 23:16:31.665042
u000218,c009647,1.0,2025-09-27 10:09:56.131064
u000218,c009398,1.0,2025-10-16 10:58:01.587140
u000219,c006983,1.0,2024-11-16 22:06:39.712028
u000219,c006041,1.0,2024-11-22 04:58:56.235180
u000219,c007180,1.0,2024-12-07 20:06:53.274675
u000219,c006706,1.0,2024-12-19 10:14:43.108030
u000219,c008806,1.0,2025-01-03 13:18:51.907705
u000219,c006468,1.0,2025-02-09 23:22:51.889775
u000219,c009644,1.0,2025-05-05 15:05:33.154893
u000219,c006680,1.0,2025-05-14 20:11:39.852152
u000219,c009451,1.0,2025-05-19 00:22:39.176866
u000219,c006144,1.0,2025-06-09 16:10:28.386615
u000219,c006064,1.0,2025-08-17 12:39:07.032280
u000219,c006164,1.0,2025-09-09 18:00:36.055166
u000219,c006946,1.0,2025-09-10 11:23:29.342074
u000219,c006749,1.0,2025-09-12 03:35:07.155592
u000219,c006987,1.0,2025-10-25 15:07:32.653330
u000220,c006135,1.0,2025-02-11 06:39:57.893686
u000220,c009303,1.0,2025-02-21 18:37:18.669785
u000220,c009493,1.0,2025-04-25 20:46:33.500748
u000220,c006050,1.0,2025-06-11 21:22:08.938915
u000220,c008901,1.0,2025-08-17 12:53:10.097548
u000220,c006731,1.0,2025-08-25 02:41:48.246334
u000220,c008509,1.0,2025-09-19 23:29:47.997389
u000221,c008720,1.0,2024-11-12 03:14:33.867420
u000221,c009383,1.0,2024-11-23 12:04:49.421041
u000221,c009016,1.0,2024-12-04 08:16:46.780333
u000221,c009384,1.0,2025-02-27 14:25:53.765989
u000221,c009206,1.0,2025-03-13 12:47:06.259579
u000221,c008691,1.0,2025-04-12 21:34:41.661829
u000221,c009337,1.0,2025-04-22 05:04:57.613474
u000221,c009269,1.0,2025-04-23 00:31:56.343582
u000221,c009398,1.0,2025-05-25 04:12:41.559216
u000221,c009118,1.0,2025-06-28 20:31:03.682182
u000221,c009157,1.0,2025-07-02 20:44:18.893330
u000221,c008628,1.0,2025-07-08 16:57:51.491598
u000222,c006874,1.0,2024-11-22 11:03:18.729541
u000222,c007037,1.0,2024-12-16 08:53:32.983068
u000222,c007100,1.0,2025-03-20 12:37:52.029114
u000222,c006275,1.0,2025-03-24 05:00:47.480756
u000222,c007036,1.0,2025-03-24 20:12:22.351940
u000222,c008543,1.0,2025-05-02 06:10:23.562121
u000222,c007155,1.0,2025-06-03 15:10:14.908098
u000222,c007449,1.0,2025-07-15 22:09:24.818190
u000222,c008860,1.0,2025-10-04 06:23:39.222001
u000222,c006669,1.0,2025-10-19 15:05:44.758587
u000222,c008483,1.0,2025-10-24 11:59:49.099704
u000223,c009298,1.0,2024-11-14 09:33:00.834375
u000223,c009186,1.0,2024-12-19 11:53:25.007640
u000223,c009442,1.0,2024-12-22 06:54:37.484614
u000223,c009212,1.0,2024-12-25 09:13:33.870592
u000223,c009389,1.0,2025-01-01 05:33:35.548367
u000223,c006023,1.0,2025-01-09 07:30:55.134087
u000223,c009429,1.0,2025-03-21 09:55:12.837140
u000223,c009226,1.0,2025-04-22 07:13:16.140626
u000223,c009072,1.0,2025-09-08 23:15:18.609676
u000223,c008749,1.0,2025-09-20 19:30:21.603516
u000223,c009211,1.0,2025-09-23 11:25:36.044791
u000223,c009158,1.0,2025-10-10 01:21:34.753545
u000224,c008059,1.0,2024-11-11 13:19:37.221440
u000224,c009258,1.0,2024-11-25 05:49:24.533894
u000224,c007924,1.0,2024-12-01 22:24:46.879260
u000224,c008038,1.0,2024-12-26 16:16:21.035999
u000224,c008170,1.0,2025-01-12 15:46:36.934684
u000224,c007966,1.0,2025-01-28 10:16:11.827947
u000224,c007881,1.0,2025-02-20 06:41:28.370083
u000224,c008896,1.0,2025-03-17 10:31:24.042892
u000224,c009268,1.0,2025-05-03 12:27:20.213002
u000224,c008302,1.0,2025-05-16 22:21:46.510179
u000224,c009478,1.0,2025-06-23 07:10:51.837702
u000224,c007449,1.0,2025-08-29 20:03:00.955810
u000224,c008093,1.0,2025-09-15 08:44:21.739334
u000224,c008736,1.0,2025-10-08 03:36:08.648825
u000225,c006049,1.0,2025-02-03 00:24:28.477047
u000225,c006056,1.0,2025-03-14 02:45:40.814047
u000225,c006061,1.0,2025-05-05 07:17:37.935713
u000226,c006640,1.0,2024-11-30 14:52:25.977651
u000226,c006143,1.0,2025-03-23 13:50:50.367853
u000226,c006056,1.0,2025-05-22 01:37:18.472399
u000227,c006780,1.0,2025-04-12 16:20:41.098388
u000227,c006983,1.0,2025-10-25 17:27:51.182993
u000227,c009226,1.0,2025-10-30 11:36:46.831628
u000228,c006250,1.0,2024-12-11 20:41:55.027922
u000228,c006729,1.0,2025-01-03 01:33:35.804404
u000228,c006522,1.0,2025-01-12 17:27:21.443173
u000228,c006527,1.0,2025-01-14 23:07:03.270730
u000228,c006297,1.0,2025-01-15 09:44:48.037256
u000228,c008572,1.0,2025-02-04 23:43:07.660569
u000228,c006317,1.0,2025-02-11 00:39:54.575513
u000228,c006827,1.0,2025-03-07 00:31:49.537694
u000228,c006344,1.0,2025-04-18 07:18:11.016324
u000228,c006685,1.0,2025-07-29 12:48:26.289702
u000228,c008538,1.0,2025-10-22 03:08:16.826552
u000229,c009128,1.0,2024-11-08 07:21:37.722399
u000229,c008462,1.0,2024-11-22 14:42:31.969872
u000229,c008908,1.0,2024-12-12 06:46:47.376761
u000229,c009490,1.0,2025-04-20 14:00:39.824365
u000229,c009590,1.0,2025-07-16 11:23:05.162481
u000229,c009098,1.0,2025-10-12 20:43:28.482255
u000230,c008534,1.0,2025-03-17 23:14:58.717286
u000230,c009258,1.0,2025-03-22 11:09:16.787981
u000230,c008784,1.0,2025-04-11 04:33:32.503397
u000230,c009497,1.0,2025-04-13 02:34:29.745710
u000230,c008948,1.0,2025-07-22 20:10:17.055796
u000230,c009478,1.0,2025-11-03 10:40:00.779930
u000231,c007863,1.0,2024-12-30 13:56:58.131365
u000231,c006072,1.0,2024-12-31 03:31:55.055660
u000231,c007800,1.0,2025-01-13 18:11:31.749794
u000231,c006138,1.0,2025-04-23 17:56:41.295011
u000231,c006970,1.0,2025-05-07 18:06:38.044495
u000231,c007883,1.0,2025-05-10 12:39:11.470348
u000231,c006730,1.0,2025-05-29 19:49:32.383306
u000231,c006911,1.0,2025-11-03 03:10:20.470930
u000232,c009471,1.0,2024-11-20 10:43:07.548711
u000232,c009489,1.0,2024-12-04 06:34:36.634629
u000232,c008677,1.0,2024-12-10 03:26:20.399542
u000232,c006074,1.0,2025-01-06 20:02:54.836849
u000232,c009056,1.0,2025-01-10 13:39:12.486709
u000232,c008556,1.0,2025-03-15 09:02:20.938567
u000232,c006061,1.0,2025-04-09 10:32:40.384472
u000232,c008913,1.0,2025-06-01 10:12:30.585479
u000232,c008994,1.0,2025-06-28 11:49:49.635268
u000232,c008536,1.0,2025-07-08 22:36:17.565776
u000232,c009591,1.0,2025-08-22 19:58:55.273293
u000232,c006799,1.0,2025-09-08 19:08:13.514655
u000232,c007478,1.0,2025-10-15 01:50:23.279091
u000233,c009362,1.0,2024-11-16 06:57:02.656434
u000233,c008725,1.0,2024-11-19 18:48:22.534940
u000233,c008619,1.0,2024-11-28 12:32:05.569284
u000233,c008686,1.0,2025-01-22 13:50:26.491339
u000233,c006072,1.0,2025-02-12 20:09:49.456608
u000233,c006438,1.0,2025-03-29 01:12:59.264768
u000233,c008845,1.0,2025-06-11 13:46:11.071139
u000233,c009267,1.0,2025-07-04 11:00:28.338746
u000233,c008687,1.0,2025-07-30 06:36:52.902259
u000233,c008772,1.0,2025-08-07 14:06:43.212069
u000233,c006186,1.0,2025-08-14 19:50:18.634965
u000234,c009210,1.0,2024-12-09 07:16:12.816569
u000234,c009319,1.0,2025-01-04 22:25:08.145730
u000234,c008783,1.0,2025-01-20 11:31:54.467487
u000234,c006935,1.0,2025-05-08 05:04:27.058893
u000234,c009097,1.0,2025-05-16 05:01:15.516847
u000234,c008787,1.0,2025-07-17 20:19:49.480691
u000234,c006703,1.0,2025-07-28 14:08:46.868082
u000234,c006289,1.0,2025-10-25 03:29:33.821052
u000235,c008485,1.0,2025-01-13 03:08:54.721620
u000235,c009519,1.0,2025-02-06 01:15:28.835265
u000235,c008519,1.0,2025-04-02 23:30:04.337271
u000235,c008882,1.0,2025-04-15 07:33:12.360625
u000235,c009139,1.0,2025-05-11 17:28:02.088336
u000235,c009443,1.0,2025-06-06 05:13:08.055707
u000235,c007111,1.0,2025-09-11 20:28:50.687092
u000235,c007112,1.0,2025-10-22 09:28:40.237249
u000236,c008674,1.0,2025-02-14 17:35:13.093309
u000236,c009270,1.0,2025-03-06 15:37:57.588059
u000236,c009364,1.0,2025-03-13 22:59:33.862713
u000236,c009027,1.0,2025-04-13 23:32:35.289515
u000236,c009278,1.0,2025-04-28 04:00:26.537942
u000236,c009268,1.0,2025-05-08 07:45:26.105893
u000236,c009096,1.0,2025-05-11 06:34:28.766019
u000236,c009156,1.0,2025-08-12 10:33:49.944247
u000236,c009317,1.0,2025-10-16 23:24:42.121984
u000237,c008790,1.0,2024-11-25 16:52:37.249546
u000237,c008787,1.0,2025-07-21 18:14:14.239335
u000237,c008717,1.0,2025-09-24 11:48:07.478241
u000237,c008681,1.0,2025-10-28 03:10:53.031261
u000238,c007887,1.0,2024-11-07 17:55:03.756386
u000238,c007966,1.0,2025-01-02 15:05:03.312504
u000238,c008170,1.0,2025-01-04 15:54:57.919254
u000238,c008221,1.0,2025-01-16 22:12:19.919219
u000238,c008225,1.0,2025-01-21 16:05:25.418821
u000238,c008286,1.0,2025-05-17 08:35:20.683063
u000238,c008327,1.0,2025-05-29 02:56:57.781535
u000238,c008101,1.0,2025-07-29 05:09:31.795104
u000238,c007975,1.0,2025-08-30 20:36:59.024792
u000238,c008251,1.0,2025-10-24 01:47:14.077738
u000239,c008835,1.0,2025-01-01 18:09:08.370247
u000239,c007360,1.0,2025-01-28 05:07:49.791636
u000239,c007466,1.0,2025-03-01 13:09:49.860261
u000239,c007382,1.0,2025-03-28 16:21:54.415450
u000239,c007661,1.0,2025-05-06 12:04:52.329696
u000239,c007299,1.0,2025-05-10 21:18:02.864961
u000239,c009580,1.0,2025-06-04 17:55:32.277885
u000239,c007537,1.0,2025-07-16 18:02:21.772642
u000239,c007459,1.0,2025-08-30 12:56:18.374987
u000239,c007535,1.0,2025-09-08 17:29:45.690491
u000239,c008754,1.0,2025-09-14 16:44:01.340925
u000239,c007375,1.0,2025-10-05 08:08:59.999004
u000240,c009261,1.0,2024-11-14 08:45:03.063861
u000240,c008643,1.0,2025-02-04 22:52:29.245863
u000240,c009321,1.0,2025-02-07 18:37:38.797865
u000240,c008628,1.0,2025-02-10 03:12:26.574180
u000240,c008494,1.0,2025-03-13 18:24:03.085905
u000240,c009002,1.0,2025-04-25 16:21:37.903529
u000240,c009375,1.0,2025-07-05 10:09:09.892642
u000240,c009029,1.0,2025-07-07 12:23:55.999494
u000240,c008705,1.0,2025-08-02 02:44:31.294675
u000240,c009475,1.0,2025-08-10 07:22:48.646390
u000240,c008647,1.0,2025-09-19 20:50:57.923277
u000240,c009092,1.0,2025-09-27 04:05:12.716465
u000240,c007449,1.0,2025-10-28 09:09:28.175428
u000240,c009413,1.0,2025-11-03 14:53:19.588593
u000241,c008795,1.0,2024-11-16 12:01:17.414187
u000241,c009230,1.0,2024-11-23 02:14:28.903879
u000241,c009620,1.0,2024-11-25 08:38:00.748046
u000241,c008764,1.0,2024-12-07 09:10:37.347520
u000241,c009273,1.0,2025-01-26 00:21:27.316551
u000241,c006823,1.0,2025-02-14 21:37:33.719449
u000241,c008462,1.0,2025-02-25 08:22:18.568213
u000241,c009540,1.0,2025-03-11 20:31:30.914557
u000241,c008987,1.0,2025-04-19 15:17:22.284492
u000241,c008965,1.0,2025-05-13 01:59:12.796766
u000241,c009278,1.0,2025-07-22 01:25:38.259962
u000241,c009260,1.0,2025-11-04 02:04:13.768279
u000241,c008980,1.0,2025-11-06 16:19:15.780815
u000242,c007490,1.0,2025-01-10 20:29:48.966223
u000242,c007686,1.0,2025-04-13 22:56:08.326269
u000242,c007621,1.0,2025-04-17 18:27:55.144958
u000242,c007225,1.0,2025-05-20 05:19:09.712681
u000242,c007231,1.0,2025-06-14 12:12:06.504649
u000242,c007460,1.0,2025-06-16 04:48:27.957114
u000242,c007966,1.0,2025-06-22 21:43:35.750455
u000242,c007369,1.0,2025-06-30 08:37:22.382543
u000242,c007319,1.0,2025-07-20 02:46:13.006870
u000242,c007463,1.0,2025-08-07 08:56:31.502780
u000242,c006213,1.0,2025-08-10 09:29:44.947550
u000242,c007501,1.0,2025-09-02 10:26:21.687679
u000242,c007203,1.0,2025-09-30 18:16:20.895381
u000242,c007724,1.0,2025-10-23 05:12:51.841014
u000242,c007367,1.0,2025-10-26 12:28:02.007340
u000243,c007878,1.0,2024-11-13 05:26:14.389461
u000243,c008149,1.0,2024-12-15 09:53:30.611791
u000243,c007985,1.0,2024-12-18 14:53:56.225188
u000243,c007989,1.0,2025-01-04 05:11:30.428062
u000243,c008708,1.0,2025-02-14 00:50:55.012972
u000243,c008024,1.0,2025-08-01 02:30:27.288836
u000243,c009089,1.0,2025-09-18 22:54:08.023034
u000244,c007449,1.0,2024-12-22 15:09:51.058291
u000244,c007319,1.0,2025-02-04 06:00:12.734259
u000244,c007367,1.0,2025-04-06 05:15:53.949559
u000244,c007883,1.0,2025-09-13 17:14:36.632601
u000245,c007956,1.0,2025-01-19 10:43:04.741536
u000245,c007883,1.0,2025-06-07 15:59:55.826534
u000245,c008924,1.0,2025-07-12 01:32:40.370021
u000245,c007800,1.0,2025-07-20 08:19:20.830658
u000246,c008808,1.0,2025-02-28 12:30:24.150237
u000246,c007800,1.0,2025-03-24 10:35:17.120675
u000246,c007790,1.0,2025-05-16 00:03:08.950381
u000246,c007362,1.0,2025-05-17 12:37:27.409101
u000246,c007883,1.0,2025-07-06 00:09:54.320515
u000246,c007915,1.0,2025-07-09 05:10:58.152750
u000246,c006135,1.0,2025-10-07 10:33:32.559492
u000246,c007863,1.0,2025-11-02 22:29:40.740005
u000247,c009600,1.0,2025-01-16 01:12:05.398604
u000247,c009413,1.0,2025-04-29 23:17:00.095402
u000247,c009472,1.0,2025-07-26 01:42:21.506410
u000247,c008589,1.0,2025-08-28 03:17:10.162296
u000248,c009515,1.0,2024-12-21 12:58:30.919358
u000248,c008532,1.0,2025-01-02 08:10:30.806125
u000248,c008771,1.0,2025-01-03 07:07:55.303161
u000248,c009278,1.0,2025-01-06 17:56:14.862128
u000248,c008912,1.0,2025-02-28 12:32:52.129808
u000248,c008787,1.0,2025-04-23 05:07:21.222061
u000248,c006068,1.0,2025-05-06 05:37:30.503581
u000248,c008790,1.0,2025-05-19 21:26:11.460992
u000248,c008963,1.0,2025-06-16 01:09:16.752554
u000248,c009228,1.0,2025-06-22 06:19:21.648023
u000248,c008682,1.0,2025-06-23 15:19:33.641475
u000248,c008833,1.0,2025-06-24 22:30:51.621893
u000248,c009435,1.0,2025-09-15 10:24:31.023207
u000248,c008603,1.0,2025-10-30 06:51:01.963726
u000249,c008921,1.0,2024-11-12 05:58:53.412461
u000249,c008568,1.0,2024-12-12 17:46:00.130987
u000249,c009141,1.0,2025-05-23 22:44:28.094573
u000249,c008763,1.0,2025-06-12 17:05:42.291129
u000249,c009413,1.0,2025-08-24 10:20:29.980021
u000249,c008881,1.0,2025-09-14 14:34:03.555009
u000249,c009002,1.0,2025-10-29 11:22:10.748733
u000250,c008533,1.0,2024-11-13 00:11:26.983806
u000250,c008478,1.0,2025-02-13 18:36:32.996907
u000250,c008465,1.0,2025-07-17 10:01:33.581579
u000250,c008633,1.0,2025-08-17 14:45:15.100868
u000250,c009135,1.0,2025-10-05 00:11:35.958105
u000251,c007099,1.0,2024-11-29 01:48:44.904322
u000251,c006540,1.0,2025-03-16 09:49:23.957607
u000251,c006228,1.0,2025-03-25 19:24:04.014980
u000251,c008551,1.0,2025-03-27 01:53:55.300441
u000251,c006241,1.0,2025-03-27 10:54:03.030877
u000251,c009276,1.0,2025-03-31 00:24:42.143083
u000251,c006660,1.0,2025-05-25 20:44:52.209516
u000251,c006584,1.0,2025-06-20 01:28:46.319328
u000251,c007158,1.0,2025-07-28 17:27:20.526547
u000252,c009490,1.0,2024-11-12 07:58:48.635797
u000252,c009103,1.0,2024-11-19 01:23:58.002148
u000252,c008961,1.0,2024-12-21 22:42:31.258432
u000252,c007319,1.0,2025-02-08 20:13:48.479836
u000252,c009605,1.0,2025-05-04 16:12:39.335280
u000252,c008946,1.0,2025-05-06 03:32:33.930764
u000252,c007460,1.0,2025-05-29 15:45:17.702232
u000252,c007274,1.0,2025-06-04 12:17:07.157707
u000252,c009260,1.0,2025-06-20 13:59:57.208856
u000252,c009151,1.0,2025-06-21 03:44:13.310901
u000252,c009175,1.0,2025-07-05 02:58:44.211040
u000252,c008762,1.0,2025-08-05 16:17:18.644427
u000252,c008910,1.0,2025-09-17 05:16:27.039237
u000252,c008520,1.0,2025-10-14 16:06:13.973228
u000252,c009032,1.0,2025-10-26 13:59:36.968541
u000253,c009109,1.0,2024-11-22 17:09:12.946532
u000253,c009524,1.0,2025-01-28 12:21:58.081968
u000253,c008560,1.0,2025-03-05 09:39:43.444446
u000253,c009398,1.0,2025-03-14 16:02:01.604767
u000253,c009428,1.0,2025-03-16 06:19:29.052222
u000253,c009003,1.0,2025-04-15 16:49:45.302357
u000253,c006275,1.0,2025-05-08 09:23:13.759554
u000253,c009049,1.0,2025-05-14 19:01:55.275497
u000253,c008478,1.0,2025-05-18 18:00:53.800016
u000253,c009127,1.0,2025-05-31 12:52:05.412853
u000253,c009396,1.0,2025-06-01 21:58:20.406909
u000253,c009260,1.0,2025-07-01 14:15:49.884760
u000253,c009339,1.0,2025-07-13 10:03:30.086975
u000254,c006072,1.0,2025-02-11 08:18:01.271718
u000254,c006281,1.0,2025-04-11 04:59:14.167388
u000254,c006046,1.0,2025-10-14 23:38:27.209021
u000254,c007062,1.0,2025-10-22 04:28:05.675892
u000255,c009210,1.0,2025-01-07 13:33:08.151455
u000255,c008507,1.0,2025-02-09 22:55:34.817133
u000255,c008711,1.0,2025-02-17 04:08:16.977819
u000255,c009524,1.0,2025-02-27 15:22:01.416401
u000255,c009428,1.0,2025-03-08 17:19:06.833484
u000255,c008498,1.0,2025-04-09 05:05:04.253246
u000255,c009292,1.0,2025-05-11 13:10:58.885859
u000255,c009396,1.0,2025-06-11 21:12:56.611550
u000255,c008886,1.0,2025-07-03 09:17:25.973326
u000255,c009339,1.0,2025-08-08 01:05:17.147443
u000255,c009003,1.0,2025-08-22 13:57:48.180174
u000255,c008808,1.0,2025-10-05 19:06:50.513502
u000255,c008471,1.0,2025-10-28 15:41:08.269675
u000256,c008808,1.0,2024-12-11 20:51:41.821420
u000256,c008963,1.0,2025-01-09 23:59:13.648835
u000256,c008803,1.0,2025-02-20 01:29:57.602287
u000256,c008681,1.0,2025-03-17 02:17:43.448630
u000256,c008787,1.0,2025-03-19 23:59:00.772629
u000256,c009087,1.0,2025-03-31 09:41:20.288752
u000256,c007622,1.0,2025-04-30 01:14:40.806838
u000256,c009126,1.0,2025-05-22 04:19:42.349503
u000256,c008575,1.0,2025-05-26 15:07:19.035678
u000256,c006484,1.0,2025-06-01 00:48:46.308051
u000256,c009118,1.0,2025-06-05 05:57:45.851239
u000256,c009344,1.0,2025-10-04 16:43:14.632176
u000257,c009003,1.0,2024-11-07 08:05:37.615356
u000257,c008478,1.0,2024-11-26 12:29:16.749968
u000257,c009228,1.0,2024-12-03 17:38:02.610374
u000257,c008995,1.0,2025-04-21 17:52:42.986367
u000257,c008683,1.0,2025-05-18 16:38:09.879144
u000257,c009084,1.0,2025-05-18 19:06:21.150268
u000257,c008565,1.0,2025-06-13 09:05:09.194407
u000257,c009558,1.0,2025-08-04 17:08:58.947710
u000257,c008989,1.0,2025-08-05 02:48:01.846203
u000257,c008993,1.0,2025-08-30 02:09:11.396947
u000257,c008808,1.0,2025-09-18 04:12:07.771150
u000257,c009501,1.0,2025-09-27 18:37:04.343362
u000257,c008764,1.0,2025-10-01 22:35:05.908474
u000257,c008529,1.0,2025-10-29 07:18:38.399237
u000258,c008535,1.0,2025-03-09 23:18:18.381095
u000258,c007314,1.0,2025-05-02 01:16:40.207802
u000258,c007643,1.0,2025-10-30 11:36:36.128183
u000258,c006009,1.0,2025-11-02 00:23:26.897711
u000259,c006379,1.0,2024-11-07 05:09:45.321824
u000259,c007036,1.0,2025-01-22 11:41:21.275965
u000259,c006865,1.0,2025-01-29 10:15:13.433556
u000260,c006465,1.0,2024-11-11 08:51:31.209051
u000260,c009653,1.0,2024-11-29 10:24:56.031553
u000260,c006678,1.0,2024-12-28 02:21:22.468921
u000260,c007166,1.0,2025-01-08 02:41:44.121821
u000260,c006683,1.0,2025-02-14 15:16:52.345838
u000260,c007050,1.0,2025-03-24 09:17:08.437795
u000260,c008978,1.0,2025-04-04 06:56:06.712842
u000260,c007036,1.0,2025-06-08 00:49:34.168236
u000260,c006600,1.0,2025-08-29 14:13:55.936316
u000260,c006615,1.0,2025-09-15 13:45:17.916117
u000261,c008992,1.0,2025-01-28 23:48:35.011812
u000261,c008593,1.0,2025-04-24 10:16:24.321004
u000261,c009097,1.0,2025-08-24 15:30:43.139152
u000261,c009388,1.0,2025-11-04 11:33:11.935663
u000262,c008989,1.0,2025-02-11 00:57:36.269224
u000262,c006486,1.0,2025-05-01 00:13:53.460162
u000262,c009210,1.0,2025-06-04 07:06:47.566381
u000262,c007888,1.0,2025-07-11 15:52:20.904400
u000262,c009558,1.0,2025-08-14 13:32:01.331874
u000262,c009199,1.0,2025-09-08 08:28:44.553078
u000263,c008472,1.0,2024-11-09 08:12:02.445701
u000263,c009077,1.0,2025-02-21 00:31:19.378693
u000263,c009304,1.0,2025-02-26 01:03:28.462462
u000263,c009530,1.0,2025-03-02 14:49:56.271796
u000263,c009240,1.0,2025-04-20 07:31:36.335425
u000263,c008808,1.0,2025-04-23 08:16:08.191154
u000263,c009135,1.0,2025-07-07 19:20:14.829380
u000263,c009337,1.0,2025-09-13 13:49:22.576417
u000263,c009053,1.0,2025-09-19 20:20:30.507090
u000263,c009213,1.0,2025-10-21 15:13:04.785557
u000263,c009157,1.0,2025-11-06 01:08:52.588628
u000264,c009155,1.0,2024-11-08 22:59:47.611870
u000264,c009629,1.0,2024-11-14 19:48:13.399067
u000264,c009452,1.0,2024-12-19 00:27:00.437554
u000264,c009293,1.0,2025-01-17 16:45:17.114748
u000264,c009387,1.0,2025-03-05 12:36:35.917908
u000264,c008806,1.0,2025-03-17 16:20:57.340049
u000264,c008589,1.0,2025-04-08 05:21:23.390443
u000264,c007165,1.0,2025-05-09 17:38:55.812090
u000264,c007100,1.0,2025-05-20 23:28:08.201825
u000264,c008474,1.0,2025-05-24 21:56:28.501963
u000264,c009321,1.0,2025-07-01 22:16:50.270949
u000264,c008930,1.0,2025-07-26 21:53:01.836845
u000264,c009123,1.0,2025-08-02 07:17:42.036086
u000264,c009327,1.0,2025-10-09 12:25:56.407612
u000264,c008933,1.0,2025-10-28 00:48:18.696307
u000265,c008063,1.0,2024-11-08 22:11:44.720344
u000265,c007947,1.0,2025-03-12 09:25:46.779163
u000265,c008339,1.0,2025-03-23 11:40:11.019266
u000265,c008252,1.0,2025-04-02 17:11:33.411046
u000265,c008326,1.0,2025-06-16 05:47:05.856697
u000265,c008012,1.0,2025-07-17 15:33:46.531496
u000265,c007883,1.0,2025-07-22 02:48:54.172734
u000265,c008106,1.0,2025-10-31 08:54:30.853543
u000266,c006126,1.0,2025-01-17 16:29:51.080852
u000266,c006928,1.0,2025-01-26 22:04:30.943882
u000266,c006101,1.0,2025-02-25 11:02:29.263246
u000266,c006463,1.0,2025-03-19 22:28:54.475806
u000266,c007006,1.0,2025-03-23 07:44:43.132864
u000266,c007170,1.0,2025-05-01 19:38:18.879120
u000266,c007932,1.0,2025-06-16 00:01:48.690158
u000266,c007787,1.0,2025-06-23 08:17:58.753610
u000266,c006300,1.0,2025-08-19 06:38:04.120841
u000266,c006088,1.0,2025-11-02 17:28:24.506393
u000267,c008474,1.0,2024-11-24 16:48:23.946503
u000267,c009558,1.0,2024-11-25 11:09:02.578960
u000267,c008641,1.0,2025-04-19 11:55:37.227687
u000267,c008795,1.0,2025-05-22 03:05:53.871636
u000267,c009080,1.0,2025-07-24 15:36:27.423593
u000267,c008823,1.0,2025-09-25 12:33:58.536896
u000267,c009270,1.0,2025-10-04 07:14:16.627648
u000268,c009216,1.0,2024-12-08 05:01:19.412405
u000268,c009170,1.0,2024-12-19 11:14:54.456458
u000268,c008464,1.0,2024-12-25 07:29:01.242951
u000268,c008500,1.0,2025-01-03 15:03:55.633107
u000268,c009097,1.0,2025-01-14 04:56:02.951351
u000268,c008966,1.0,2025-06-04 11:24:43.002365
u000268,c009129,1.0,2025-08-24 22:07:31.260991
u000268,c009061,1.0,2025-10-06 07:25:38.885441
u000268,c008806,1.0,2025-10-13 05:19:09.409544
u000269,c009293,1.0,2024-11-20 07:36:48.111660
u000269,c009038,1.0,2024-11-24 04:44:12.731795
u000269,c008513,1.0,2025-01-08 19:59:54.394234
u000269,c008921,1.0,2025-03-06 05:29:11.575480
u000269,c009035,1.0,2025-03-14 08:23:38.320490
u000269,c008896,1.0,2025-03-30 06:26:24.541654
u000269,c009629,1.0,2025-04-23 05:59:17.396745
u000269,c008740,1.0,2025-07-31 13:48:02.551693
u000269,c009413,1.0,2025-09-20 04:27:11.738338
u000269,c002856,1.0,2025-10-12 09:42:50.216120
u000269,c009321,1.0,2025-10-27 05:17:16.372876
u000270,c000649,1.0,2024-12-25 02:21:58.603084
u000270,c008919,1.0,2025-02-18 21:51:28.482292
u000270,c008597,1.0,2025-05-04 01:52:49.538892
u000270,c000990,1.0,2025-05-25 10:54:34.684800
u000270,c000317,1.0,2025-10-02 01:35:01.806688
u000271,c007245,1.0,2024-12-05 18:45:25.689622
u000271,c009428,1.0,2024-12-30 02:49:06.505935
u000271,c008761,1.0,2025-02-23 17:09:51.060567
u000271,c008478,1.0,2025-05-21 14:13:01.759438
u000271,c008779,1.0,2025-05-26 00:28:11.596277
u000271,c009269,1.0,2025-08-19 20:31:21.817286
u000271,c008560,1.0,2025-09-03 04:27:01.656490
u000271,c008691,1.0,2025-09-09 14:11:03.624017
u000271,c009020,1.0,2025-10-06 09:57:15.165223
u000271,c009398,1.0,2025-10-10 15:43:33.418890
u000271,c008733,1.0,2025-10-22 06:02:01.016447
u000272,c008683,1.0,2025-02-07 20:35:29.828274
u000272,c009184,1.0,2025-03-03 10:51:29.187076
u000272,c009124,1.0,2025-03-04 03:25:46.689166
u000272,c008486,1.0,2025-03-29 04:26:26.860428
u000272,c009304,1.0,2025-05-13 23:23:08.031665
u000272,c008552,1.0,2025-05-21 23:59:53.150482
u000272,c008769,1.0,2025-08-14 16:12:58.387244
u000272,c006135,1.0,2025-11-06 19:34:29.636065
u000273,c008568,1.0,2025-01-21 02:09:09.345330
u000273,c008580,1.0,2025-04-24 07:22:05.004352
u000273,c008763,1.0,2025-07-05 02:34:15.879704
u000273,c009335,1.0,2025-09-07 20:22:15.880343
u000273,c009136,1.0,2025-09-23 04:52:28.879068
u000274,c007163,1.0,2024-11-10 09:26:31.990364
u000274,c006353,1.0,2024-12-25 20:26:06.570761
u000274,c006125,1.0,2025-07-01 08:18:11.790630
u000274,c006618,1.0,2025-07-26 00:30:45.073779
u000274,c006424,1.0,2025-09-06 17:33:32.014825
u000275,c008707,1.0,2024-12-18 07:07:30.040568
u000275,c006799,1.0,2025-05-01 20:05:01.600925
u000275,c009270,1.0,2025-05-22 09:55:08.572773
u000275,c006321,1.0,2025-06-15 00:38:31.814273
u000275,c009029,1.0,2025-07-03 06:09:57.442962
u000275,c009063,1.0,2025-07-31 17:47:22.978335
u000275,c006001,1.0,2025-08-28 10:07:24.692127
u000275,c006400,1.0,2025-10-21 17:46:12.407945
u000276,c009582,1.0,2025-02-15 02:08:59.034944
u000276,c006003,1.0,2025-04-10 19:54:17.125387
u000276,c008800,1.0,2025-05-01 02:50:30.823964
u000276,c007958,1.0,2025-05-09 10:08:47.414990
u000276,c006811,1.0,2025-05-26 15:54:24.506968
u000276,c009407,1.0,2025-10-04 09:49:38.284786
u000276,c008490,1.0,2025-10-07 08:20:19.766061
u000277,c009124,1.0,2025-01-14 13:38:53.255104
u000277,c008486,1.0,2025-04-17 20:23:57.452225
u000277,c008627,1.0,2025-05-20 05:45:28.080957
u000277,c009303,1.0,2025-06-21 17:17:42.827353
u000277,c009184,1.0,2025-08-01 04:34:40.310110
u000277,c009173,1.0,2025-08-02 08:20:47.497087
u000277,c008552,1.0,2025-09-12 11:41:15.608844
u000277,c009235,1.0,2025-10-24 21:24:30.150552
u000278,c008808,1.0,2025-05-12 22:07:18.631434
u000278,c009135,1.0,2025-07-10 07:20:24.938716
u000278,c008760,1.0,2025-09-20 13:23:21.450956
u000279,c009185,1.0,2024-11-09 11:36:45.895909
u000279,c008756,1.0,2024-11-26 19:24:56.645079
u000279,c007852,1.0,2024-12-17 21:09:14.276368
u000279,c008873,1.0,2025-01-26 14:10:04.443103
u000279,c008082,1.0,2025-02-23 18:09:45.400207
u000279,c008764,1.0,2025-02-24 01:15:08.302400
u000279,c008504,1.0,2025-02-26 07:37:27.781858
u000279,c007935,1.0,2025-05-20 00:39:44.433885
u000279,c008376,1.0,2025-07-09 21:12:37.532759
u000279,c008397,1.0,2025-07-14 04:32:41.621093
u000279,c009521,1.0,2025-09-25 14:28:25.797775
u000279,c008858,1.0,2025-10-08 11:53:41.122050
u000280,c008720,1.0,2024-12-30 01:17:56.333005
u000280,c009232,1.0,2025-01-04 10:38:14.068562
u000280,c009231,1.0,2025-02-09 05:35:11.247699
u000280,c009544,1.0,2025-03-24 14:44:44.830009
u000280,c008478,1.0,2025-04-16 05:46:56.013245
u000280,c008933,1.0,2025-05-28 05:51:39.025887
u000280,c009304,1.0,2025-06-20 10:21:08.236363
u000280,c008628,1.0,2025-08-22 10:52:59.382715
u000280,c009344,1.0,2025-09-11 23:55:14.222101
u000280,c009091,1.0,2025-11-06 00:34:10.951725
u000281,c009212,1.0,2025-02-24 02:28:20.670223
u000281,c008823,1.0,2025-07-21 17:15:34.605490
u000281,c008516,1.0,2025-09-26 23:17:36.718876
u000282,c007966,1.0,2024-11-27 00:34:18.010120
u000282,c008873,1.0,2024-12-15 17:38:43.337022
u000282,c009012,1.0,2024-12-27 06:12:52.611208
u000282,c009592,1.0,2025-03-03 14:59:29.915517
u000282,c008798,1.0,2025-04-08 04:39:27.289889
u000282,c008808,1.0,2025-07-14 19:55:15.864479
u000282,c009577,1.0,2025-07-29 22:22:49.921679
u000282,c006135,1.0,2025-08-04 15:44:37.845991
u000282,c008760,1.0,2025-09-11 03:06:15.607486
u000283,c008800,1.0,2024-11-18 03:40:14.657645
u000283,c009002,1.0,2025-03-22 23:44:26.585731
u000283,c009413,1.0,2025-06-03 20:57:41.270175
u000283,c009321,1.0,2025-10-06 20:00:48.830266
u000283,c009304,1.0,2025-10-19 08:04:02.445655
u000284,c008463,1.0,2025-03-02 14:51:41.579351
u000284,c009041,1.0,2025-07-20 11:02:23.721819
u000284,c009097,1.0,2025-09-02 02:05:18.710110
u000285,c007367,1.0,2024-12-28 20:06:43.529411
u000285,c007460,1.0,2025-05-26 23:51:29.092425
u000285,c007449,1.0,2025-08-17 06:05:49.086397
u000286,c007205,1.0,2024-11-18 10:38:10.058025
u000286,c009338,1.0,2025-01-27 21:57:50.115492
u000286,c009644,1.0,2025-02-05 03:20:44.681331
u000286,c006041,1.0,2025-03-02 20:28:18.138907
u000286,c006561,1.0,2025-03-21 09:55:57.707325
u000286,c006958,1.0,2025-03-23 09:26:14.517478
u000286,c008710,1.0,2025-04-04 21:58:35.833725
u000286,c008562,1.0,2025-04-10 13:11:21.404990
u000286,c008957,1.0,2025-05-07 09:01:09.986499
u000286,c007287,1.0,2025-06-08 01:51:23.735816
u000286,c006823,1.0,2025-07-10 14:12:04.701084
u000286,c008589,1.0,2025-09-07 10:10:23.881066
u000287,c006484,1.0,2024-11-27 14:11:44.616626
u000287,c006562,1.0,2024-12-19 21:22:58.772772
u000287,c006089,1.0,2025-01-01 08:37:42.312037
u000287,c006808,1.0,2025-02-11 22:30:41.369886
u000287,c006966,1.0,2025-03-08 22:02:45.224857
u000287,c006859,1.0,2025-03-30 09:01:17.940960
u000287,c006702,1.0,2025-04-01 13:59:05.788967
u000287,c008605,1.0,2025-04-15 19:05:32.589280
u000287,c008599,1.0,2025-06-13 21:03:06.401787
u000287,c006301,1.0,2025-07-03 22:01:38.394282
u000287,c006599,1.0,2025-09-15 12:44:33.057201
u000288,c008778,1.0,2024-11-08 06:38:29.320509
u000288,c009213,1.0,2024-11-17 01:57:22.058193
u000288,c008808,1.0,2025-02-07 20:03:19.710464
u000288,c009055,1.0,2025-02-17 12:13:23.507320
u000288,c008472,1.0,2025-03-13 20:06:26.138915
u000288,c008582,1.0,2025-03-15 03:25:52.218889
u000288,c006486,1.0,2025-03-24 15:25:35.545807
u000288,c008596,1.0,2025-06-01 06:00:38.125200
u000288,c009077,1.0,2025-06-26 13:53:01.516196
u000288,c008575,1.0,2025-07-30 10:11:37.130036
u000288,c009337,1.0,2025-10-16 17:18:25.976041
u000289,c009413,1.0,2025-01-27 06:10:47.934174
u000289,c009035,1.0,2025-02-22 09:58:52.345125
u000289,c009029,1.0,2025-03-25 04:13:03.604498
u000289,c009475,1.0,2025-05-10 03:50:49.078394
u000289,c009184,1.0,2025-07-17 20:40:58.987843
u000289,c007356,1.0,2025-10-25 03:22:16.311139
u000290,c008681,1.0,2024-11-18 00:56:34.110073
u000290,c008487,1.0,2024-12-25 09:22:31.631831
u000290,c009557,1.0,2025-01-27 04:41:43.882891
u000290,c007621,1.0,2025-03-10 18:09:32.577974
u000290,c009229,1.0,2025-05-02 07:22:09.670455
u000290,c008682,1.0,2025-07-15 06:57:05.947364
u000290,c008484,1.0,2025-08-18 22:38:47.467554
u000290,c008528,1.0,2025-10-17 19:41:21.424054
u000291,c009047,1.0,2024-12-15 22:43:55.511799
u000291,c009321,1.0,2025-01-17 17:23:02.053067
u000291,c008896,1.0,2025-01-24 08:09:42.581540
u000291,c008730,1.0,2025-02-03 06:42:53.095431
u000291,c009035,1.0,2025-02-10 05:23:58.231379
u000291,c008981,1.0,2025-02-15 20:22:15.857689
u000291,c009002,1.0,2025-02-19 09:18:14.977641
u000291,c008517,1.0,2025-05-02 07:47:29.197479
u000291,c009106,1.0,2025-05-10 23:44:48.018157
u000291,c009629,1.0,2025-05-25 12:30:29.157444
u000291,c009012,1.0,2025-06-07 00:27:09.784036
u000291,c008827,1.0,2025-07-21 12:41:53.171446
u000291,c009157,1.0,2025-08-22 23:17:27.363860
u000291,c009509,1.0,2025-09-09 09:06:08.651802
u000292,c008798,1.0,2024-11-13 04:16:50.744926
u000292,c008820,1.0,2025-04-25 06:19:02.780134
u000292,c009227,1.0,2025-08-06 06:43:22.217937
u000293,c007245,1.0,2024-12-22 00:25:23.629967
u000293,c007206,1.0,2025-07-01 11:11:42.872432
u000293,c007287,1.0,2025-08-17 13:17:15.596665
u000293,c007746,1.0,2025-10-27 02:31:11.435067
u000294,c006391,1.0,2025-01-14 08:05:31.450104
u000294,c007911,1.0,2025-03-17 21:23:38.275245
u000294,c008026,1.0,2025-05-11 15:50:53.557866
u000294,c008101,1.0,2025-06-20 17:34:07.847071
u000294,c008170,1.0,2025-06-22 11:47:27.269614
u000294,c006524,1.0,2025-07-06 17:56:34.235342
u000294,c007910,1.0,2025-09-05 09:46:22.661192
u000294,c006134,1.0,2025-10-17 20:26:37.685591
u000294,c007924,1.0,2025-10-21 08:36:29.647597
u000295,c006579,1.0,2024-11-28 05:36:24.394835
u000295,c007416,1.0,2025-02-06 10:44:20.431350
u000295,c007457,1.0,2025-02-08 10:25:53.864813
u000295,c007575,1.0,2025-02-19 14:35:52.631988
u000295,c006216,1.0,2025-03-18 06:19:50.703167
u000295,c008832,1.0,2025-04-06 22:22:33.901885
u000295,c008504,1.0,2025-05-13 08:33:08.391497
u000295,c006795,1.0,2025-06-12 20:58:27.467757
u000295,c007313,1.0,2025-06-18 22:57:34.666915
u000295,c007276,1.0,2025-07-04 01:07:51.233959
u000295,c007756,1.0,2025-07-12 06:53:08.519707
u000295,c007485,1.0,2025-09-08 14:51:59.017652
u000295,c006160,1.0,2025-09-26 12:35:21.917693
u000295,c008804,1.0,2025-10-02 22:41:28.467449
u000295,c009274,1.0,2025-10-13 07:22:34.167119
u000296,c006290,1.0,2025-04-01 06:19:27.028460
u000296,c009261,1.0,2025-04-17 22:23:30.151786
u000296,c009416,1.0,2025-09-09 01:24:24.708287
u000296,c006231,1.0,2025-09-29 23:21:46.080132
u000296,c009340,1.0,2025-10-02 11:54:45.645901
u000296,c009478,1.0,2025-10-11 04:46:39.777367
u000296,c008900,1.0,2025-10-22 15:57:52.242493
u000296,c009304,1.0,2025-10-27 22:50:12.393139
u000297,c009184,1.0,2024-11-16 08:21:26.257456
u000297,c008775,1.0,2025-05-24 23:18:02.464962
u000297,c008695,1.0,2025-06-09 10:49:36.648642
u000297,c008983,1.0,2025-07-21 05:37:19.811857
u000297,c008540,1.0,2025-07-27 13:28:13.907041
u000297,c008627,1.0,2025-08-16 23:31:54.123157
u000297,c006346,1.0,2025-08-31 11:11:46.251721
u000297,c006119,1.0,2025-09-09 11:55:58.702813
u000297,c008594,1.0,2025-10-25 10:19:16.770887
u000298,c008871,1.0,2025-01-22 06:23:13.799656
u000298,c009135,1.0,2025-02-26 01:19:47.238391
u000298,c008971,1.0,2025-03-30 09:27:33.864158
u000298,c009653,1.0,2025-05-26 11:24:33.590361
u000298,c007191,1.0,2025-06-05 12:31:04.249043
u000298,c008727,1.0,2025-06-09 17:23:27.960210
u000298,c008894,1.0,2025-07-17 12:19:29.354618
u000298,c009199,1.0,2025-07-21 11:33:38.289486
u000298,c008825,1.0,2025-07-25 22:14:00.452435
u000298,c008808,1.0,2025-08-08 02:30:32.272563
u000298,c009253,1.0,2025-10-04 14:31:50.173513
u000298,c009012,1.0,2025-10-12 17:41:17.978251
u000298,c008572,1.0,2025-10-14 11:31:45.769092
u000298,c008692,1.0,2025-10-29 20:03:39.366024
u000299,c008709,1.0,2024-11-23 03:31:06.565229
u000299,c008721,1.0,2024-11-30 15:03:00.721109
u000299,c009617,1.0,2024-12-05 03:16:42.419034
u000299,c008988,1.0,2024-12-14 02:41:25.926877
u000299,c009058,1.0,2025-01-09 00:09:29.905629
u000299,c009464,1.0,2025-02-11 10:13:17.234539
u000299,c007107,1.0,2025-03-10 15:39:37.190034
u000299,c008705,1.0,2025-04-20 21:21:47.700970
u000299,c008924,1.0,2025-04-24 18:09:08.875787
u000299,c009379,1.0,2025-05-18 22:48:25.146698
u000299,c009352,1.0,2025-09-16 09:21:23.169835
u000299,c009408,1.0,2025-10-12 21:12:45.685392
u000299,c008928,1.0,2025-11-03 07:09:11.492309
u000300,c007286,1.0,2024-11-22 23:54:19.600058
u000300,c007371,1.0,2025-02-09 04:27:05.499560
u000300,c007369,1.0,2025-02-09 12:11:30.734036
u000300,c007522,1.0,2025-02-18 00:20:07.844082
u000300,c007463,1.0,2025-02-18 07:11:46.441268
u000300,c008528,1.0,2025-03-04 22:20:00.479335
u000300,c007714,1.0,2025-03-10 05:48:13.673910
u000300,c007748,1.0,2025-04-08 22:46:01.950431
u000300,c007659,1.0,2025-05-28 00:14:58.378183
u000300,c007256,1.0,2025-08-14 20:10:24.127360
u000300,c009119,1.0,2025-08-25 23:16:42.061511
u000300,c007391,1.0,2025-09-03 17:18:10.064915
u000300,c007237,1.0,2025-10-02 09:34:11.434573
u000301,c009556,1.0,2025-01-19 17:57:11.051139
u000301,c008873,1.0,2025-01-27 00:32:15.558585
u000301,c008815,1.0,2025-01-30 17:36:16.318000
u000301,c008858,1.0,2025-03-26 01:46:11.622541
u000301,c008782,1.0,2025-03-30 06:14:24.139943
u000301,c008756,1.0,2025-07-10 03:42:58.825258
u000301,c009144,1.0,2025-07-16 00:46:27.261582
u000301,c009268,1.0,2025-10-29 03:34:35.440892
u000302,c008695,1.0,2024-12-18 11:10:34.359896
u000302,c009488,1.0,2025-04-06 16:42:54.064922
u000302,c009319,1.0,2025-06-22 14:41:35.903645
u000302,c009569,1.0,2025-07-08 20:30:47.734917
u000302,c009426,1.0,2025-08-26 11:27:54.540119
u000302,c009003,1.0,2025-09-13 03:16:23.927674
u000302,c008517,1.0,2025-10-02 19:08:59.987506
u000302,c009251,1.0,2025-10-10 08:13:28.688438
u000303,c009413,1.0,2025-02-24 10:59:14.022231
u000303,c009029,1.0,2025-03-22 03:26:21.341937
u000303,c007883,1.0,2025-04-01 01:11:06.438432
u000303,c008881,1.0,2025-06-11 08:25:21.556383
u000304,c009047,1.0,2024-11-28 10:51:47.121757
u000304,c009371,1.0,2024-12-17 02:21:59.986999
u000304,c007883,1.0,2025-03-22 23:10:58.797507
u000304,c009466,1.0,2025-05-15 16:25:33.030027
u000304,c008597,1.0,2025-06-16 17:37:45.066615
u000304,c009185,1.0,2025-07-08 20:10:11.480406
u000304,c009002,1.0,2025-09-29 01:55:16.633402
u000304,c008901,1.0,2025-10-10 01:56:21.160683
u000304,c009106,1.0,2025-10-10 15:13:46.206766
u000304,c008594,1.0,2025-10-22 12:37:56.837137
u000304,c009235,1.0,2025-11-04 21:28:30.833746
u000305,c008704,1.0,2024-12-07 08:11:13.560095
u000305,c008558,1.0,2025-02-05 22:24:56.140622
u000305,c009226,1.0,2025-03-20 17:11:43.840741
u000305,c009641,1.0,2025-06-01 23:11:47.848914
u000305,c008857,1.0,2025-08-11 01:54:50.320980
u000305,c009426,1.0,2025-08-13 18:23:02.538526
u000306,c009420,1.0,2024-11-07 17:53:21.150393
u000306,c009299,1.0,2024-11-10 00:10:23.805748
u000306,c009409,1.0,2025-02-06 00:58:43.939149
u000306,c007519,1.0,2025-02-16 05:35:25.970171
u000306,c009553,1.0,2025-03-12 14:34:50.681342
u000306,c008843,1.0,2025-04-07 08:43:35.366748
u000306,c008485,1.0,2025-04-23 10:43:00.314697
u000306,c009367,1.0,2025-07-10 17:55:43.569710
u000306,c009120,1.0,2025-07-16 00:58:55.244396
u000306,c008495,1.0,2025-07-22 02:46:29.243623
u000306,c008708,1.0,2025-08-05 00:16:00.923684
u000306,c007282,1.0,2025-10-19 07:10:26.844373
u000307,c008553,1.0,2024-12-06 04:02:58.319125
u000307,c008684,1.0,2024-12-16 20:13:49.789620
u000307,c000649,1.0,2025-01-05 14:49:57.675040
u000307,c006551,1.0,2025-01-23 12:05:16.672108
u000307,c008940,1.0,2025-03-16 08:47:09.124882
u000307,c009468,1.0,2025-04-01 23:08:46.987539
u000307,c009515,1.0,2025-05-12 06:09:34.450614
u000307,c009305,1.0,2025-06-01 15:32:28.385227
u000307,c008849,1.0,2025-06-08 05:47:04.816468
u000307,c009237,1.0,2025-07-10 02:06:12.059414
u000307,c000317,1.0,2025-07-14 20:50:13.408110
u000307,c009265,1.0,2025-08-01 14:26:34.719085
u000307,c009300,1.0,2025-09-05 02:27:07.075239
u000307,c008976,1.0,2025-09-06 12:57:30.926234
u000308,c006795,1.0,2025-01-04 12:22:17.865627
u000308,c006933,1.0,2025-01-08 13:43:26.914464
u000308,c009080,1.0,2025-03-22 23:19:34.550344
u000308,c007343,1.0,2025-05-02 18:02:17.718266
u000308,c008989,1.0,2025-05-27 22:49:36.952093
u000308,c009270,1.0,2025-10-01 17:37:46.056508
u000309,c009565,1.0,2025-04-03 18:57:15.589051
u000309,c008710,1.0,2025-06-05 06:28:42.676878
u000309,c009321,1.0,2025-06-26 21:18:57.066275
u000309,c009600,1.0,2025-07-28 19:40:50.421095
u000310,c008572,1.0,2025-04-12 14:10:33.539195
u000310,c009185,1.0,2025-04-14 14:59:10.345307
u000310,c008808,1.0,2025-04-19 06:43:54.313900
u000310,c008839,1.0,2025-06-01 10:24:03.854756
u000310,c009507,1.0,2025-07-09 01:54:16.178933
u000311,c008686,1.0,2025-01-14 20:09:31.897231
u000311,c009138,1.0,2025-07-24 22:57:30.385102
u000311,c009327,1.0,2025-09-04 02:30:46.054707
u000311,c009047,1.0,2025-09-07 09:15:07.618352
u000311,c008981,1.0,2025-10-13 04:44:27.838100
u000312,c008939,1.0,2024-11-14 22:00:18.065671
u000312,c009206,1.0,2024-12-10 01:22:58.444465
u000312,c008808,1.0,2024-12-17 04:01:59.819379
u000312,c009107,1.0,2025-01-01 16:37:10.401616
u000312,c009012,1.0,2025-01-08 17:00:45.981604
u000312,c008734,1.0,2025-02-27 05:03:06.679145
u000312,c008553,1.0,2025-03-04 05:04:21.271287
u000312,c008463,1.0,2025-04-06 12:31:34.909264
u000312,c008475,1.0,2025-04-14 05:59:14.784949
u000312,c009340,1.0,2025-07-13 02:00:40.603798
u000312,c008899,1.0,2025-08-12 18:37:43.422938
u000312,c008588,1.0,2025-08-23 00:56:07.362522
u000312,c009262,1.0,2025-09-18 02:58:36.706802
u000312,c008928,1.0,2025-10-16 15:51:38.254272
u000313,c008971,1.0,2024-11-30 00:23:36.090611
u000313,c009253,1.0,2025-01-21 10:20:17.269917
u000313,c009040,1.0,2025-04-03 09:36:08.424323
u000313,c008957,1.0,2025-05-18 03:06:21.169097
u000313,c009537,1.0,2025-05-26 20:30:10.810479
u000313,c008996,1.0,2025-06-15 17:35:23.717294
u000313,c002521,1.0,2025-07-23 13:35:07.177242
u000313,c009364,1.0,2025-08-16 05:57:57.218119
u000313,c008944,1.0,2025-08-25 14:05:24.791642
u000313,c009289,1.0,2025-09-08 19:12:56.728518
u000313,c009032,1.0,2025-09-26 20:15:43.520796
u000313,c009001,1.0,2025-10-12 22:30:20.598283
u000313,c008700,1.0,2025-10-16 16:23:38.503109
u000314,c007173,1.0,2025-02-02 13:27:37.740492
u000314,c007168,1.0,2025-02-20 00:02:55.399645
u000314,c009580,1.0,2025-05-18 21:12:31.713591
u000314,c008687,1.0,2025-09-16 19:53:03.977608
u000314,c008772,1.0,2025-10-18 06:31:01.244457
u000315,c009136,1.0,2025-02-11 11:41:57.032034
u000315,c008490,1.0,2025-06-29 05:10:57.116314
u000315,c002429,1.0,2025-07-18 11:45:50.888882
u000315,c001658,1.0,2025-08-07 04:23:06.911202
u000315,c008551,1.0,2025-09-02 11:35:09.907694
u000315,c008682,1.0,2025-09-07 06:38:00.694819
u000316,c006966,1.0,2024-12-30 00:13:45.047890
u000316,c009140,1.0,2025-06-16 23:48:21.420278
u000316,c007584,1.0,2025-07-01 23:43:05.864811
u000316,c007300,1.0,2025-07-06 08:43:26.666237
u000316,c006022,1.0,2025-07-12 05:12:56.761741
u000316,c007372,1.0,2025-07-24 02:04:13.753429
u000316,c007353,1.0,2025-08-22 20:44:31.826340
u000316,c006484,1.0,2025-08-25 13:28:25.249481
u000317,c008012,1.0,2024-11-22 18:03:37.611048
u000317,c008326,1.0,2024-11-25 08:00:03.332167
u000317,c008631,1.0,2024-12-04 23:12:24.321582
u000317,c007883,1.0,2025-02-23 23:39:49.979357
u000317,c008343,1.0,2025-04-05 16:44:53.293796
u000317,c007857,1.0,2025-04-11 16:33:37.885714
u000317,c008063,1.0,2025-04-22 11:48:43.599815
u000317,c007991,1.0,2025-05-17 07:57:39.045930
u000317,c008339,1.0,2025-05-21 15:07:13.164092
u000317,c008989,1.0,2025-07-01 21:52:07.529031
u000317,c009080,1.0,2025-07-05 19:44:47.677724
u000317,c008106,1.0,2025-08-15 22:46:09.194165
u000317,c008252,1.0,2025-09-20 23:14:30.516025
u000317,c007800,1.0,2025-11-02 10:44:48.584444
u000318,c008808,1.0,2024-11-08 18:29:19.828084
u000318,c008579,1.0,2024-11-24 20:33:16.297001
u000318,c008956,1.0,2025-02-25 05:16:51.023617
u000318,c009644,1.0,2025-04-05 22:22:27.528051
u000318,c008890,1.0,2025-05-11 12:38:58.984316
u000318,c008764,1.0,2025-05-14 13:31:15.786811
u000318,c008534,1.0,2025-06-27 09:49:31.982222
u000318,c009225,1.0,2025-09-18 11:15:44.027130
u000318,c009068,1.0,2025-10-03 09:43:09.702080
u000319,c006863,1.0,2024-12-04 13:40:03.776421
u000319,c006909,1.0,2025-02-14 08:22:28.404979
u000319,c006874,1.0,2025-02-16 13:31:07.892644
u000319,c006470,1.0,2025-04-11 05:30:20.679267
u000319,c006271,1.0,2025-04-22 15:02:30.156623
u000319,c006272,1.0,2025-06-12 18:10:10.736908
u000319,c006585,1.0,2025-07-04 12:10:39.288331
u000319,c006556,1.0,2025-07-16 06:48:19.296254
u000319,c007155,1.0,2025-09-27 10:38:41.615980
u000319,c006898,1.0,2025-10-10 00:12:27.593138
u000319,c006668,1.0,2025-11-03 23:50:11.465342
u000320,c009519,1.0,2024-12-26 10:08:42.163652
u000320,c009007,1.0,2025-06-16 20:49:03.685863
u000320,c007244,1.0,2025-07-18 01:47:41.424511
u000320,c008485,1.0,2025-08-17 04:16:09.582754
u000321,c009053,1.0,2024-11-08 07:20:19.855550
u000321,c008664,1.0,2024-11-16 15:06:18.849336
u000321,c009242,1.0,2024-11-19 19:24:44.340043
u000321,c007883,1.0,2024-11-27 08:24:46.977872
u000321,c008012,1.0,2024-12-24 18:35:25.027707
u000321,c009530,1.0,2025-01-17 01:17:05.412189
u000321,c008582,1.0,2025-03-14 16:21:43.439508
u000321,c009260,1.0,2025-05-19 19:21:34.094785
u000321,c009077,1.0,2025-07-26 02:06:02.945502
u000321,c007863,1.0,2025-07-27 05:30:00.275734
u000321,c007915,1.0,2025-08-21 02:44:22.876650
u000322,c008681,1.0,2024-12-22 19:21:49.453881
u000322,c009336,1.0,2025-01-27 09:22:26.423223
u000322,c006082,1.0,2025-03-17 23:30:52.265136
u000322,c009163,1.0,2025-03-19 10:45:37.128820
u000323,c008114,1.0,2024-12-05 17:25:20.246257
u000323,c008933,1.0,2024-12-14 10:13:26.122098
u000323,c008192,1.0,2025-01-11 10:14:38.614039
u000323,c008129,1.0,2025-02-01 11:51:10.720023
u000323,c007997,1.0,2025-04-19 12:26:47.030751
u000323,c007913,1.0,2025-06-01 02:47:15.539686
u000323,c008195,1.0,2025-06-12 09:25:08.962716
u000323,c009025,1.0,2025-07-11 12:29:03.789352
u000323,c008910,1.0,2025-07-12 18:53:30.135417
u000323,c007965,1.0,2025-08-08 12:25:24.042756
u000323,c008742,1.0,2025-08-25 02:37:08.704277
u000323,c008173,1.0,2025-08-25 03:58:42.607745
u000323,c009559,1.0,2025-09-19 02:08:00.326322
u000323,c008190,1.0,2025-10-26 08:51:36.696901
u000323,c009613,1.0,2025-11-01 05:06:54.271566
u000324,c008720,1.0,2024-11-15 11:54:27.312383
u000324,c009651,1.0,2024-12-23 12:26:57.131821
u000324,c008561,1.0,2025-01-10 17:11:54.613033
u000324,c009232,1.0,2025-01-23 10:15:19.333263
u000324,c008882,1.0,2025-02-17 02:31:05.951696
u000324,c009470,1.0,2025-04-05 02:17:44.270573
u000324,c009064,1.0,2025-05-26 13:21:40.598216
u000324,c008877,1.0,2025-08-19 06:29:38.937502
u000325,c008808,1.0,2025-03-01 04:45:54.532137
u000325,c009213,1.0,2025-10-19 04:40:09.643146
u000325,c009331,1.0,2025-10-24 05:03:41.379827
u000326,c009416,1.0,2024-12-26 06:52:11.780909
u000326,c009278,1.0,2024-12-31 14:17:14.418548
u000326,c009228,1.0,2025-01-13 02:41:44.824682
u000326,c009468,1.0,2025-03-29 13:36:06.431067
u000326,c008603,1.0,2025-05-25 13:25:00.211795
u000326,c008537,1.0,2025-06-10 18:08:07.354976
u000326,c009236,1.0,2025-06-12 17:34:57.696659
u000326,c009462,1.0,2025-06-12 22:41:51.415143
u000326,c008963,1.0,2025-08-24 21:19:40.783363
u000326,c009186,1.0,2025-08-29 06:42:45.349364
u000326,c008560,1.0,2025-09-24 20:02:00.029669
u000326,c009258,1.0,2025-10-22 01:54:34.474552
u000326,c009268,1.0,2025-10-29 07:07:51.522721
u000327,c007695,1.0,2024-12-20 13:48:40.013788
u000327,c006037,1.0,2025-01-09 18:08:35.838002
u000327,c006054,1.0,2025-01-14 17:54:33.190953
u000327,c007518,1.0,2025-02-02 01:28:42.933575
u000327,c008734,1.0,2025-02-02 01:45:24.597600
u000327,c007397,1.0,2025-02-04 04:36:51.888943
u000327,c008760,1.0,2025-02-25 09:13:53.006693
u000327,c006029,1.0,2025-03-03 11:03:31.791413
u000327,c007537,1.0,2025-03-12 14:25:06.784287
u000327,c008808,1.0,2025-03-30 12:41:24.211422
u000327,c009087,1.0,2025-04-04 08:32:27.746982
u000327,c007379,1.0,2025-08-08 08:11:56.432258
u000327,c009408,1.0,2025-08-19 23:42:06.963806
u000327,c006071,1.0,2025-10-01 21:40:28.454827
u000327,c007196,1.0,2025-10-18 18:09:04.588053
u000328,c008595,1.0,2024-11-13 08:48:09.330265
u000328,c008736,1.0,2024-11-26 07:37:49.554759
u000328,c009570,1.0,2024-12-02 00:49:12.930958
u000328,c009153,1.0,2024-12-19 15:20:20.575093
u000328,c008733,1.0,2024-12-27 08:31:25.813641
u000328,c009212,1.0,2025-01-25 09:00:35.589157
u000328,c008787,1.0,2025-04-15 11:12:18.979458
u000328,c009474,1.0,2025-04-19 14:46:56.030629
u000328,c008520,1.0,2025-07-18 16:17:17.218384
u000328,c009210,1.0,2025-07-28 20:47:58.885249
u000328,c008470,1.0,2025-08-13 02:21:05.541300
u000328,c009435,1.0,2025-08-20 17:30:37.097955
u000328,c008790,1.0,2025-10-13 15:12:30.183884
u000329,c008775,1.0,2024-11-27 12:03:25.673880
u000329,c007850,1.0,2025-02-23 16:18:59.517294
u000329,c007974,1.0,2025-03-03 10:26:24.844304
u000329,c008782,1.0,2025-03-29 06:46:46.841237
u000329,c008649,1.0,2025-05-20 21:40:13.575137
u000329,c008422,1.0,2025-09-04 21:08:36.324198
u000329,c008352,1.0,2025-09-18 22:38:18.447139
u000329,c008161,1.0,2025-10-06 02:02:29.292938
u000330,c008970,1.0,2024-11-18 12:12:48.292251
u000330,c006933,1.0,2025-02-17 10:09:41.769484
u000330,c008808,1.0,2025-03-27 23:12:17.435646
u000330,c006216,1.0,2025-08-07 02:21:40.872446
u000330,c008882,1.0,2025-10-29 09:13:36.090761
u000331,c008565,1.0,2025-02-24 02:02:58.379555
u000331,c007751,1.0,2025-02-25 13:42:02.781403
u000331,c007645,1.0,2025-03-29 22:03:40.723495
u000331,c008908,1.0,2025-07-02 08:21:25.560154
u000331,c008639,1.0,2025-07-24 10:07:14.750808
u000331,c007650,1.0,2025-08-31 18:38:48.860384
u000331,c008636,1.0,2025-09-11 02:58:38.660249
u000331,c009270,1.0,2025-09-27 14:50:14.359972
u000331,c009080,1.0,2025-10-28 10:55:50.407106
u000331,c009558,1.0,2025-11-04 05:59:06.853889
u000332,c008636,1.0,2024-11-30 18:48:57.385388
u000332,c009324,1.0,2024-12-17 08:34:05.191868
u000332,c009103,1.0,2024-12-27 17:09:08.419484
u000332,c009197,1.0,2025-02-11 12:31:06.267020
u000332,c009025,1.0,2025-02-27 03:16:59.775391
u000332,c009260,1.0,2025-03-20 00:45:35.181370
u000332,c008851,1.0,2025-04-05 00:50:42.469751
u000332,c009605,1.0,2025-06-16 13:01:50.019335
u000333,c009025,1.0,2025-01-17 01:41:53.393667
u000333,c008649,1.0,2025-03-13 13:06:55.401488
u000333,c009382,1.0,2025-03-17 18:31:31.451915
u000333,c009229,1.0,2025-06-12 11:16:30.174257
u000333,c008506,1.0,2025-06-15 00:12:52.708201
u000333,c009490,1.0,2025-07-11 10:42:14.080725
u000333,c009640,1.0,2025-08-21 09:32:08.734280
u000334,c007501,1.0,2025-01-19 10:06:19.399929
u000334,c007420,1.0,2025-03-01 13:07:42.757159
u000334,c007463,1.0,2025-03-20 00:19:32.616140
u000334,c007246,1.0,2025-03-26 02:59:53.385151
u000334,c009017,1.0,2025-04-19 18:50:59.075267
u000334,c007319,1.0,2025-05-01 04:50:06.740334
u000334,c007454,1.0,2025-05-07 12:21:18.994037
u000334,c007460,1.0,2025-05-15 17:42:21.122048
u000334,c009019,1.0,2025-07-26 10:35:12.576118
u000334,c007686,1.0,2025-07-30 23:27:12.197463
u000334,c007367,1.0,2025-07-31 10:08:11.818090
u000334,c007490,1.0,2025-08-29 22:41:02.983276
u000334,c007724,1.0,2025-11-01 02:52:07.305836
u000335,c007058,1.0,2024-11-25 01:25:23.931654
u000335,c009558,1.0,2024-12-18 01:16:30.993837
u000335,c008826,1.0,2025-02-01 21:30:13.049953
u000335,c006583,1.0,2025-03-13 00:05:30.381392
u000335,c008575,1.0,2025-03-14 15:53:18.611715
u000335,c008751,1.0,2025-03-21 02:18:39.707338
u000335,c009268,1.0,2025-04-20 16:04:59.938373
u000335,c008872,1.0,2025-04-27 10:08:50.516876
u000335,c009270,1.0,2025-05-16 10:26:21.359423
u000335,c008601,1.0,2025-07-11 13:08:37.010525
u000335,c008968,1.0,2025-07-26 23:20:52.755159
u000335,c009080,1.0,2025-10-06 15:10:01.171012
u000335,c006758,1.0,2025-10-27 18:35:35.869776
u000336,c008965,1.0,2024-11-17 12:33:22.065181
u000336,c008761,1.0,2024-12-30 04:56:24.088108
u000336,c003871,1.0,2025-01-05 04:31:25.842270
u000336,c009546,1.0,2025-02-04 09:28:44.400432
u000336,c001078,1.0,2025-02-09 05:11:48.119937
u000336,c008628,1.0,2025-02-21 15:29:59.116169
u000336,c009644,1.0,2025-02-22 00:48:03.092882
u000336,c008815,1.0,2025-03-15 10:45:35.712490
u000336,c009556,1.0,2025-04-19 00:01:33.857211
u000336,c008636,1.0,2025-04-25 06:00:44.245968
u000336,c001309,1.0,2025-05-03 12:04:43.188380
u000336,c009154,1.0,2025-05-08 00:16:49.406230
u000336,c009197,1.0,2025-05-15 17:33:13.206149
u000336,c008478,1.0,2025-06-01 05:39:17.768100
u000336,c009428,1.0,2025-10-24 03:14:29.937323
u000337,c008996,1.0,2024-11-24 18:27:53.090561
u000337,c009227,1.0,2025-03-08 15:18:05.931938
u000337,c008396,1.0,2025-03-29 07:56:29.841968
u000337,c009364,1.0,2025-07-15 17:51:56.073397
u000337,c009644,1.0,2025-08-16 18:24:18.448825
u000337,c007170,1.0,2025-08-19 04:16:47.753695
u000337,c008755,1.0,2025-09-04 06:32:12.129346
u000337,c009250,1.0,2025-11-05 21:07:04.838298
u000338,c006142,1.0,2025-02-26 05:40:18.844717
u000338,c008808,1.0,2025-03-18 12:08:30.390802
u000338,c006484,1.0,2025-07-14 06:19:26.815646
u000339,c009477,1.0,2025-02-03 01:55:14.136789
u000339,c009476,1.0,2025-03-19 21:35:43.412108
u000339,c009530,1.0,2025-06-22 15:43:00.679450
u000339,c008919,1.0,2025-09-05 07:28:01.920543
u000340,c007379,1.0,2024-11-23 07:02:27.823968
u000340,c009003,1.0,2024-11-23 19:17:20.621289
u000340,c009428,1.0,2025-03-01 07:08:16.873928
u000340,c009364,1.0,2025-04-29 18:04:40.406069
u000340,c009188,1.0,2025-06-14 04:28:05.370231
u000340,c008478,1.0,2025-06-21 15:48:22.351979
u000340,c008711,1.0,2025-09-15 07:38:35.315267
u000340,c009092,1.0,2025-10-10 19:21:15.553879
u000340,c009339,1.0,2025-10-19 12:33:40.748099
u000340,c006135,1.0,2025-11-03 21:50:33.371430
u000341,c009031,1.0,2024-11-28 13:33:29.490676
u000341,c007302,1.0,2024-12-11 17:24:36.193751
u000341,c008515,1.0,2024-12-26 09:00:56.743943
u000341,c007210,1.0,2025-01-08 13:04:46.617940
u000341,c007634,1.0,2025-02-17 23:08:09.038447
u000341,c007643,1.0,2025-03-09 20:11:51.841600
u000341,c007644,1.0,2025-04-27 08:18:05.733733
u000341,c007234,1.0,2025-05-15 20:38:05.199554
u000341,c008478,1.0,2025-05-19 08:49:00.407152
u000341,c007224,1.0,2025-07-12 09:44:56.174789
u000341,c009107,1.0,2025-08-04 02:21:19.543915
u000341,c009051,1.0,2025-08-17 08:21:38.792118
u000341,c008783,1.0,2025-09-26 14:11:27.462961
u000341,c007350,1.0,2025-10-16 09:59:27.836988
u000342,c008808,1.0,2024-11-15 04:00:32.717999
u000342,c007278,1.0,2025-02-28 05:32:48.596416
u000342,c008751,1.0,2025-03-13 12:40:58.227498
u000342,c009004,1.0,2025-05-10 22:06:12.651485
u000342,c009382,1.0,2025-07-01 15:28:48.763923
u000342,c008837,1.0,2025-07-15 06:43:43.623506
u000342,c009036,1.0,2025-07-30 04:18:12.454733
u000342,c009199,1.0,2025-08-17 08:38:02.224357
u000342,c009135,1.0,2025-10-31 16:12:51.778538
u000343,c008957,1.0,2024-11-11 14:01:30.851078
u000343,c006245,1.0,2025-01-22 22:42:13.276506
u000343,c008722,1.0,2025-02-02 08:45:31.903707
u000343,c009184,1.0,2025-05-27 15:45:39.078263
u000343,c009199,1.0,2025-06-01 02:28:44.026697
u000343,c007883,1.0,2025-06-24 15:12:37.066665
u000343,c007026,1.0,2025-07-08 16:03:15.082090
u000343,c006865,1.0,2025-07-09 05:57:28.743410
u000343,c008790,1.0,2025-08-04 11:03:52.066517
u000343,c009124,1.0,2025-08-20 02:45:24.769266
u000343,c008815,1.0,2025-09-01 08:21:14.026233
u000343,c009212,1.0,2025-09-11 05:40:41.971521
u000343,c006672,1.0,2025-09-17 23:37:07.510907
u000344,c008910,1.0,2024-11-19 09:08:12.836091
u000344,c008946,1.0,2024-11-26 23:40:04.679630
u000344,c009490,1.0,2024-12-27 06:38:07.355707
u000344,c008924,1.0,2025-01-20 01:31:11.493698
u000344,c008722,1.0,2025-04-16 16:31:18.885022
u000344,c009243,1.0,2025-06-02 09:49:34.989789
u000344,c009645,1.0,2025-06-15 10:29:54.028700
u000344,c009234,1.0,2025-08-19 02:03:34.555245
u000344,c008993,1.0,2025-10-29 01:14:56.132528
u000345,c009473,1.0,2025-02-18 00:25:30.550746
u000345,c008575,1.0,2025-02-23 22:18:40.733920
u000345,c008794,1.0,2025-05-23 22:44:53.107682
u000345,c009344,1.0,2025-07-22 09:06:58.731913
u000345,c008764,1.0,2025-07-24 08:02:34.383017
u000345,c009226,1.0,2025-10-19 00:04:39.334280
u000346,c007691,1.0,2024-12-06 22:44:50.766696
u000346,c007772,1.0,2025-03-04 05:05:47.969355
u000346,c007310,1.0,2025-03-17 10:46:45.362916
u000346,c007709,1.0,2025-03-20 01:02:22.301353
u000346,c007467,1.0,2025-05-25 14:40:39.281433
u000346,c007722,1.0,2025-06-27 21:15:54.142716
u000346,c007660,1.0,2025-07-27 10:12:14.696063
u000346,c007331,1.0,2025-08-09 08:11:40.311677
u000346,c007376,1.0,2025-10-25 12:32:28.190968
u000346,c007209,1.0,2025-10-28 17:56:12.842841
u000346,c007312,1.0,2025-11-06 12:33:16.260785
u000347,c009307,1.0,2024-12-03 14:24:14.281180
u000347,c009326,1.0,2025-01-10 01:36:45.909555
u000347,c007794,1.0,2025-01-13 19:34:37.494987
u000347,c008254,1.0,2025-02-06 05:18:15.928026
u000347,c008808,1.0,2025-04-15 02:25:32.233589
u000347,c008917,1.0,2025-06-10 15:42:21.499725
u000347,c008146,1.0,2025-07-28 18:48:16.916329
u000347,c008271,1.0,2025-08-28 13:31:17.084909
u000347,c008957,1.0,2025-09-25 17:35:00.660118
u000347,c007980,1.0,2025-10-13 09:42:50.707123
u000348,c007518,1.0,2024-12-30 19:00:08.405195
u000348,c008779,1.0,2025-02-15 06:07:22.409354
u000348,c008884,1.0,2025-04-17 06:35:07.231265
u000348,c009091,1.0,2025-05-17 02:27:58.961522
u000348,c008490,1.0,2025-05-17 12:27:50.188951
u000348,c009510,1.0,2025-06-13 01:18:05.985042
u000348,c009398,1.0,2025-07-11 01:09:49.107611
u000348,c008680,1.0,2025-07-19 20:11:47.475101
u000348,c006295,1.0,2025-10-08 08:51:45.853546
u000348,c009222,1.0,2025-10-21 01:16:36.233041
u000348,c008501,1.0,2025-11-01 18:35:41.975357
u000349,c009261,1.0,2024-12-04 11:48:12.111671
u000349,c009462,1.0,2024-12-20 19:35:56.122473
u000349,c008829,1.0,2025-02-04 13:40:23.064977
u000349,c008888,1.0,2025-05-29 01:31:06.918410
u000349,c008528,1.0,2025-06-25 15:50:42.515019
u000349,c008826,1.0,2025-08-29 19:05:49.809733
u000350,c008956,1.0,2025-01-12 01:31:31.467818
u000350,c008722,1.0,2025-01-12 13:42:47.207979
u000350,c009415,1.0,2025-01-17 03:08:52.457370
u000350,c008880,1.0,2025-03-13 03:01:48.184711
u000350,c008783,1.0,2025-03-29 23:00:39.030852
u000350,c008695,1.0,2025-05-10 20:21:03.208135
u000350,c009397,1.0,2025-05-19 01:30:58.379487
u000350,c009375,1.0,2025-05-23 07:27:35.954245
u000350,c009231,1.0,2025-07-16 20:22:03.796752
u000350,c009068,1.0,2025-07-30 06:23:49.836423
u000350,c009543,1.0,2025-10-17 08:20:53.853323
u000351,c009475,1.0,2025-01-07 04:01:16.522545
u000351,c009565,1.0,2025-06-12 03:51:22.494559
u000351,c009413,1.0,2025-07-29 07:10:01.654772
u000351,c009293,1.0,2025-08-01 05:29:50.941061
u000351,c009629,1.0,2025-10-19 12:23:31.594473
u000352,c007225,1.0,2024-11-24 10:05:13.740136
u000352,c008682,1.0,2024-12-04 15:00:19.948979
u000352,c009558,1.0,2025-02-11 05:11:25.714737
u000352,c007686,1.0,2025-03-18 14:56:57.159497
u000352,c007367,1.0,2025-03-31 08:44:50.940365
u000352,c007449,1.0,2025-04-11 05:20:02.658801
u000352,c008989,1.0,2025-08-04 05:25:26.352767
u000352,c008820,1.0,2025-08-11 02:08:41.216065
u000352,c009199,1.0,2025-09-02 01:57:28.601664
u000352,c008837,1.0,2025-09-07 13:11:08.431985
u000352,c007319,1.0,2025-10-10 01:19:12.225965
u000352,c007231,1.0,2025-10-12 17:50:16.849881
u000352,c008968,1.0,2025-10-25 09:06:35.297545
u000352,c007185,1.0,2025-11-05 07:43:42.705205
u000353,c007954,1.0,2024-11-30 12:30:33.519820
u000353,c009381,1.0,2024-12-18 22:41:43.829613
u000353,c008791,1.0,2024-12-23 06:14:43.163488
u000353,c008058,1.0,2025-02-16 23:43:34.820035
u000353,c009202,1.0,2025-02-26 22:20:15.335593
u000353,c008170,1.0,2025-04-03 09:51:02.552752
u000353,c008088,1.0,2025-06-18 11:18:30.724017
u000353,c008440,1.0,2025-08-09 12:01:56.279991
u000353,c008203,1.0,2025-08-22 03:00:30.863915
u000353,c009094,1.0,2025-08-30 16:42:51.153676
u000353,c008556,1.0,2025-09-16 13:59:26.516806
u000353,c008273,1.0,2025-10-10 04:17:05.589047
u000353,c003221,1.0,2025-10-29 19:09:09.046784
u000354,c006153,1.0,2024-11-15 17:22:21.673846
u000354,c006528,1.0,2024-12-04 23:02:06.084865
u000354,c006436,1.0,2025-01-10 04:30:00.128934
u000354,c006456,1.0,2025-01-11 17:23:20.308464
u000354,c005996,1.0,2025-03-24 09:09:52.986571
u000354,c006557,1.0,2025-06-10 03:02:59.140320
u000354,c007991,1.0,2025-06-21 23:20:46.649236
u000354,c006529,1.0,2025-11-04 10:23:36.921833
u000355,c009487,1.0,2024-11-14 05:36:33.752173
u000355,c008700,1.0,2025-03-04 00:06:57.459944
u000355,c008991,1.0,2025-04-15 21:19:54.631039
u000355,c009087,1.0,2025-05-17 08:17:16.100525
u000355,c009301,1.0,2025-06-15 07:37:23.383950
u000355,c009227,1.0,2025-08-07 10:59:52.198297
u000356,c006271,1.0,2024-11-13 07:24:24.369564
u000356,c006201,1.0,2024-11-23 06:35:10.632945
u000356,c006589,1.0,2024-11-24 14:19:33.931183
u000356,c008987,1.0,2024-11-27 13:02:59.242820
u000356,c006666,1.0,2024-11-28 02:20:09.011753
u000356,c006448,1.0,2025-01-15 19:05:21.432895
u000356,c006664,1.0,2025-01-27 18:02:31.346689
u000356,c007072,1.0,2025-02-19 12:40:14.338122
u000356,c009102,1.0,2025-04-03 04:50:40.907136
u000356,c008515,1.0,2025-06-16 14:51:35.394495
u000356,c007170,1.0,2025-06-16 20:42:01.539557
u000356,c006904,1.0,2025-07-16 03:23:25.564389
u000356,c001368,1.0,2025-07-16 19:43:05.571929
u000356,c009218,1.0,2025-07-31 19:18:38.892547
u000356,c009595,1.0,2025-09-19 20:51:19.034607
u000357,c008552,1.0,2024-11-16 14:26:26.107825
u000357,c009207,1.0,2025-01-09 13:14:51.077569
u000357,c009184,1.0,2025-10-25 19:08:41.364439
u000358,c008798,1.0,2024-11-20 01:22:59.591178
u000358,c008820,1.0,2024-12-11 13:27:41.260342
u000358,c006017,1.0,2024-12-15 11:19:09.178847
u000358,c009048,1.0,2025-01-03 15:29:32.582636
u000358,c009231,1.0,2025-02-07 14:34:29.192178
u000358,c007449,1.0,2025-03-18 09:49:16.233470
u000358,c008736,1.0,2025-03-25 00:12:36.902682
u000358,c009212,1.0,2025-03-29 03:36:50.360881
u000358,c007714,1.0,2025-05-15 03:02:16.359648
u000358,c009091,1.0,2025-06-18 11:21:28.882214
u000358,c008808,1.0,2025-07-05 10:48:09.873787
u000358,c009398,1.0,2025-07-19 16:57:03.797534
u000358,c008560,1.0,2025-09-07 13:44:46.924463
u000359,c008968,1.0,2024-11-22 22:02:20.183512
u000359,c007192,1.0,2025-02-06 00:28:43.557766
u000359,c009212,1.0,2025-07-04 12:56:27.991933
u000359,c009210,1.0,2025-09-02 10:53:27.309805
u000359,c008682,1.0,2025-10-10 11:03:29.465005
u000360,c009023,1.0,2024-12-16 04:02:19.392843
u000360,c008496,1.0,2025-01-19 15:11:26.829838
u000360,c008800,1.0,2025-03-03 06:04:18.863774
u000360,c008648,1.0,2025-05-08 21:00:44.358181
u000360,c009158,1.0,2025-05-25 16:15:53.547573
u000360,c008998,1.0,2025-06-13 13:26:44.594661
u000360,c009347,1.0,2025-06-26 06:40:07.344429
u000360,c008672,1.0,2025-07-23 11:37:33.235396
u000360,c009236,1.0,2025-07-24 22:39:28.624482
u000360,c006076,1.0,2025-08-21 08:59:18.492582
u000360,c009107,1.0,2025-09-16 09:33:00.556341
u000360,c007449,1.0,2025-09-27 18:21:16.684346
u000361,c008376,1.0,2024-11-08 11:46:18.577746
u000361,c007373,1.0,2024-11-19 19:22:19.446592
u000361,c007986,1.0,2025-02-02 20:34:44.699026
u000361,c007947,1.0,2025-02-27 12:49:38.096988
u000361,c009053,1.0,2025-05-03 10:16:55.917779
u000361,c008696,1.0,2025-05-26 04:52:37.158563
u000361,c008057,1.0,2025-06-04 00:40:23.228371
u000361,c008448,1.0,2025-06-25 10:51:46.317055
u000361,c007512,1.0,2025-07-13 04:35:03.378945
u000361,c007802,1.0,2025-08-20 21:20:51.812019
u000361,c007977,1.0,2025-08-31 02:19:08.491494
u000361,c008306,1.0,2025-09-01 18:46:27.859086
u000361,c008420,1.0,2025-11-04 19:14:38.640761
u000362,c007104,1.0,2024-12-11 04:45:53.293671
u000362,c008650,1.0,2025-01-11 10:33:22.087817
u000362,c008680,1.0,2025-03-09 18:17:29.554087
u000362,c006723,1.0,2025-05-20 11:34:24.034103
u000362,c008733,1.0,2025-07-28 16:16:34.708677
u000362,c006029,1.0,2025-11-01 04:20:02.986171
u000363,c008917,1.0,2024-12-27 23:13:34.262673
u000363,c006396,1.0,2025-02-21 08:25:06.227633
u000363,c008992,1.0,2025-03-09 02:11:49.903282
u000363,c008919,1.0,2025-03-10 18:50:04.664199
u000363,c009641,1.0,2025-03-13 09:50:55.470359
u000363,c009212,1.0,2025-03-16 18:53:49.725154
u000363,c008808,1.0,2025-03-21 17:41:26.225225
u000364,c008286,1.0,2024-11-12 07:38:29.400163
u000364,c007359,1.0,2024-12-17 05:00:11.836477
u000364,c008945,1.0,2025-03-08 02:20:08.096839
u000364,c008293,1.0,2025-05-08 04:08:48.140332
u000364,c008085,1.0,2025-05-16 16:26:45.351877
u000364,c008104,1.0,2025-05-21 14:35:39.348273
u000364,c008022,1.0,2025-06-05 10:06:02.130133
u000364,c007978,1.0,2025-06-22 00:02:48.054989
u000364,c007403,1.0,2025-06-22 13:00:55.012704
u000364,c007811,1.0,2025-07-05 07:03:36.926908
u000364,c008087,1.0,2025-07-29 20:32:41.039602
u000364,c008388,1.0,2025-08-08 02:31:15.534314
u000364,c007724,1.0,2025-09-30 02:56:22.067794
u000364,c008384,1.0,2025-10-16 15:44:52.340268
u000364,c008027,1.0,2025-11-06 16:07:01.184766
u000365,c008778,1.0,2024-12-14 14:29:21.810077
u000365,c009440,1.0,2024-12-25 03:41:18.112819
u000365,c009222,1.0,2025-01-05 04:12:48.418583
u000365,c008643,1.0,2025-01-09 17:56:33.263018
u000365,c009321,1.0,2025-01-28 03:53:25.347680
u000365,c008018,1.0,2025-05-07 06:04:40.208297
u000365,c008740,1.0,2025-05-14 00:00:23.313249
u000365,c008665,1.0,2025-07-04 05:42:42.133522
u000365,c007201,1.0,2025-07-08 08:48:24.689541
u000365,c009413,1.0,2025-07-19 06:15:20.531109
u000365,c009053,1.0,2025-07-25 09:17:50.720943
u000365,c009475,1.0,2025-07-26 23:14:17.425245
u000365,c006158,1.0,2025-08-29 05:44:57.352951
u000365,c008979,1.0,2025-09-05 14:58:59.432485
u000365,c009525,1.0,2025-10-22 06:20:53.135209
u000366,c009375,1.0,2025-02-18 17:28:41.299125
u000366,c008521,1.0,2025-03-06 04:16:31.072417
u000366,c008979,1.0,2025-07-02 17:59:16.330682
u000366,c008894,1.0,2025-08-28 06:46:56.559375
u000366,c009398,1.0,2025-10-18 14:53:18.486508
u000367,c008965,1.0,2024-11-10 21:17:59.947320
u000367,c008554,1.0,2024-12-09 21:12:34.342750
u000367,c009151,1.0,2024-12-23 02:40:51.142487
u000367,c008696,1.0,2025-01-05 13:11:55.662547
u000367,c009234,1.0,2025-01-27 19:17:43.498057
u000367,c008763,1.0,2025-02-25 02:34:18.097191
u000368,c009544,1.0,2024-11-09 23:05:10.470559
u000368,c009462,1.0,2024-11-27 08:36:40.625752
u000368,c009139,1.0,2024-12-27 03:39:29.449417
u000368,c009443,1.0,2025-03-04 05:38:10.881108
u000368,c007130,1.0,2025-04-08 02:06:26.920984
u000368,c006437,1.0,2025-05-15 03:18:09.395257
u000368,c008970,1.0,2025-10-08 23:17:36.740967
u000369,c009298,1.0,2024-11-23 03:36:44.138357
u000369,c009310,1.0,2024-11-24 19:29:01.940386
u000369,c008782,1.0,2024-12-09 06:47:09.438175
u000369,c008649,1.0,2024-12-09 07:33:17.575970
u000369,c008756,1.0,2025-01-23 11:54:12.139892
u000369,c006117,1.0,2025-02-12 17:35:20.091255
u000369,c008825,1.0,2025-03-13 23:10:56.172007
u000369,c007276,1.0,2025-06-06 11:59:55.614626
u000369,c009653,1.0,2025-06-17 08:59:22.193320
u000369,c009553,1.0,2025-07-06 02:35:15.606046
u000369,c006095,1.0,2025-08-01 04:19:49.218224
u000369,c007057,1.0,2025-09-21 12:36:17.557651
u000370,c007139,1.0,2025-01-20 21:29:07.820317
u000370,c008947,1.0,2025-02-09 01:49:20.039771
u000370,c008587,1.0,2025-03-17 17:13:46.921030
u000370,c007446,1.0,2025-05-04 05:50:42.867161
u000370,c006417,1.0,2025-05-12 13:52:17.648192
u000370,c007224,1.0,2025-06-02 08:12:43.002173
u000370,c006536,1.0,2025-07-20 23:21:13.980838
u000371,c008984,1.0,2024-11-08 02:12:01.563322
u000371,c009230,1.0,2024-11-24 03:44:07.686331
u000371,c009162,1.0,2025-01-10 12:29:01.550952
u000371,c009136,1.0,2025-01-31 19:51:17.881632
u000371,c009226,1.0,2025-02-24 04:30:19.393275
u000371,c009435,1.0,2025-03-01 08:08:52.600774
u000371,c009131,1.0,2025-03-10 02:38:20.559785
u000371,c008787,1.0,2025-03-18 01:46:54.944287
u000371,c007647,1.0,2025-03-28 19:59:04.119309
u000371,c008749,1.0,2025-04-02 06:12:58.345852
u000371,c009479,1.0,2025-08-20 14:15:36.063886
u000371,c008575,1.0,2025-09-02 11:21:51.586202
u000372,c009568,1.0,2024-11-23 18:33:11.292595
u000372,c009079,1.0,2024-12-22 18:40:56.429424
u000372,c008780,1.0,2025-01-13 10:35:10.699980
u000372,c006039,1.0,2025-01-18 16:37:58.986844
u000372,c009339,1.0,2025-04-15 19:19:35.865634
u000372,c009386,1.0,2025-04-27 02:23:24.602775
u000372,c009003,1.0,2025-05-08 00:12:16.421679
u000372,c009396,1.0,2025-07-09 21:24:35.105722
u000372,c008572,1.0,2025-09-10 23:49:58.868782
u000372,c007449,1.0,2025-09-27 20:07:34.122699
u000372,c008586,1.0,2025-09-28 08:14:07.257466
u000372,c006142,1.0,2025-10-21 14:26:10.272783
u000372,c008035,1.0,2025-10-31 23:13:40.617923
u000373,c009124,1.0,2025-05-26 06:58:22.460808
u000373,c009164,1.0,2025-06-04 00:04:42.478634
u000373,c009236,1.0,2025-06-15 16:39:35.453677
u000373,c008481,1.0,2025-06-17 20:48:25.529092
u000373,c008590,1.0,2025-09-20 02:22:07.666297
u000374,c009070,1.0,2024-11-13 12:01:11.500197
u000374,c008774,1.0,2025-02-11 05:33:09.896923
u000374,c009068,1.0,2025-03-18 00:56:39.008829
u000374,c009225,1.0,2025-03-29 19:07:27.029346
u000374,c008493,1.0,2025-05-05 12:49:42.281510
u000374,c008478,1.0,2025-05-24 16:28:44.516001
u000374,c008817,1.0,2025-05-30 07:55:20.920112
u000374,c009484,1.0,2025-05-31 23:07:25.916081
u000374,c008695,1.0,2025-07-26 09:52:49.088506
u000374,c008011,1.0,2025-08-04 21:16:43.129310
u000374,c008783,1.0,2025-08-15 15:44:03.369501
u000374,c008545,1.0,2025-09-05 06:12:49.537148
u000374,c008691,1.0,2025-09-08 17:36:26.434551
u000374,c009230,1.0,2025-10-20 10:23:30.743108
u000374,c008522,1.0,2025-10-28 23:55:20.598872
u000375,c009409,1.0,2024-11-14 00:04:33.436346
u000375,c009481,1.0,2024-12-17 12:25:04.540736
u000375,c008750,1.0,2025-01-31 16:54:17.440712
u000375,c009012,1.0,2025-04-14 16:00:29.998574
u000375,c008988,1.0,2025-05-07 15:39:38.798030
u000375,c008577,1.0,2025-11-02 06:23:27.148278
u000376,c009119,1.0,2024-11-12 07:49:19.410914
u000376,c009521,1.0,2025-06-19 02:02:25.634365
u000376,c008787,1.0,2025-07-13 17:22:12.457286
u000377,c007828,1.0,2024-11-13 09:05:34.190025
u000377,c009389,1.0,2024-12-07 08:48:57.161851
u000377,c009212,1.0,2024-12-24 07:07:16.641788
u000377,c006942,1.0,2025-01-08 11:11:34.418136
u000377,c008681,1.0,2025-01-14 10:01:48.795925
u000377,c009435,1.0,2025-02-11 05:57:52.666525
u000377,c008787,1.0,2025-02-27 21:31:22.811309
u000377,c007846,1.0,2025-04-10 13:20:42.500177
u000377,c008800,1.0,2025-04-27 23:00:00.159929
u000377,c008007,1.0,2025-05-15 00:40:17.135005
u000377,c008736,1.0,2025-06-19 22:00:32.713857
u000377,c009208,1.0,2025-07-29 14:03:10.236641
u000377,c009570,1.0,2025-10-25 08:03:39.380470
u000378,c008665,1.0,2024-11-19 23:26:04.232901
u000378,c009056,1.0,2024-11-24 00:16:18.493777
u000378,c009375,1.0,2024-12-07 10:55:46.781317
u000378,c009591,1.0,2025-01-18 00:03:05.236117
u000378,c009148,1.0,2025-02-15 04:33:02.530798
u000378,c008778,1.0,2025-04-29 12:42:07.376075
u000378,c008610,1.0,2025-08-22 05:53:02.934857
u000378,c008536,1.0,2025-09-12 07:53:55.733582
u000378,c008583,1.0,2025-09-29 15:31:30.569680
u000379,c009189,1.0,2024-11-12 18:39:48.563110
u000379,c009302,1.0,2025-02-06 10:22:10.494952
u000379,c008833,1.0,2025-07-22 04:39:58.938864
u000379,c008979,1.0,2025-09-17 13:18:21.445628
u000380,c007312,1.0,2024-12-01 05:59:41.415774
u000380,c007353,1.0,2025-04-01 00:22:54.962135
u000380,c009226,1.0,2025-04-14 04:43:10.586548
u000380,c007457,1.0,2025-05-02 12:24:53.478591
u000381,c008919,1.0,2024-11-13 04:14:32.073913
u000381,c009477,1.0,2024-11-29 07:46:10.365613
u000381,c006111,1.0,2024-12-07 19:16:30.810246
u000381,c006796,1.0,2025-01-05 06:49:14.848195
u000381,c008710,1.0,2025-01-08 11:59:32.178952
u000381,c009239,1.0,2025-04-04 13:49:15.040420
u000381,c007014,1.0,2025-05-26 09:19:53.155593
u000381,c009304,1.0,2025-06-07 21:50:40.395169
u000381,c009466,1.0,2025-07-03 09:10:05.341922
u000381,c008494,1.0,2025-08-19 08:21:20.385890
u000381,c008643,1.0,2025-08-19 13:21:06.798722
u000381,c009563,1.0,2025-10-08 08:43:00.564272
u000382,c007044,1.0,2024-11-18 07:20:29.010459
u000382,c009508,1.0,2024-12-03 12:51:44.736064
u000382,c008871,1.0,2025-01-24 02:36:51.064262
u000382,c009379,1.0,2025-03-30 16:41:27.821932
u000382,c009324,1.0,2025-03-30 17:02:54.976740
u000382,c009135,1.0,2025-05-20 08:11:55.249070
u000382,c006033,1.0,2025-05-28 22:42:43.523240
u000382,c008808,1.0,2025-06-09 04:10:41.869648
u000382,c009558,1.0,2025-08-14 15:00:52.613408
u000382,c009260,1.0,2025-08-27 13:40:53.200167
u000382,c008691,1.0,2025-10-08 13:05:12.097101
u000382,c008978,1.0,2025-10-10 09:27:12.955281
u000382,c008577,1.0,2025-10-11 15:27:42.886651
u000383,c008472,1.0,2025-03-05 08:59:52.651238
u000383,c008498,1.0,2025-05-13 15:54:04.699930
u000383,c009157,1.0,2025-06-02 12:39:16.445618
u000383,c009121,1.0,2025-10-13 22:21:59.910278
u000384,c009475,1.0,2025-04-13 05:33:41.365441
u000384,c009413,1.0,2025-04-27 04:14:26.192155
u000384,c008589,1.0,2025-05-11 17:35:33.127342
u000384,c008575,1.0,2025-06-17 01:18:17.001544
u000384,c009600,1.0,2025-07-14 11:45:14.989393
u000385,c008982,1.0,2024-12-02 17:16:49.465736
u000385,c006898,1.0,2025-01-29 00:12:00.228786
u000385,c006761,1.0,2025-04-21 22:37:00.188371
u000385,c008850,1.0,2025-04-28 07:54:01.929357
u000386,c008596,1.0,2024-12-28 15:58:38.475060
u000386,c009126,1.0,2025-01-16 20:10:28.663507
u000386,c007358,1.0,2025-02-25 02:24:37.074045
u000386,c009442,1.0,2025-03-24 22:16:42.979334
u000386,c009355,1.0,2025-06-08 01:50:17.412138
u000386,c009268,1.0,2025-09-23 23:35:32.294115
u000387,c009055,1.0,2025-01-06 01:07:02.191215
u000387,c008913,1.0,2025-02-23 15:41:37.337109
u000387,c008665,1.0,2025-06-16 12:24:22.920239
u000387,c009474,1.0,2025-09-14 23:34:12.314127
u000387,c009276,1.0,2025-11-03 04:36:41.180004
u000388,c009199,1.0,2025-01-30 07:55:48.654895
u000388,c008761,1.0,2025-02-11 17:11:41.757405
u000388,c008899,1.0,2025-03-04 02:43:43.136621
u000388,c009112,1.0,2025-05-07 14:38:23.132710
u000388,c008902,1.0,2025-07-29 10:20:41.252157
u000388,c008764,1.0,2025-08-31 19:43:56.135472
u000389,c008681,1.0,2024-11-17 21:08:25.699749
u000389,c008616,1.0,2024-12-14 07:30:48.821894
u000389,c009389,1.0,2025-01-11 12:02:31.502943
u000389,c008787,1.0,2025-01-17 09:09:46.936308
u000389,c009435,1.0,2025-02-21 18:00:12.105765
u000389,c009212,1.0,2025-02-22 12:36:55.908089
u000389,c009185,1.0,2025-08-24 06:17:18.961797
u000390,c009442,1.0,2025-04-12 03:55:54.317904
u000390,c008858,1.0,2025-05-07 22:29:50.352758
u000390,c006366,1.0,2025-09-06 04:48:12.051704
u000391,c008532,1.0,2024-11-13 06:42:22.441032
u000391,c009466,1.0,2025-01-09 04:10:19.992891
u000391,c008687,1.0,2025-01-10 02:18:31.358107
u000391,c009002,1.0,2025-02-22 19:38:02.414427
u000391,c008717,1.0,2025-04-14 15:13:28.591765
u000391,c008790,1.0,2025-05-07 10:58:50.166573
u000391,c008787,1.0,2025-05-11 03:35:12.007935
u000391,c009389,1.0,2025-05-31 16:41:37.973346
u000391,c009570,1.0,2025-06-19 05:23:22.866671
u000391,c009212,1.0,2025-07-12 04:21:18.009329
u000391,c008560,1.0,2025-08-13 15:50:05.581509
u000391,c009035,1.0,2025-09-05 22:59:45.174636
u000392,c006749,1.0,2024-11-16 22:58:54.510147
u000392,c006064,1.0,2025-03-24 23:36:58.762328
u000392,c009429,1.0,2025-05-07 04:54:51.350776
u000392,c009570,1.0,2025-05-14 09:16:44.145212
u000392,c006041,1.0,2025-08-15 23:01:29.601007
u000392,c009097,1.0,2025-08-22 02:12:06.924869
u000392,c008717,1.0,2025-09-01 15:16:55.470797
u000392,c006207,1.0,2025-10-16 08:41:26.907447
u000393,c009304,1.0,2024-11-19 01:10:10.576081
u000393,c009231,1.0,2025-02-05 19:07:00.671683
u000393,c009226,1.0,2025-02-22 05:15:53.533847
u000393,c008513,1.0,2025-02-25 04:49:47.554071
u000393,c009466,1.0,2025-04-10 04:58:05.910962
u000393,c009473,1.0,2025-04-12 15:53:38.856494
u000393,c000596,1.0,2025-08-24 11:10:10.429649
u000393,c009162,1.0,2025-08-26 03:07:37.554979
u000394,c008642,1.0,2024-11-29 06:14:39.428561
u000394,c009199,1.0,2025-01-29 11:31:41.746914
u000394,c008808,1.0,2025-02-05 22:47:51.379151
u000394,c008936,1.0,2025-02-21 01:39:58.957418
u000394,c009155,1.0,2025-02-21 20:33:04.228207
u000394,c009478,1.0,2025-02-24 22:35:13.700640
u000394,c008968,1.0,2025-03-28 19:18:18.220067
u000394,c008646,1.0,2025-05-26 15:32:07.365856
u000394,c008707,1.0,2025-06-08 04:56:19.846181
u000394,c006745,1.0,2025-06-08 11:45:03.101341
u000394,c008751,1.0,2025-06-11 20:40:45.487721
u000394,c006366,1.0,2025-07-21 08:07:49.970209
u000394,c009213,1.0,2025-10-14 09:19:07.937483
u000395,c006624,1.0,2024-11-26 20:08:25.533723
u000395,c006404,1.0,2025-01-24 03:18:36.663067
u000395,c006396,1.0,2025-02-04 00:17:02.882311
u000395,c006647,1.0,2025-05-10 17:09:06.055771
u000395,c006926,1.0,2025-06-26 18:01:42.203095
u000395,c006095,1.0,2025-07-22 19:00:36.695126
u000395,c006170,1.0,2025-07-29 08:33:52.628760
u000395,c009121,1.0,2025-08-16 21:47:09.398034
u000395,c006248,1.0,2025-08-25 14:32:56.501095
u000395,c006331,1.0,2025-08-27 19:10:52.311484
u000395,c006146,1.0,2025-10-03 11:47:07.474657
u000396,c009304,1.0,2025-03-29 14:09:05.007133
u000396,c009256,1.0,2025-05-05 19:28:46.355465
u000396,c008619,1.0,2025-07-11 04:01:00.527300
u000396,c009234,1.0,2025-08-12 03:13:56.302009
u000397,c008176,1.0,2024-11-28 21:57:51.268808
u000397,c008398,1.0,2025-02-03 04:00:56.869651
u000397,c008350,1.0,2025-02-21 07:30:38.994780
u000397,c009301,1.0,2025-02-24 01:40:46.039801
u000397,c007838,1.0,2025-03-24 14:42:45.015635
u000397,c008343,1.0,2025-04-25 04:05:16.401948
u000397,c007898,1.0,2025-07-14 08:38:28.999088
u000397,c008296,1.0,2025-08-11 16:54:07.173165
u000397,c007991,1.0,2025-09-13 02:06:45.062148
u000397,c007916,1.0,2025-09-20 10:32:32.669961
u000397,c008041,1.0,2025-10-24 00:57:27.431655
u000398,c006579,1.0,2024-11-07 05:53:17.251562
u000398,c009488,1.0,2025-03-21 11:23:20.741702
u000398,c006395,1.0,2025-04-11 14:47:16.266199
u000398,c006991,1.0,2025-05-18 05:27:11.880060
u000398,c008953,1.0,2025-06-20 02:24:26.825998
u000398,c009063,1.0,2025-07-03 03:59:26.179472
u000398,c009052,1.0,2025-07-26 15:30:48.989905
u000398,c006433,1.0,2025-08-26 21:23:01.173542
u000399,c009303,1.0,2025-01-22 15:00:56.471050
u000399,c008095,1.0,2025-03-19 13:31:46.176633
u000399,c008448,1.0,2025-03-26 19:44:09.558959
u000399,c008221,1.0,2025-04-24 15:28:18.110161
u000399,c009476,1.0,2025-05-28 11:05:54.328751
u000399,c008859,1.0,2025-08-10 01:38:18.699288
u000399,c007975,1.0,2025-09-01 18:20:06.141246
u000399,c008099,1.0,2025-10-09 18:18:43.142990
u000399,c008690,1.0,2025-10-15 08:16:47.619486
u000399,c009107,1.0,2025-10-18 18:25:09.822842
u000399,c008648,1.0,2025-10-27 01:25:45.175610
u000400,c009019,1.0,2025-04-01 21:33:58.319011
u000400,c009612,1.0,2025-04-03 13:20:26.164234
u000400,c008723,1.0,2025-05-27 00:27:22.181185
u000400,c009021,1.0,2025-09-26 07:25:29.391174
u000400,c008756,1.0,2025-10-06 01:20:53.304545
u000401,c009389,1.0,2024-12-26 15:10:08.715239
u000401,c008777,1.0,2025-02-20 04:11:41.773420
u000401,c008817,1.0,2025-03-10 12:54:44.676354
u000401,c009574,1.0,2025-04-03 03:32:17.563576
u000401,c009212,1.0,2025-04-13 02:35:41.435292
u000401,c008790,1.0,2025-05-14 11:34:11.233220
u000401,c008764,1.0,2025-06-01 07:09:29.014040
u000401,c008844,1.0,2025-06-03 06:48:08.886803
u000401,c008544,1.0,2025-07-09 10:59:25.102334
u000401,c008579,1.0,2025-07-15 08:01:07.311801
u000401,c008629,1.0,2025-09-14 04:26:33.159609
u000401,c008462,1.0,2025-09-25 12:54:05.389393
u000401,c009139,1.0,2025-10-13 23:59:58.053557
u000401,c007906,1.0,2025-10-25 03:02:42.236547
u000401,c007844,1.0,2025-10-28 17:57:27.519655
u000402,c009493,1.0,2024-12-06 15:31:10.473358
u000402,c008523,1.0,2025-01-24 13:18:49.824177
u000402,c008683,1.0,2025-01-26 20:09:33.349695
u000402,c008509,1.0,2025-01-29 21:52:39.854603
u000402,c009297,1.0,2025-02-08 09:51:58.530233
u000402,c008610,1.0,2025-02-17 10:27:47.629807
u000402,c009124,1.0,2025-03-02 16:16:55.204004
u000402,c009235,1.0,2025-03-12 20:37:10.127485
u000402,c008627,1.0,2025-04-07 04:57:46.827138
u000402,c009184,1.0,2025-04-08 17:33:54.830200
u000402,c009303,1.0,2025-06-05 09:08:03.530344
u000402,c008927,1.0,2025-08-03 15:35:32.392258
u000402,c008594,1.0,2025-10-14 11:21:13.060978
u000403,c008580,1.0,2025-01-16 11:45:42.439806
u000403,c008462,1.0,2025-02-28 12:03:13.193833
u000403,c008067,1.0,2025-06-10 08:47:55.224616
u000403,c009304,1.0,2025-07-15 10:15:49.291221
u000403,c008494,1.0,2025-07-23 12:23:41.960399
u000403,c007925,1.0,2025-07-31 23:04:42.949683
u000403,c008029,1.0,2025-11-06 09:10:42.075883
u000404,c008616,1.0,2024-12-05 00:58:29.954838
u000404,c008653,1.0,2025-01-06 09:27:36.056623
u000404,c007277,1.0,2025-03-01 22:01:19.186033
u000404,c008596,1.0,2025-03-16 04:23:22.545139
u000404,c009238,1.0,2025-03-19 09:07:36.394682
u000404,c009462,1.0,2025-04-17 13:08:17.291677
u000404,c009258,1.0,2025-05-07 16:57:31.985012
u000404,c009340,1.0,2025-05-26 18:05:00.091950
u000404,c009291,1.0,2025-07-09 00:08:14.081246
u000404,c007204,1.0,2025-07-11 17:46:43.215290
u000404,c009556,1.0,2025-10-01 15:30:24.674524
u000404,c009372,1.0,2025-10-21 05:55:30.164487
u000405,c007621,1.0,2025-08-18 22:39:31.293978
u000405,c007166,1.0,2025-10-12 06:42:53.288772
u000405,c006275,1.0,2025-10-28 16:47:20.126486
u000406,c006045,1.0,2024-11-10 03:05:33.781553
u000406,c008902,1.0,2024-12-03 01:58:57.578363
u000406,c007736,1.0,2025-06-06 17:42:54.756648
u000406,c008779,1.0,2025-06-09 15:11:15.886018
u000406,c009255,1.0,2025-07-23 11:46:51.454993
u000406,c006355,1.0,2025-07-30 11:59:09.212032
u000406,c006153,1.0,2025-08-21 10:51:45.584298
u000406,c007247,1.0,2025-08-27 12:59:51.567192
u000406,c008691,1.0,2025-09-04 22:55:45.271941
u000406,c008761,1.0,2025-09-25 09:44:16.327737
u000406,c009310,1.0,2025-10-12 20:17:37.475669
u000406,c008478,1.0,2025-10-22 00:55:10.518750
u000407,c008682,1.0,2024-11-12 22:50:28.272522
u000407,c008592,1.0,2024-12-19 16:15:00.053629
u000407,c009028,1.0,2025-01-09 13:05:18.350904
u000407,c009190,1.0,2025-06-11 00:09:12.209241
u000407,c008781,1.0,2025-06-17 19:19:40.836879
u000407,c008987,1.0,2025-07-01 06:50:46.603350
u000407,c009364,1.0,2025-07-06 01:20:02.128984
u000408,c007200,1.0,2024-12-05 23:06:08.437913
u000408,c007660,1.0,2024-12-10 06:50:51.436448
u000408,c007588,1.0,2025-01-02 18:52:49.818247
u000408,c007199,1.0,2025-03-24 08:42:01.740389
u000408,c007486,1.0,2025-05-16 21:19:39.538543
u000408,c008030,1.0,2025-08-14 10:30:07.482282
u000408,c007313,1.0,2025-09-26 16:46:13.383712
u000409,c009653,1.0,2024-12-05 12:57:11.398090
u000409,c008939,1.0,2024-12-26 22:28:33.914987
u000409,c007168,1.0,2025-02-01 07:40:14.261075
u000409,c009155,1.0,2025-04-24 21:38:21.764764
u000409,c009136,1.0,2025-05-04 22:58:19.560021
u000409,c008825,1.0,2025-05-08 13:34:41.065146
u000409,c006135,1.0,2025-06-30 07:42:38.409604
u000409,c009253,1.0,2025-08-23 04:15:15.594275
u000409,c006114,1.0,2025-09-02 18:47:17.733166
u000410,c008758,1.0,2024-11-29 16:28:19.668154
u000410,c008635,1.0,2024-12-23 01:39:06.779503
u000410,c009435,1.0,2024-12-25 22:30:19.925373
u000410,c008736,1.0,2025-01-13 14:12:37.356825
u000410,c008595,1.0,2025-01-20 05:49:27.503693
u000410,c009570,1.0,2025-03-03 07:56:44.879037
u000410,c009429,1.0,2025-03-03 14:00:22.688637
u000410,c008790,1.0,2025-03-15 17:12:13.584174
u000410,c009210,1.0,2025-10-22 16:26:21.526097
u000411,c007936,1.0,2025-01-05 13:29:52.634135
u000411,c008011,1.0,2025-03-18 17:39:28.228386
u000411,c007966,1.0,2025-05-04 11:57:33.360008
u000411,c008441,1.0,2025-05-27 04:52:38.853047
u000411,c008091,1.0,2025-07-31 01:17:55.521594
u000411,c009387,1.0,2025-09-13 02:57:01.753258
u000412,c008902,1.0,2024-11-10 19:32:35.556524
u000412,c009015,1.0,2025-01-28 21:10:04.719794
u000412,c009185,1.0,2025-04-03 05:29:24.315165
u000412,c008981,1.0,2025-06-08 19:31:49.974443
u000412,c009268,1.0,2025-09-22 09:38:23.085227
u000413,c006889,1.0,2024-11-21 14:40:56.156812
u000413,c007357,1.0,2024-11-26 10:30:02.942761
u000413,c007207,1.0,2024-11-27 18:17:16.203223
u000413,c007285,1.0,2024-12-15 23:44:51.697265
u000413,c007363,1.0,2024-12-30 09:28:37.057116
u000413,c006827,1.0,2025-01-03 08:36:40.436345
u000413,c006344,1.0,2025-01-19 00:21:50.682295
u000413,c007517,1.0,2025-04-08 13:47:28.285233
u000413,c007379,1.0,2025-04-11 02:57:56.489276
u000413,c007537,1.0,2025-04-23 20:45:27.835021
u000413,c009480,1.0,2025-04-24 16:31:32.103789
u000413,c006148,1.0,2025-05-15 05:05:29.008641
u000413,c007397,1.0,2025-09-04 02:12:59.585675
u000413,c007218,1.0,2025-10-09 15:55:24.274818
u000413,c007196,1.0,2025-10-25 19:21:03.673739
u000414,c007981,1.0,2024-12-31 02:48:30.366644
u000414,c008010,1.0,2025-01-07 06:57:01.658581
u000414,c007788,1.0,2025-02-21 11:49:15.799490
u000414,c007994,1.0,2025-03-09 20:06:52.727927
u000414,c006135,1.0,2025-04-12 01:35:35.693420
u000414,c008008,1.0,2025-04-21 17:02:49.236532
u000414,c008286,1.0,2025-07-12 23:42:58.078795
u000414,c008071,1.0,2025-07-21 07:17:44.435992
u000414,c008335,1.0,2025-07-26 08:03:16.451514
u000414,c008018,1.0,2025-09-08 21:56:15.006862
u000414,c007797,1.0,2025-09-20 19:34:26.372570
u000415,c008484,1.0,2025-01-02 12:21:21.213431
u000415,c009570,1.0,2025-01-14 11:18:22.612213
u000415,c009548,1.0,2025-03-22 19:15:38.659418
u000415,c008800,1.0,2025-05-13 01:19:03.254036
u000416,c009389,1.0,2024-12-05 01:15:44.240376
u000416,c009212,1.0,2024-12-15 09:45:10.766793
u000416,c009181,1.0,2024-12-20 19:47:19.708216
u000416,c008790,1.0,2025-07-02 11:43:40.208400
u000416,c009081,1.0,2025-07-17 18:36:05.102717
u000417,c006932,1.0,2024-11-25 08:00:35.029734
u000417,c009229,1.0,2025-02-12 14:38:57.594554
u000417,c006571,1.0,2025-02-14 19:26:59.741220
u000417,c007084,1.0,2025-02-17 11:00:39.910347
u000417,c006617,1.0,2025-03-04 02:53:52.620479
u000417,c007160,1.0,2025-09-12 20:31:31.021486
u000418,c008477,1.0,2024-11-21 01:27:09.568979
u000418,c009641,1.0,2024-12-06 16:32:57.619181
u000418,c006009,1.0,2025-03-11 11:12:40.986254
u000418,c008968,1.0,2025-03-17 13:06:13.731609
u000418,c009351,1.0,2025-04-01 12:02:03.756827
u000418,c009558,1.0,2025-04-13 15:41:34.945072
u000418,c009199,1.0,2025-08-01 21:39:45.233492
u000418,c009508,1.0,2025-08-10 04:38:31.501605
u000418,c008507,1.0,2025-08-31 15:58:29.700065
u000419,c006419,1.0,2024-11-16 15:03:28.957405
u000419,c006351,1.0,2024-11-17 03:36:01.856502
u000419,c006305,1.0,2024-12-14 20:37:43.817695
u000419,c007109,1.0,2025-01-30 23:34:08.373061
u000419,c009229,1.0,2025-08-02 17:51:11.743705
u000419,c006042,1.0,2025-09-20 15:23:05.002207
u000420,c006181,1.0,2024-11-24 23:00:38.183732
u000420,c009474,1.0,2024-11-25 00:03:07.986737
u000420,c007971,1.0,2024-11-28 13:58:55.508784
u000420,c007980,1.0,2024-12-15 09:32:41.409368
u000420,c009025,1.0,2025-01-05 18:52:03.538031
u000420,c008787,1.0,2025-02-03 03:20:53.486860
u000420,c008681,1.0,2025-05-07 22:36:08.749794
u000420,c008741,1.0,2025-06-05 17:11:24.280705
u000420,c008717,1.0,2025-06-14 17:00:13.794628
u000420,c009041,1.0,2025-07-28 23:37:36.876893
u000420,c008470,1.0,2025-07-30 07:50:32.788200
u000420,c008808,1.0,2025-08-15 06:14:34.814927
u000420,c009605,1.0,2025-08-22 03:47:18.308487
u000420,c007854,1.0,2025-08-28 13:25:31.284878
u000420,c008852,1.0,2025-09-10 05:58:06.237304
u000421,c008578,1.0,2025-01-01 20:29:38.373508
u000421,c009497,1.0,2025-01-15 00:20:54.099548
u000421,c008803,1.0,2025-04-17 00:04:35.157511
u000421,c008534,1.0,2025-05-24 09:05:35.620705
u000421,c009290,1.0,2025-06-11 07:25:04.832253
u000421,c009229,1.0,2025-07-27 12:54:30.475196
u000421,c009557,1.0,2025-09-12 16:52:13.348869
u000422,c008601,1.0,2024-12-01 16:31:56.912898
u000422,c008707,1.0,2025-01-25 19:36:36.708318
u000422,c008608,1.0,2025-03-08 20:01:33.970389
u000422,c009210,1.0,2025-05-28 13:12:51.486742
u000422,c008167,1.0,2025-07-07 08:48:00.342113
u000423,c008948,1.0,2024-11-08 05:34:39.147396
u000423,c006300,1.0,2024-12-05 18:14:57.399747
u000423,c008629,1.0,2024-12-10 09:16:20.182073
u000423,c007417,1.0,2024-12-13 18:47:57.961011
u000423,c009166,1.0,2025-01-15 07:01:17.410201
u000423,c008681,1.0,2025-02-10 15:51:23.712064
u000423,c009644,1.0,2025-03-30 08:36:16.589169
u000423,c006640,1.0,2025-05-16 15:57:27.139132
u000423,c007743,1.0,2025-06-27 21:13:27.528292
u000423,c008466,1.0,2025-11-04 12:38:28.880065
u000424,c009486,1.0,2024-12-28 11:57:39.154192
u000424,c009312,1.0,2025-01-29 05:59:36.567782
u000424,c009234,1.0,2025-03-03 17:17:10.894984
u000424,c008481,1.0,2025-05-13 11:41:30.523408
u000424,c009325,1.0,2025-07-09 19:21:01.502749
u000424,c009256,1.0,2025-07-12 06:40:52.985796
u000424,c007513,1.0,2025-10-30 00:02:43.521746
u000425,c009062,1.0,2024-12-04 19:01:56.670092
u000425,c009520,1.0,2025-04-03 17:37:48.926452
u000425,c008703,1.0,2025-07-30 12:46:17.350010
u000426,c008820,1.0,2025-03-28 09:56:22.896997
u000426,c008869,1.0,2025-04-17 00:24:12.794595
u000426,c009419,1.0,2025-04-22 09:56:24.183906
u000426,c008748,1.0,2025-06-27 18:31:58.918569
u000426,c009619,1.0,2025-07-04 02:09:58.294680
u000426,c008780,1.0,2025-07-09 05:47:56.864427
u000426,c008584,1.0,2025-07-21 03:07:27.385432
u000426,c008886,1.0,2025-07-28 02:34:42.017178
u000426,c009003,1.0,2025-09-27 08:25:36.554741
u000427,c009187,1.0,2025-04-20 18:45:25.457309
u000427,c009580,1.0,2025-09-10 23:40:34.005829
u000427,c008845,1.0,2025-09-19 14:59:17.109615
u000427,c008497,1.0,2025-10-24 02:51:21.787070
u000428,c009364,1.0,2024-12-20 00:35:29.136518
u000428,c009001,1.0,2025-01-21 03:28:49.984825
u000428,c009227,1.0,2025-03-29 03:43:54.440820
u000428,c009117,1.0,2025-04-11 15:30:48.824587
u000428,c007327,1.0,2025-05-09 13:04:42.939178
u000428,c008987,1.0,2025-05-15 19:11:52.842359
u000428,c009049,1.0,2025-08-19 02:11:04.225184
u000429,c006631,1.0,2025-01-01 14:16:50.425147
u000429,c006400,1.0,2025-02-20 08:30:23.016561
u000429,c006663,1.0,2025-02-20 21:10:37.918406
u000429,c009324,1.0,2025-02-28 00:23:30.032558
u000429,c006339,1.0,2025-03-18 17:52:10.572791
u000429,c008149,1.0,2025-04-06 15:56:07.810695
u000429,c008806,1.0,2025-04-10 19:13:51.815796
u000429,c008024,1.0,2025-06-06 07:52:11.232713
u000429,c006833,1.0,2025-07-25 05:40:46.140534
u000429,c006054,1.0,2025-08-29 02:14:32.155854
u000429,c006230,1.0,2025-09-03 03:25:53.319450
u000429,c008286,1.0,2025-10-02 09:51:23.600476
u000429,c006359,1.0,2025-11-04 08:27:08.373730
u000430,c006484,1.0,2024-11-09 20:05:45.001059
u000430,c006158,1.0,2025-01-06 15:48:51.654133
u000430,c007046,1.0,2025-01-10 02:05:44.186974
u000430,c006607,1.0,2025-01-14 14:52:28.744156
u000430,c006301,1.0,2025-03-04 12:54:43.993352
u000430,c006096,1.0,2025-03-11 02:23:50.105676
u000430,c008849,1.0,2025-05-04 12:01:39.925376
u000430,c006702,1.0,2025-06-23 04:07:58.770199
u000430,c006966,1.0,2025-06-25 11:52:01.515608
u000430,c009177,1.0,2025-06-28 00:06:32.277017
u000430,c006026,1.0,2025-07-02 22:51:43.286668
u000430,c006562,1.0,2025-07-09 02:45:29.233002
u000430,c006808,1.0,2025-07-26 06:45:19.367733
u000430,c006266,1.0,2025-08-02 20:43:29.021912
u000430,c006859,1.0,2025-08-15 23:07:33.492045
u000431,c008628,1.0,2024-12-09 15:52:48.885943
u000431,c009258,1.0,2024-12-23 03:19:44.067938
u000431,c009426,1.0,2025-01-12 04:31:08.964576
u000431,c009116,1.0,2025-02-04 20:50:21.460503
u000431,c008653,1.0,2025-02-19 03:53:02.582850
u000431,c007969,1.0,2025-03-05 12:58:24.649563
u000431,c009488,1.0,2025-04-27 10:24:32.192319
u000431,c009155,1.0,2025-07-03 20:51:23.769365
u000431,c008221,1.0,2025-07-18 17:44:09.997900
u000431,c008572,1.0,2025-08-20 04:28:37.438529
u000432,c008558,1.0,2024-11-08 02:14:50.985574
u000432,c008691,1.0,2024-11-20 23:45:14.145947
u000432,c009644,1.0,2024-11-21 01:28:36.492794
u000432,c009210,1.0,2024-11-24 14:13:45.489548
u000432,c008968,1.0,2025-01-08 14:02:04.729381
u000432,c008921,1.0,2025-01-24 22:50:17.108977
u000432,c008706,1.0,2025-03-15 03:41:32.130953
u000432,c008808,1.0,2025-03-20 11:24:58.294557
u000432,c009069,1.0,2025-03-24 10:12:53.372795
u000432,c007513,1.0,2025-05-12 07:16:37.780304
u000432,c008989,1.0,2025-06-06 11:41:50.577306
u000432,c008682,1.0,2025-06-17 03:06:19.465368
u000432,c008641,1.0,2025-07-16 04:23:20.456150
u000432,c008923,1.0,2025-08-20 03:45:03.891916
u000432,c009199,1.0,2025-08-23 02:02:58.262418
u000433,c008628,1.0,2025-02-13 01:00:54.237431
u000433,c008858,1.0,2025-04-03 17:14:07.071049
u000433,c009251,1.0,2025-06-16 07:34:56.873812
u000433,c009553,1.0,2025-06-20 09:06:21.348822
u000433,c008869,1.0,2025-07-25 18:01:22.099908
u000433,c008782,1.0,2025-08-30 13:12:08.501286
u000433,c008577,1.0,2025-08-31 20:22:10.301288
u000433,c009247,1.0,2025-09-13 14:25:52.611029
u000433,c008691,1.0,2025-09-29 00:37:33.531547
u000433,c008779,1.0,2025-10-08 16:11:55.632860
u000433,c008873,1.0,2025-11-01 13:05:00.402386
u000434,c009155,1.0,2024-12-27 22:44:33.396849
u000434,c009124,1.0,2025-06-12 10:03:02.347405
u000434,c009235,1.0,2025-06-26 19:22:54.982133
u000434,c009184,1.0,2025-08-21 16:13:18.090211
u000434,c009207,1.0,2025-09-07 01:04:54.575295
u000434,c008594,1.0,2025-09-26 15:25:59.495773
u000435,c008820,1.0,2024-12-16 17:34:53.935777
u000435,c008877,1.0,2025-01-28 12:47:26.518176
u000435,c009647,1.0,2025-02-04 15:10:28.782822
u000435,c008478,1.0,2025-02-07 06:53:58.612535
u000435,c008519,1.0,2025-02-22 20:23:34.203287
u000435,c009497,1.0,2025-03-04 03:43:55.375103
u000435,c008711,1.0,2025-03-08 03:14:50.752108
u000435,c008947,1.0,2025-05-15 00:55:36.423318
u000435,c009339,1.0,2025-07-27 21:18:23.153794
u000435,c008922,1.0,2025-08-08 23:57:00.562161
u000435,c009229,1.0,2025-08-16 15:10:36.825199
u000435,c007379,1.0,2025-10-16 06:30:14.720444
u000436,c007724,1.0,2024-12-16 09:30:52.919935
u000436,c007483,1.0,2025-01-11 02:27:47.526149
u000436,c007621,1.0,2025-01-17 09:42:13.293201
u000436,c007719,1.0,2025-02-24 14:32:40.369109
u000437,c008504,1.0,2024-12-04 06:16:58.594098
u000437,c009335,1.0,2025-01-09 15:48:42.172982
u000437,c007875,1.0,2025-03-15 22:37:37.275518
u000437,c008999,1.0,2025-05-14 23:02:57.697106
u000437,c007273,1.0,2025-06-20 03:20:01.735862
u000437,c008837,1.0,2025-11-03 13:42:30.478609
u000438,c007531,1.0,2024-11-14 15:30:13.248777
u000438,c009207,1.0,2025-01-16 22:19:19.159872
u000438,c009344,1.0,2025-03-12 16:26:39.746255
u000438,c007588,1.0,2025-04-29 22:02:06.935746
u000438,c009645,1.0,2025-05-12 13:41:03.807476
u000438,c007782,1.0,2025-06-18 18:25:20.310467
u000438,c009184,1.0,2025-07-04 09:35:47.398963
u000438,c007312,1.0,2025-10-02 22:33:20.263690
u000439,c009466,1.0,2024-12-09 12:15:12.541728
u000439,c008687,1.0,2024-12-28 00:50:36.932691
u000439,c006558,1.0,2025-03-17 14:48:06.023528
u000439,c009002,1.0,2025-04-16 01:11:46.999882
u000439,c009106,1.0,2025-05-10 00:00:27.628858
u000439,c009047,1.0,2025-05-29 10:56:21.980588
u000439,c009185,1.0,2025-07-21 14:02:23.007462
u000439,c006111,1.0,2025-10-09 17:15:51.650502
u000440,c009077,1.0,2024-11-22 14:34:57.336403
u000440,c007165,1.0,2024-12-22 22:31:42.892220
u000440,c009324,1.0,2025-03-20 05:01:30.546051
u000440,c008691,1.0,2025-04-12 18:35:09.925325
u000440,c009103,1.0,2025-05-29 00:40:55.938233
u000440,c006282,1.0,2025-11-03 05:15:57.164662
u000440,c008462,1.0,2025-11-05 00:27:07.199067
u000441,c009012,1.0,2024-11-13 04:45:38.752410
u000441,c009020,1.0,2024-12-02 23:33:17.186797
u000441,c008553,1.0,2024-12-14 14:10:31.125706
u000441,c009251,1.0,2025-01-06 20:44:17.955207
u000441,c009269,1.0,2025-02-26 03:54:44.444245
u000441,c008746,1.0,2025-02-26 19:26:06.152906
u000441,c009144,1.0,2025-03-26 06:22:55.876580
u000441,c008691,1.0,2025-04-12 14:36:04.861437
u000441,c008866,1.0,2025-04-21 19:27:12.651948
u000441,c009510,1.0,2025-06-25 08:41:07.126891
u000441,c009398,1.0,2025-07-27 09:44:48.418727
u000441,c000649,1.0,2025-08-01 21:29:51.997121
u000442,c008723,1.0,2024-11-20 05:17:05.616172
u000442,c008628,1.0,2024-11-27 12:46:31.048871
u000442,c008478,1.0,2025-01-01 06:13:01.282300
u000442,c008717,1.0,2025-01-17 18:45:46.918850
u000442,c008691,1.0,2025-03-28 12:52:16.428766
u000442,c007991,1.0,2025-04-05 02:33:32.008419
u000442,c008790,1.0,2025-05-17 06:37:06.199178
u000442,c009510,1.0,2025-05-23 15:43:31.124840
u000442,c008301,1.0,2025-08-15 17:59:05.725440
u000442,c009184,1.0,2025-09-02 04:02:05.985362
u000442,c008779,1.0,2025-09-30 12:12:28.034695
u000443,c007969,1.0,2024-11-11 10:09:05.453468
u000443,c009478,1.0,2024-12-30 16:21:13.877339
u000443,c008979,1.0,2025-01-09 08:29:14.043481
u000443,c006557,1.0,2025-02-25 20:52:28.683748
u000443,c009053,1.0,2025-03-08 05:29:01.888727
u000443,c008843,1.0,2025-03-25 19:29:45.768473
u000443,c006312,1.0,2025-03-29 05:13:32.078256
u000443,c006999,1.0,2025-06-22 11:47:37.746385
u000443,c009519,1.0,2025-06-25 05:13:12.227693
u000443,c006037,1.0,2025-08-29 08:17:19.379232
u000443,c006054,1.0,2025-10-12 10:59:01.426707
u000444,c009163,1.0,2025-03-06 08:40:46.085956
u000444,c008821,1.0,2025-04-06 02:35:23.602247
u000444,c009407,1.0,2025-05-15 13:41:17.738008
u000444,c008953,1.0,2025-06-24 03:56:31.285012
u000444,c008394,1.0,2025-06-26 00:59:59.260143
u000444,c006991,1.0,2025-10-04 03:35:06.603635
u000445,c006104,1.0,2024-12-04 02:19:39.389042
u000445,c006709,1.0,2025-01-08 17:25:40.890563
u000445,c006209,1.0,2025-02-04 15:34:16.782842
u000445,c006120,1.0,2025-05-08 10:36:42.523925
u000445,c006860,1.0,2025-06-17 08:29:29.733133
u000445,c006961,1.0,2025-07-14 03:37:58.252193
u000445,c009106,1.0,2025-10-02 09:09:43.350101
u000445,c006842,1.0,2025-10-07 16:23:31.630398
u000445,c007057,1.0,2025-10-10 20:15:16.897230
u000446,c008893,1.0,2024-12-14 11:07:45.566303
u000446,c008971,1.0,2025-01-19 15:29:28.468158
u000446,c009518,1.0,2025-02-28 18:17:37.780636
u000446,c009171,1.0,2025-04-08 06:58:36.755064
u000446,c009528,1.0,2025-04-23 07:52:25.116129
u000446,c008782,1.0,2025-04-26 23:27:46.068634
u000446,c006006,1.0,2025-05-11 00:18:48.791501
u000446,c008715,1.0,2025-07-28 04:10:58.312541
u000446,c009008,1.0,2025-08-12 11:27:48.900322
u000447,c007367,1.0,2024-12-27 06:30:15.168300
u000447,c007203,1.0,2025-02-16 11:18:29.302394
u000447,c007214,1.0,2025-08-02 08:10:08.252860
u000448,c008513,1.0,2024-11-21 13:13:45.929214
u000448,c008474,1.0,2024-12-29 19:40:51.356002
u000448,c008821,1.0,2025-01-02 05:38:10.204120
u000448,c009047,1.0,2025-01-19 16:59:09.784396
u000448,c009423,1.0,2025-06-24 11:06:55.225757
u000448,c009407,1.0,2025-07-04 02:17:03.702807
u000448,c009052,1.0,2025-08-12 18:06:02.016710
u000448,c009466,1.0,2025-11-06 20:19:54.638067
u000449,c009238,1.0,2024-12-08 18:18:35.850662
u000449,c008867,1.0,2024-12-10 18:35:02.502997
u000449,c008620,1.0,2025-01-27 12:18:59.100393
u000449,c000990,1.0,2025-02-13 01:05:23.624140
u000449,c009214,1.0,2025-02-24 20:05:52.315872
u000449,c008747,1.0,2025-05-04 12:23:30.958610
u000449,c009186,1.0,2025-05-13 22:15:30.379518
u000449,c008612,1.0,2025-05-30 15:57:34.788809
u000449,c009169,1.0,2025-06-21 06:52:58.230804
u000449,c008966,1.0,2025-06-28 08:17:17.755189
u000449,c009478,1.0,2025-07-16 21:41:20.086768
u000449,c008596,1.0,2025-07-29 22:27:43.796360
u000450,c008931,1.0,2024-11-11 07:20:18.680714
u000450,c007518,1.0,2024-12-05 03:36:28.480789
u000450,c009431,1.0,2025-01-02 01:28:26.188718
u000450,c008581,1.0,2025-01-12 06:39:25.642673
u000450,c009271,1.0,2025-01-15 03:06:59.065386
u000450,c007761,1.0,2025-02-07 18:03:06.427324
u000450,c009367,1.0,2025-03-04 18:20:27.235255
u000450,c008584,1.0,2025-03-26 03:42:07.978048
u000450,c007517,1.0,2025-04-09 22:57:19.074765
u000450,c007193,1.0,2025-05-31 23:09:53.613503
u000450,c007349,1.0,2025-08-16 22:21:06.402585
u000450,c007218,1.0,2025-08-18 13:34:28.822022
u000450,c007434,1.0,2025-08-19 18:07:52.858603
u000450,c008688,1.0,2025-09-19 14:12:21.364218
u000451,c007264,1.0,2024-11-07 19:41:44.289813
u000451,c009471,1.0,2024-11-10 19:58:53.716180
u000451,c008582,1.0,2024-11-17 11:53:36.425666
u000451,c008495,1.0,2025-01-11 00:11:09.235508
u000451,c008945,1.0,2025-01-31 22:22:13.450447
u000451,c009330,1.0,2025-02-09 19:37:47.981217
u000451,c007364,1.0,2025-02-22 14:40:53.477984
u000451,c007736,1.0,2025-02-23 10:53:44.225843
u000451,c008885,1.0,2025-04-19 14:09:08.066221
u000451,c009530,1.0,2025-05-02 05:00:34.242577
u000451,c007475,1.0,2025-06-27 14:19:22.342515
u000451,c009053,1.0,2025-07-02 07:41:12.855503
u000451,c008624,1.0,2025-09-27 10:57:11.008638
u000451,c009344,1.0,2025-11-06 01:25:21.103441
u000452,c009012,1.0,2024-12-22 16:12:22.579603
u000452,c009210,1.0,2024-12-25 09:31:52.931465
u000452,c008968,1.0,2025-01-29 00:10:38.618603
u000452,c009325,1.0,2025-03-15 13:31:40.807949
u000452,c008600,1.0,2025-04-02 11:36:57.638511
u000452,c008691,1.0,2025-05-18 14:48:52.970852
u000452,c009231,1.0,2025-07-22 19:33:58.124757
u000452,c008681,1.0,2025-08-24 11:47:28.307003
u000452,c009558,1.0,2025-08-28 19:49:58.898740
u000452,c008682,1.0,2025-09-22 14:21:59.526053
u000453,c008327,1.0,2024-11-08 11:44:45.525449
u000453,c008707,1.0,2024-11-23 20:54:04.766560
u000453,c009364,1.0,2024-12-06 04:44:23.231338
u000453,c009049,1.0,2025-01-25 11:01:16.439406
u000453,c007966,1.0,2025-01-30 08:01:02.805543
u000453,c008005,1.0,2025-02-03 10:57:53.538275
u000453,c009227,1.0,2025-03-29 12:20:06.798154
u000453,c008996,1.0,2025-05-10 19:19:53.076443
u000453,c009250,1.0,2025-06-05 10:37:12.846572
u000453,c009501,1.0,2025-07-13 22:54:52.531442
u000453,c008998,1.0,2025-07-21 22:04:05.131109
u000453,c009001,1.0,2025-08-02 13:06:59.639027
u000453,c007828,1.0,2025-09-14 18:24:15.125358
u000453,c008987,1.0,2025-09-26 05:14:10.831839
u000454,c007641,1.0,2024-12-06 15:02:54.241592
u000454,c007455,1.0,2024-12-06 23:26:34.165087
u000454,c007196,1.0,2025-01-18 17:26:04.553655
u000454,c007686,1.0,2025-03-24 09:34:44.169044
u000454,c007459,1.0,2025-03-29 10:04:22.887518
u000454,c008998,1.0,2025-04-05 07:03:36.391988
u000454,c007718,1.0,2025-04-13 07:45:44.217298
u000454,c007462,1.0,2025-05-10 10:17:56.684202
u000454,c006026,1.0,2025-05-20 19:57:05.199993
u000454,c007379,1.0,2025-05-25 01:00:24.322771
u000454,c007360,1.0,2025-06-24 06:59:23.015576
u000454,c007397,1.0,2025-08-10 12:17:35.313249
u000454,c007564,1.0,2025-09-12 08:25:21.988059
u000454,c007535,1.0,2025-10-14 17:38:16.556179
u000455,c007898,1.0,2024-11-28 15:02:56.616991
u000455,c008041,1.0,2025-01-04 05:13:45.080151
u000455,c008398,1.0,2025-01-11 00:50:27.776727
u000455,c008086,1.0,2025-03-07 01:19:18.084849
u000455,c007991,1.0,2025-04-27 00:39:56.706321
u000455,c008000,1.0,2025-04-27 12:18:19.083702
u000455,c007937,1.0,2025-05-09 22:11:45.706952
u000455,c008490,1.0,2025-06-15 03:19:02.724952
u000455,c008157,1.0,2025-06-27 04:10:56.501362
u000455,c008176,1.0,2025-08-07 23:41:29.299285
u000456,c008713,1.0,2025-02-14 18:29:50.439229
u000456,c009195,1.0,2025-02-15 10:25:41.603799
u000456,c007100,1.0,2025-02-17 16:48:01.895108
u000456,c008909,1.0,2025-04-29 22:08:57.608808
u000456,c009012,1.0,2025-05-15 16:23:35.498825
u000456,c008520,1.0,2025-06-07 23:04:12.857657
u000456,c007116,1.0,2025-06-08 00:46:13.168822
u000456,c009467,1.0,2025-07-28 10:58:39.936655
u000456,c008764,1.0,2025-08-02 19:53:48.786031
u000456,c009337,1.0,2025-08-14 10:42:05.741835
u000456,c009251,1.0,2025-08-17 20:37:53.103973
u000456,c008858,1.0,2025-10-15 20:33:20.606996
u000456,c008746,1.0,2025-10-31 23:16:52.608531
u000457,c008583,1.0,2024-12-01 14:57:45.357202
u000457,c009191,1.0,2025-01-18 14:23:13.003213
u000457,c008602,1.0,2025-01-26 19:16:57.310207
u000457,c009037,1.0,2025-03-05 14:11:32.515678
u000457,c009306,1.0,2025-04-07 22:21:03.878612
u000457,c009557,1.0,2025-04-18 04:55:33.457856
u000457,c009229,1.0,2025-05-29 11:32:06.187130
u000457,c006390,1.0,2025-07-19 06:59:05.807801
u000457,c008996,1.0,2025-07-20 22:43:18.624416
u000457,c009206,1.0,2025-09-28 07:35:59.908303
u000457,c009123,1.0,2025-10-18 23:41:29.524547
u000457,c009384,1.0,2025-10-20 18:24:57.485413
u000458,c007974,1.0,2025-01-02 17:00:21.217880
u000458,c009091,1.0,2025-01-30 04:30:36.880846
u000458,c009190,1.0,2025-02-01 01:55:52.246181
u000458,c008996,1.0,2025-02-07 12:21:19.924392
u000458,c009472,1.0,2025-03-12 20:24:53.669014
u000458,c008707,1.0,2025-03-26 08:17:37.578392
u000458,c009364,1.0,2025-05-21 12:41:52.561787
u000458,c008760,1.0,2025-07-04 11:38:41.469214
u000458,c008965,1.0,2025-07-06 22:16:21.631820
u000458,c008541,1.0,2025-07-09 10:29:56.419821
u000458,c009028,1.0,2025-07-19 12:11:33.773282
u000458,c009250,1.0,2025-07-27 06:15:59.736003
u000458,c009001,1.0,2025-09-05 06:49:38.798776
u000459,c007027,1.0,2024-12-13 03:20:20.820417
u000459,c007034,1.0,2025-02-03 19:42:08.879982
u000459,c007052,1.0,2025-03-01 10:38:06.319098
u000459,c009540,1.0,2025-03-12 07:30:28.910700
u000459,c007022,1.0,2025-08-18 19:11:40.320397
u000459,c008559,1.0,2025-09-16 21:01:31.450834
u000459,c008991,1.0,2025-10-17 17:59:55.347142
u000459,c008471,1.0,2025-11-04 18:28:57.898009
u000460,c007225,1.0,2024-11-17 04:22:30.471279
u000460,c007351,1.0,2024-12-16 02:23:56.842105
u000460,c007203,1.0,2024-12-23 16:10:35.099460
u000460,c006690,1.0,2024-12-26 02:00:14.035696
u000460,c009208,1.0,2025-02-13 06:34:27.685669
u000460,c007463,1.0,2025-03-05 20:10:27.781002
u000460,c009084,1.0,2025-04-22 23:41:24.667359
u000460,c008594,1.0,2025-04-27 01:26:20.862152
u000460,c007454,1.0,2025-05-26 15:58:09.134094
u000460,c007367,1.0,2025-06-14 21:56:13.740413
u000460,c008509,1.0,2025-07-18 16:36:55.401604
u000461,c007068,1.0,2024-11-07 19:49:34.272218
u000461,c006813,1.0,2024-11-24 18:16:54.351190
u000461,c006260,1.0,2025-01-16 12:36:49.959068
u000461,c006111,1.0,2025-05-06 16:40:10.861353
u000461,c007883,1.0,2025-05-29 17:42:58.780991
u000461,c008808,1.0,2025-06-25 10:47:05.003878
u000461,c008948,1.0,2025-06-27 06:56:34.961013
u000461,c009004,1.0,2025-09-22 00:12:02.355067
u000462,c008959,1.0,2024-11-19 20:40:58.775249
u000462,c009238,1.0,2025-01-21 08:04:13.514153
u000462,c009222,1.0,2025-02-11 19:08:38.174637
u000462,c009364,1.0,2025-03-22 05:04:37.991401
u000462,c008978,1.0,2025-09-11 12:15:51.213171
u000462,c007969,1.0,2025-10-20 17:32:39.931951
u000463,c009539,1.0,2024-11-20 18:06:12.223328
u000463,c009568,1.0,2024-11-22 04:48:06.589556
u000463,c008474,1.0,2024-12-05 02:19:38.382119
u000463,c009393,1.0,2024-12-30 01:40:46.209744
u000463,c008827,1.0,2025-02-04 17:53:04.072203
u000463,c008740,1.0,2025-04-11 19:57:25.531232
u000463,c009106,1.0,2025-06-20 08:04:19.525613
u000463,c008787,1.0,2025-06-25 01:06:09.198142
u000463,c009466,1.0,2025-07-24 06:20:35.377408
u000463,c009440,1.0,2025-08-24 18:23:30.861202
u000463,c009413,1.0,2025-10-13 04:59:47.677749
u000463,c009284,1.0,2025-10-27 14:47:04.896326
u000464,c008566,1.0,2024-12-20 08:05:14.414333
u000464,c009427,1.0,2024-12-30 17:38:44.438506
u000464,c007172,1.0,2025-02-03 07:29:49.511018
u000464,c008963,1.0,2025-02-13 11:44:47.418342
u000464,c008755,1.0,2025-02-16 05:19:44.274893
u000464,c009073,1.0,2025-03-14 14:53:24.266185
u000464,c009515,1.0,2025-06-08 06:49:29.092589
u000464,c006276,1.0,2025-06-10 06:52:40.904730
u000464,c008789,1.0,2025-06-22 22:16:59.964575
u000464,c008996,1.0,2025-07-29 11:48:16.199372
u000464,c009230,1.0,2025-08-20 17:01:57.845058
u000464,c008600,1.0,2025-08-22 08:19:24.304210
u000464,c008792,1.0,2025-09-04 18:45:08.182667
u000464,c009278,1.0,2025-10-21 04:22:09.639615
u000465,c009184,1.0,2025-01-01 16:48:04.906771
u000465,c008170,1.0,2025-05-09 18:08:26.333880
u000465,c008286,1.0,2025-09-08 20:07:13.176839
u000465,c008026,1.0,2025-10-13 20:40:10.249749
u000466,c007302,1.0,2025-02-15 12:38:15.313147
u000466,c007214,1.0,2025-03-04 22:07:31.275425
u000466,c008059,1.0,2025-04-28 17:59:10.443780
u000466,c007966,1.0,2025-06-04 00:30:12.130874
u000466,c007210,1.0,2025-08-04 19:51:42.091562
u000466,c007350,1.0,2025-11-04 00:21:55.609784
u000467,c008996,1.0,2024-11-27 07:49:25.538094
u000467,c008440,1.0,2024-12-31 11:53:06.432072
u000467,c008651,1.0,2025-01-19 09:27:06.906208
u000467,c008578,1.0,2025-03-21 17:36:39.837048
u000467,c008912,1.0,2025-05-04 07:04:49.354955
u000467,c008741,1.0,2025-06-07 21:00:45.278641
u000467,c008483,1.0,2025-06-18 21:16:21.588975
u000467,c008842,1.0,2025-07-31 23:38:12.505598
u000467,c008709,1.0,2025-08-14 04:33:52.052433
u000467,c008273,1.0,2025-08-22 21:31:27.443638
u000468,c006410,1.0,2025-01-10 10:19:34.763734
u000468,c006593,1.0,2025-01-30 12:42:01.424991
u000468,c006418,1.0,2025-02-10 00:24:15.123922
u000468,c008661,1.0,2025-03-28 16:59:07.467563
u000468,c006120,1.0,2025-04-01 18:21:13.503345
u000468,c006135,1.0,2025-04-11 03:28:36.556484
u000468,c006468,1.0,2025-04-11 03:59:30.478174
u000468,c007138,1.0,2025-04-19 18:51:46.412608
u000468,c006072,1.0,2025-04-21 05:03:33.668123
u000468,c006778,1.0,2025-06-05 14:59:02.576643
u000468,c006064,1.0,2025-06-08 10:49:30.231537
u000468,c006281,1.0,2025-06-15 19:22:53.447860
u000468,c008764,1.0,2025-07-16 12:19:30.669402
u000468,c006041,1.0,2025-08-10 09:55:14.461548
u000468,c006046,1.0,2025-11-02 01:35:24.898266
u000469,c009294,1.0,2024-12-11 23:31:25.836580
u000469,c009502,1.0,2024-12-16 05:43:41.598642
u000469,c009205,1.0,2025-04-26 18:31:42.243476
u000469,c009233,1.0,2025-07-27 22:28:12.796015
u000469,c008619,1.0,2025-08-18 02:12:08.643099
u000469,c008486,1.0,2025-10-23 19:15:19.223571
u000469,c008627,1.0,2025-10-28 22:55:11.875743
u000469,c008685,1.0,2025-11-03 02:07:22.963023
u000470,c008763,1.0,2024-12-24 14:59:37.698373
u000470,c009335,1.0,2025-02-17 16:58:21.489507
u000470,c006130,1.0,2025-03-14 23:33:19.827863
u000470,c008568,1.0,2025-03-16 23:50:10.849030
u000470,c006328,1.0,2025-03-29 06:21:12.305185
u000470,c008881,1.0,2025-04-11 22:08:13.861675
u000470,c008837,1.0,2025-05-03 07:08:21.744492
u000470,c009035,1.0,2025-05-05 14:14:35.979289
u000470,c008601,1.0,2025-05-21 08:59:36.854279
u000470,c008921,1.0,2025-06-23 01:05:00.448865
u000470,c008999,1.0,2025-07-16 20:16:29.690439
u000470,c009002,1.0,2025-07-30 20:44:28.674841
u000470,c009293,1.0,2025-08-11 14:54:33.982107
u000470,c009413,1.0,2025-09-05 02:29:06.288779
u000470,c008531,1.0,2025-09-17 15:43:42.345020
u000471,c007115,1.0,2024-12-16 20:20:43.664623
u000471,c006084,1.0,2024-12-19 07:49:36.043052
u000471,c007116,1.0,2024-12-22 05:55:19.598316
u000471,c006215,1.0,2025-01-21 22:10:38.362871
u000471,c007327,1.0,2025-02-23 19:27:55.139811
u000471,c006343,1.0,2025-03-12 20:58:26.130573
u000471,c006222,1.0,2025-05-13 16:16:00.399492
u000471,c006336,1.0,2025-05-31 04:36:04.192769
u000471,c006127,1.0,2025-06-21 05:08:24.852141
u000471,c006725,1.0,2025-06-27 19:12:50.049474
u000471,c006799,1.0,2025-07-03 13:58:05.021946
u000471,c006287,1.0,2025-08-25 12:46:51.472351
u000471,c008763,1.0,2025-10-12 13:37:37.132436
u000472,c006160,1.0,2024-11-15 04:37:23.671470
u000472,c006770,1.0,2024-11-19 09:53:58.561226
u000472,c009212,1.0,2025-01-01 18:56:29.011677
u000472,c009186,1.0,2025-01-20 23:33:39.818576
u000472,c009214,1.0,2025-04-07 07:17:52.350631
u000472,c006013,1.0,2025-04-17 00:07:26.762665
u000472,c006683,1.0,2025-09-04 22:45:34.113778
u000472,c006918,1.0,2025-09-26 13:50:51.176697
u000473,c007194,1.0,2024-12-20 02:43:57.379260
u000473,c008684,1.0,2024-12-23 23:55:02.290637
u000473,c008519,1.0,2025-04-27 10:52:06.213125
u000473,c008887,1.0,2025-09-13 02:14:34.467746
u000474,c008490,1.0,2025-01-05 17:25:53.288161
u000474,c008539,1.0,2025-01-12 19:57:23.823147
u000474,c008685,1.0,2025-06-12 09:59:47.188542
u000475,c007664,1.0,2025-01-12 16:56:05.803163
u000475,c007966,1.0,2025-03-16 05:44:47.482133
u000475,c007246,1.0,2025-10-29 23:44:44.345691
u000476,c006728,1.0,2025-03-15 00:36:20.485217
u000476,c008900,1.0,2025-05-06 00:24:42.188309
u000476,c008607,1.0,2025-05-21 16:12:54.299444
u000476,c006640,1.0,2025-07-30 03:03:26.484267
u000476,c008521,1.0,2025-09-28 10:16:36.981035
u000476,c006023,1.0,2025-10-02 17:36:54.609620
u000477,c008764,1.0,2024-12-17 03:49:15.874122
u000477,c009004,1.0,2025-01-21 07:56:20.441470
u000477,c008594,1.0,2025-02-01 00:01:19.205030
u000477,c008546,1.0,2025-05-27 03:25:18.719877
u000477,c008808,1.0,2025-07-03 03:57:02.189232
u000477,c007224,1.0,2025-07-09 02:48:24.993911
u000477,c007263,1.0,2025-07-10 09:08:43.315250
u000477,c007281,1.0,2025-08-07 05:24:37.197341
u000478,c006030,1.0,2025-01-26 17:15:34.944649
u000478,c006467,1.0,2025-02-24 17:42:00.986821
u000478,c007160,1.0,2025-04-11 17:35:43.806074
u000478,c006125,1.0,2025-04-14 01:38:29.840726
u000478,c006353,1.0,2025-05-19 05:48:01.087256
u000478,c006026,1.0,2025-06-21 03:07:27.349032
u000478,c006339,1.0,2025-06-22 04:14:55.873080
u000478,c006486,1.0,2025-06-25 21:16:33.169225
u000478,c006821,1.0,2025-08-19 04:28:53.969792
u000478,c006461,1.0,2025-09-28 18:47:13.032912
u000478,c008508,1.0,2025-10-18 21:01:35.982789
u000478,c006603,1.0,2025-10-29 10:25:04.541494
u000479,c008951,1.0,2025-05-17 01:24:33.767948
u000479,c008023,1.0,2025-06-02 02:58:39.778182
u000479,c009503,1.0,2025-07-03 22:05:49.337225
u000479,c008153,1.0,2025-08-13 22:36:13.945889
u000479,c008378,1.0,2025-11-06 18:05:24.160865
u000480,c007450,1.0,2024-11-21 22:39:34.293616
u000480,c007585,1.0,2024-12-01 03:00:13.181813
u000480,c007772,1.0,2024-12-12 02:15:38.275355
u000480,c007206,1.0,2024-12-18 03:11:37.171734
u000480,c009569,1.0,2024-12-19 03:04:58.634337
u000480,c007281,1.0,2025-02-07 22:11:26.840940
u000480,c007573,1.0,2025-02-09 21:26:54.630271
u000480,c007657,1.0,2025-03-03 05:45:38.330792
u000480,c007457,1.0,2025-03-25 14:55:27.632003
u000480,c009494,1.0,2025-04-20 12:16:07.727558
u000480,c008868,1.0,2025-04-22 09:58:50.014929
u000480,c007316,1.0,2025-05-03 08:59:49.931784
u000480,c007722,1.0,2025-05-12 00:07:48.850185
u000480,c008691,1.0,2025-07-20 19:57:05.785253
u000480,c007312,1.0,2025-09-19 05:18:39.835730
u000481,c009385,1.0,2024-11-16 20:19:03.866431
u000481,c009097,1.0,2024-11-20 01:54:11.277514
u000481,c009218,1.0,2025-02-02 19:00:47.151408
u000481,c009135,1.0,2025-02-24 20:31:09.500219
u000481,c007092,1.0,2025-03-25 04:13:54.541726
u000481,c008832,1.0,2025-04-03 03:00:40.638012
u000481,c007050,1.0,2025-05-12 11:59:04.968504
u000481,c009210,1.0,2025-06-26 10:43:21.706894
u000481,c009126,1.0,2025-07-10 19:57:17.414850
u000481,c006135,1.0,2025-10-26 21:58:29.254251
u000482,c009325,1.0,2025-02-09 14:52:41.609346
u000482,c009233,1.0,2025-04-20 10:06:25.629559
u000482,c009012,1.0,2025-09-18 08:39:12.451119
u000483,c007449,1.0,2025-01-18 00:02:56.469853
u000483,c006396,1.0,2025-01-31 15:38:05.332035
u000483,c007460,1.0,2025-01-31 16:51:24.124820
u000483,c007664,1.0,2025-02-03 20:08:09.997402
u000483,c009268,1.0,2025-02-14 12:49:23.224348
u000483,c007463,1.0,2025-02-24 01:23:23.159925
u000483,c006335,1.0,2025-03-27 15:00:45.489037
u000483,c007367,1.0,2025-03-31 19:57:54.159824
u000483,c007243,1.0,2025-05-21 17:45:20.369487
u000483,c007225,1.0,2025-08-02 21:29:10.451183
u000483,c007319,1.0,2025-08-27 06:51:40.889928
u000483,c007686,1.0,2025-09-24 09:45:28.987737
u000484,c009038,1.0,2024-11-26 19:40:30.000373
u000484,c008683,1.0,2024-12-25 23:31:41.623115
u000484,c008601,1.0,2025-01-20 07:50:54.484474
u000484,c009029,1.0,2025-03-21 22:19:48.409273
u000484,c009629,1.0,2025-04-06 19:18:41.490700
u000484,c009321,1.0,2025-05-01 18:31:09.099908
u000484,c006620,1.0,2025-05-08 06:49:01.384451
u000484,c008981,1.0,2025-05-20 23:56:46.018422
u000484,c006135,1.0,2025-05-31 13:39:43.482853
u000484,c009327,1.0,2025-06-02 13:32:10.469815
u000484,c009293,1.0,2025-06-07 22:47:36.637292
u000484,c008930,1.0,2025-06-25 10:40:13.133162
u000484,c008509,1.0,2025-08-24 10:35:51.351182
u000485,c006317,1.0,2024-12-11 15:32:07.675747
u000485,c009012,1.0,2025-01-14 13:15:40.838919
u000485,c006059,1.0,2025-02-10 14:46:40.197706
u000485,c008871,1.0,2025-02-27 01:37:02.225753
u000485,c008988,1.0,2025-04-02 08:31:03.927629
u000485,c009443,1.0,2025-04-11 09:35:40.406063
u000485,c009272,1.0,2025-04-13 16:23:07.069870
u000485,c006106,1.0,2025-06-21 00:03:52.096705
u000485,c008982,1.0,2025-07-22 21:43:45.927391
u000485,c009653,1.0,2025-08-17 18:58:42.405581
u000485,c006823,1.0,2025-09-03 09:25:05.571540
u000485,c008478,1.0,2025-09-05 12:31:29.372443
u000486,c009389,1.0,2024-12-13 16:09:26.719433
u000486,c009429,1.0,2024-12-15 12:50:30.537397
u000486,c009210,1.0,2025-01-27 12:29:51.720993
u000486,c008717,1.0,2025-02-10 08:59:27.333069
u000486,c008790,1.0,2025-05-23 11:31:03.522132
u000486,c008681,1.0,2025-06-12 18:03:10.945635
u000486,c008471,1.0,2025-06-15 23:42:45.098399
u000486,c009570,1.0,2025-08-02 11:29:26.312336
u000486,c008787,1.0,2025-08-20 13:48:18.099756
u000487,c006464,1.0,2024-11-29 00:41:58.801509
u000487,c007998,1.0,2024-12-20 02:19:12.920505
u000487,c007375,1.0,2025-01-02 09:05:16.895359
u000487,c008800,1.0,2025-02-16 16:39:28.159973
u000487,c007360,1.0,2025-03-05 17:09:16.710212
u000487,c007883,1.0,2025-08-21 06:48:18.746052
u000487,c007095,1.0,2025-10-11 08:04:40.307898
u000487,c007194,1.0,2025-10-26 02:29:42.905618
u000488,c008780,1.0,2024-12-29 04:49:04.817081
u000488,c006037,1.0,2025-04-09 23:07:38.149412
u000488,c008738,1.0,2025-07-08 20:15:25.614530
u000488,c009231,1.0,2025-08-03 16:01:29.717414
u000489,c008617,1.0,2024-11-11 00:44:43.538313
u000489,c009512,1.0,2024-11-26 03:22:27.393412
u000489,c009475,1.0,2025-01-18 17:01:58.320693
u000489,c008896,1.0,2025-01-27 04:20:08.584835
u000489,c008643,1.0,2025-02-23 22:18:46.000020
u000489,c008543,1.0,2025-03-12 04:43:24.505704
u000489,c008475,1.0,2025-03-31 04:25:08.692349
u000489,c009413,1.0,2025-04-10 04:48:59.300785
u000489,c008860,1.0,2025-06-20 09:43:39.105713
u000489,c008463,1.0,2025-06-21 20:12:24.480908
u000489,c009321,1.0,2025-07-03 22:15:36.046729
u000489,c008710,1.0,2025-10-08 15:46:10.603409
u000489,c008494,1.0,2025-10-26 13:55:32.583953
u000490,c006019,1.0,2024-11-23 23:30:49.193613
u000490,c008830,1.0,2025-05-27 13:08:26.947601
u000490,c008823,1.0,2025-06-19 04:04:51.542976
u000490,c008911,1.0,2025-08-20 16:38:48.447684
u000490,c009020,1.0,2025-11-04 02:51:24.803613
u000491,c008626,1.0,2024-12-21 01:41:25.401308
u000491,c008572,1.0,2025-02-25 21:25:09.263762
u000491,c008439,1.0,2025-04-06 08:41:20.565589
u000491,c006369,1.0,2025-05-28 13:25:14.380003
u000491,c007888,1.0,2025-06-06 04:18:41.004137
u000491,c008009,1.0,2025-06-16 19:32:33.893264
u000491,c008490,1.0,2025-06-17 12:42:04.466296
u000491,c008785,1.0,2025-06-23 00:25:06.783074
u000491,c008050,1.0,2025-07-24 10:32:38.178242
u000491,c009209,1.0,2025-08-19 07:39:28.327599
u000491,c009233,1.0,2025-09-22 14:25:05.913770
u000491,c008673,1.0,2025-10-10 15:30:40.648287
u000491,c008685,1.0,2025-10-11 05:03:16.374474
u000491,c007402,1.0,2025-10-13 00:29:41.207631
u000492,c007375,1.0,2024-11-08 07:41:22.035801
u000492,c007654,1.0,2024-12-17 06:26:32.864338
u000492,c008769,1.0,2025-01-25 20:28:52.560759
u000492,c008680,1.0,2025-03-02 00:51:09.309842
u000492,c007379,1.0,2025-03-04 22:10:00.713716
u000492,c007423,1.0,2025-03-30 07:37:46.346869
u000492,c009164,1.0,2025-07-16 02:33:16.995296
u000493,c008465,1.0,2024-11-13 14:11:08.242708
u000493,c008741,1.0,2025-03-22 08:02:18.289326
u000493,c008006,1.0,2025-04-09 15:46:33.193342
u000493,c009156,1.0,2025-04-14 09:22:24.582681
u000493,c008547,1.0,2025-05-12 05:30:55.545472
u000493,c008624,1.0,2025-05-24 07:11:51.833022
u000493,c009643,1.0,2025-06-13 06:04:03.767425
u000493,c009168,1.0,2025-06-19 14:42:13.764370
u000493,c009474,1.0,2025-06-24 18:25:28.129144
u000493,c009489,1.0,2025-06-26 08:22:54.140134
u000493,c006135,1.0,2025-08-10 12:50:08.630602
u000493,c006158,1.0,2025-08-28 18:01:48.263246
u000493,c008332,1.0,2025-09-07 01:59:27.958489
u000493,c008533,1.0,2025-10-03 05:21:22.609326
u000493,c008956,1.0,2025-10-17 23:43:07.228581
u000494,c009497,1.0,2024-11-10 17:16:00.230835
u000494,c006429,1.0,2024-12-31 08:48:27.814238
u000494,c009325,1.0,2025-01-04 14:46:57.243028
u000494,c008544,1.0,2025-02-01 01:16:45.542469
u000494,c006340,1.0,2025-04-01 19:59:23.163236
u000494,c008764,1.0,2025-04-14 07:53:57.124197
u000494,c009342,1.0,2025-05-30 14:48:41.360795
u000494,c008696,1.0,2025-06-11 18:48:50.788776
u000494,c009645,1.0,2025-06-24 05:34:26.541284
u000494,c008554,1.0,2025-07-21 12:38:51.564315
u000494,c008581,1.0,2025-07-28 04:07:07.434405
u000494,c009546,1.0,2025-09-09 06:35:06.851466
u000494,c009234,1.0,2025-09-10 11:40:18.618017
u000494,c008600,1.0,2025-11-01 16:19:40.529247
u000495,c009435,1.0,2024-11-10 03:55:27.339872
u000495,c008012,1.0,2024-11-22 08:05:50.166401
u000495,c009429,1.0,2024-12-11 15:14:46.558815
u000495,c008787,1.0,2025-01-30 06:46:35.335437
u000495,c007883,1.0,2025-02-25 20:27:43.649542
u000495,c006484,1.0,2025-03-11 17:59:41.530449
u000495,c008063,1.0,2025-04-06 08:05:42.630007
u000495,c008696,1.0,2025-04-11 19:40:42.212397
u000495,c009570,1.0,2025-07-05 06:44:37.872468
u000495,c008339,1.0,2025-07-12 05:30:43.526938
u000495,c009644,1.0,2025-08-03 05:38:43.718019
u000495,c007904,1.0,2025-09-09 11:49:06.025241
u000495,c008595,1.0,2025-09-11 17:08:00.085336
u000495,c008603,1.0,2025-10-05 01:08:49.637414
u000496,c006491,1.0,2025-01-13 14:37:17.005829
u000496,c008603,1.0,2025-02-12 23:55:21.630864
u000496,c009570,1.0,2025-03-18 21:22:11.381237
u000496,c009435,1.0,2025-05-03 17:14:47.858345
u000496,c009210,1.0,2025-05-05 10:38:49.739043
u000496,c007379,1.0,2025-06-02 22:52:33.522034
u000496,c007646,1.0,2025-10-06 02:55:09.733898
u000497,c008347,1.0,2025-01-01 23:35:12.013628
u000497,c007855,1.0,2025-01-08 04:11:04.767002
u000497,c009360,1.0,2025-03-28 16:11:08.196583
u000497,c008211,1.0,2025-04-30 16:58:53.761219
u000497,c008051,1.0,2025-06-02 21:30:52.621440
u000497,c008395,1.0,2025-07-18 20:35:03.162184
u000497,c009341,1.0,2025-08-09 05:21:57.714241
u000497,c008726,1.0,2025-09-26 12:18:57.297802
u000497,c007978,1.0,2025-09-28 15:50:52.252828
u000497,c007979,1.0,2025-10-01 07:52:28.135140
u000497,c008376,1.0,2025-10-08 07:29:02.479695
u000497,c007841,1.0,2025-11-03 13:23:02.971693
u000498,c008572,1.0,2024-12-01 01:06:46.734346
u000498,c009300,1.0,2024-12-14 06:09:35.027882
u000498,c009289,1.0,2025-03-07 19:03:00.470177
u000498,c008833,1.0,2025-05-31 03:44:33.033066
u000498,c009276,1.0,2025-06-24 02:47:51.720698
u000498,c008480,1.0,2025-09-21 16:43:36.600123
u000498,c008994,1.0,2025-11-06 18:17:08.385087
u000499,c008998,1.0,2025-03-05 08:08:22.919227
u000499,c008546,1.0,2025-04-01 02:47:03.613947
u000499,c009164,1.0,2025-05-13 10:49:06.283031
u000500,c008889,1.0,2024-11-15 16:16:01.012257
u000500,c007044,1.0,2025-01-07 21:59:54.774938
u000500,c008953,1.0,2025-01-20 19:02:13.747183
u000500,c009226,1.0,2025-01-28 14:50:24.268098
u000500,c009224,1.0,2025-02-22 15:08:46.449359
u000500,c008478,1.0,2025-04-09 22:48:19.975641
u000500,c009020,1.0,2025-04-13 06:09:06.747110
u000500,c008575,1.0,2025-05-02 10:12:56.251411
u000500,c007368,1.0,2025-07-19 03:02:58.729368
u000500,c007510,1.0,2025-08-26 03:40:36.288155
u000500,c008804,1.0,2025-09-02 03:20:33.202773
u000500,c008462,1.0,2025-09-09 16:37:34.926020
u000500,c008821,1.0,2025-09-22 14:19:57.270213
u000500,c009052,1.0,2025-10-12 06:12:45.840723
u000500,c008800,1.0,2025-10-22 15:27:51.042640
u000501,c008639,1.0,2025-02-21 06:42:30.223032
u000501,c008751,1.0,2025-03-20 20:16:13.229742
u000501,c007660,1.0,2025-03-24 17:57:53.542479
u000501,c008339,1.0,2025-04-07 14:53:54.507637
u000501,c009547,1.0,2025-04-19 09:20:51.438700
u000501,c008811,1.0,2025-06-26 05:00:17.072771
u000501,c009558,1.0,2025-07-20 21:56:12.056930
u000501,c008968,1.0,2025-08-21 05:51:14.661350
u000501,c005993,1.0,2025-08-24 12:11:38.507082
u000501,c007378,1.0,2025-09-02 09:02:43.533260
u000501,c009057,1.0,2025-09-29 06:36:50.382483
u000501,c007446,1.0,2025-10-21 13:31:28.051589
u000501,c009525,1.0,2025-10-23 03:52:01.595981
u000501,c007883,1.0,2025-10-30 03:51:57.821289
u000502,c008533,1.0,2024-11-24 02:20:55.952305
u000502,c007995,1.0,2024-11-27 12:03:12.981089
u000502,c007917,1.0,2024-12-15 12:04:09.058708
u000502,c009236,1.0,2024-12-21 18:01:55.129029
u000502,c009401,1.0,2025-01-01 17:23:49.089960
u000502,c008465,1.0,2025-02-25 15:25:29.012673
u000502,c009245,1.0,2025-03-24 05:54:16.726490
u000502,c008691,1.0,2025-03-31 16:15:52.636544
u000502,c007737,1.0,2025-04-12 21:07:24.782352
u000502,c008023,1.0,2025-05-14 18:49:10.495666
u000502,c009290,1.0,2025-09-06 10:14:24.676521
u000502,c009126,1.0,2025-09-08 01:29:24.131870
u000502,c008550,1.0,2025-10-19 22:25:07.476296
u000503,c009092,1.0,2024-12-10 14:38:08.336286
u000503,c009410,1.0,2025-01-26 23:30:28.895433
u000503,c008878,1.0,2025-02-03 01:49:40.082106
u000503,c008546,1.0,2025-02-09 23:19:15.539079
u000503,c009232,1.0,2025-03-03 21:55:17.854164
u000503,c008557,1.0,2025-03-27 05:12:32.783945
u000503,c008923,1.0,2025-05-18 22:55:39.632244
u000503,c008532,1.0,2025-07-19 07:59:12.030533
u000503,c008463,1.0,2025-08-14 11:38:54.305499
u000503,c009164,1.0,2025-08-23 11:28:36.957548
u000503,c008912,1.0,2025-09-17 20:48:47.114985
u000503,c008779,1.0,2025-10-03 15:58:29.469441
u000503,c008721,1.0,2025-10-10 11:33:28.709813
u000503,c008782,1.0,2025-10-26 12:22:10.559505
u000503,c009144,1.0,2025-11-03 17:58:52.640030
u000504,c008603,1.0,2024-11-15 09:12:17.532440
u000504,c009435,1.0,2025-02-14 14:12:57.504040
u000504,c009212,1.0,2025-07-14 08:28:09.226717
u000505,c008649,1.0,2025-03-08 02:52:25.565378
u000505,c008756,1.0,2025-06-08 08:08:44.456121
u000505,c008858,1.0,2025-10-01 23:52:47.561340
u000506,c008795,1.0,2024-11-25 10:38:20.007608
u000506,c008658,1.0,2025-04-03 07:40:25.245909
u000506,c007969,1.0,2025-04-18 16:52:40.371151
u000506,c008945,1.0,2025-05-07 17:32:51.264500
u000506,c007899,1.0,2025-06-22 17:34:22.221986
u000506,c008792,1.0,2025-08-03 17:51:11.521410
u000506,c008691,1.0,2025-08-05 08:36:37.996434
u000506,c009278,1.0,2025-08-18 16:23:07.127367
u000506,c009510,1.0,2025-09-13 17:00:35.518124
u000506,c009468,1.0,2025-10-04 21:02:32.623618
u000506,c008507,1.0,2025-10-18 13:19:15.943175
u000507,c008691,1.0,2024-11-28 05:47:01.105850
u000507,c008795,1.0,2025-01-15 06:58:09.777921
u000507,c008586,1.0,2025-03-01 10:18:29.760886
u000507,c009510,1.0,2025-07-27 20:37:22.030326
u000507,c009048,1.0,2025-08-03 05:28:48.600611
u000507,c009232,1.0,2025-08-17 15:55:03.944897
u000507,c009398,1.0,2025-08-22 23:01:39.561121
u000507,c009628,1.0,2025-09-07 21:56:08.763459
u000507,c008779,1.0,2025-09-29 09:56:53.011526
u000507,c009024,1.0,2025-10-01 12:40:28.085655
u000507,c008761,1.0,2025-10-14 14:57:15.949867
u000508,c009270,1.0,2024-11-11 19:40:04.250170
u000508,c008808,1.0,2025-02-12 16:06:22.334445
u000508,c009128,1.0,2025-03-04 01:18:11.923115
u000508,c008968,1.0,2025-03-05 03:33:21.470142
u000508,c009500,1.0,2025-07-06 12:13:59.646224
u000508,c009171,1.0,2025-08-02 02:40:09.217626
u000508,c006484,1.0,2025-09-23 05:12:25.754230
u000509,c008107,1.0,2024-11-10 10:03:07.485951
u000509,c009391,1.0,2024-11-27 12:44:35.020248
u000509,c009532,1.0,2024-12-01 07:08:09.360227
u000509,c009449,1.0,2025-06-08 13:22:45.605533
u000509,c007848,1.0,2025-06-26 15:40:55.299714
u000509,c009073,1.0,2025-09-02 00:51:33.547098
u000509,c008064,1.0,2025-10-17 18:28:24.320566
u000510,c009227,1.0,2024-12-13 09:57:45.527809
u000510,c006558,1.0,2025-01-03 01:39:14.341479
u000510,c008463,1.0,2025-01-09 10:17:02.534644
u000510,c006028,1.0,2025-01-11 14:48:09.575019
u000510,c009064,1.0,2025-03-10 17:41:34.143403
u000510,c009207,1.0,2025-03-22 18:38:54.857292
u000510,c008627,1.0,2025-04-07 13:07:03.538195
u000510,c008565,1.0,2025-04-12 02:51:21.331098
u000510,c009340,1.0,2025-04-20 08:21:41.896807
u000510,c009597,1.0,2025-05-20 03:39:19.750553
u000510,c008617,1.0,2025-05-29 02:55:45.798003
u000510,c008496,1.0,2025-06-27 04:57:34.566901
u000510,c006819,1.0,2025-07-19 14:45:24.977474
u000510,c009443,1.0,2025-08-05 16:42:37.946725
u000510,c009644,1.0,2025-09-25 07:36:01.106143
u000511,c006354,1.0,2025-01-11 02:55:54.387476
u000511,c009338,1.0,2025-01-16 22:37:08.164059
u000511,c008749,1.0,2025-03-01 13:19:32.199548
u000511,c009080,1.0,2025-03-09 15:10:22.629143
u000511,c008638,1.0,2025-04-23 15:21:49.007789
u000511,c008575,1.0,2025-05-19 06:31:16.663110
u000511,c006707,1.0,2025-06-05 22:41:13.757183
u000511,c008808,1.0,2025-06-21 14:21:29.003169
u000511,c009473,1.0,2025-06-26 23:21:42.650540
u000511,c007011,1.0,2025-07-16 13:14:53.840628
u000511,c008998,1.0,2025-09-17 22:58:57.039134
u000511,c006240,1.0,2025-10-25 12:25:55.840736
u000512,c009199,1.0,2024-11-08 23:05:46.281556
u000512,c008751,1.0,2024-12-11 05:45:57.920521
u000512,c008989,1.0,2024-12-29 21:35:21.616408
u000512,c008639,1.0,2025-06-04 01:09:04.969676
u000512,c009080,1.0,2025-08-07 22:33:04.527543
u000512,c009083,1.0,2025-08-17 04:27:21.314146
u000512,c008863,1.0,2025-09-17 16:15:37.819480
u000512,c009558,1.0,2025-10-13 08:38:23.604544
u000513,c009486,1.0,2024-11-25 18:37:37.482325
u000513,c008676,1.0,2024-12-22 19:35:38.156910
u000513,c008681,1.0,2024-12-25 03:21:01.651312
u000513,c009551,1.0,2025-01-16 16:47:36.063566
u000513,c008894,1.0,2025-01-25 23:06:57.064173
u000513,c008595,1.0,2025-02-17 03:17:34.377416
u000513,c009263,1.0,2025-04-09 16:50:58.136623
u000513,c008478,1.0,2025-04-18 09:20:30.821272
u000513,c009210,1.0,2025-07-04 17:34:20.561292
u000513,c009140,1.0,2025-07-13 06:27:57.064869
u000513,c008709,1.0,2025-07-25 12:44:28.382719
u000513,c009389,1.0,2025-08-03 01:42:47.950241
u000513,c009268,1.0,2025-09-28 23:22:14.761106
u000513,c008470,1.0,2025-09-30 15:48:06.538110
u000514,c009570,1.0,2024-12-16 12:31:49.011161
u000514,c009135,1.0,2024-12-22 10:44:41.834709
u000514,c009083,1.0,2025-01-24 08:20:57.497726
u000514,c008989,1.0,2025-04-01 08:29:49.456097
u000514,c009270,1.0,2025-04-03 20:16:24.916027
u000514,c009429,1.0,2025-04-17 07:10:59.056678
u000514,c009136,1.0,2025-06-01 14:27:18.291755
u000514,c009558,1.0,2025-10-16 17:13:09.523379
u000515,c008492,1.0,2024-12-22 16:17:50.176566
u000515,c009429,1.0,2025-01-07 19:45:53.517886
u000515,c008987,1.0,2025-01-23 21:53:39.301785
u000515,c009269,1.0,2025-06-30 06:54:45.238243
u000515,c009046,1.0,2025-07-23 05:03:47.363086
u000516,c008472,1.0,2025-01-25 01:12:03.704522
u000516,c009012,1.0,2025-02-11 02:06:54.291902
u000516,c008577,1.0,2025-02-12 07:24:05.489943
u000516,c009653,1.0,2025-03-20 12:26:52.974114
u000516,c009342,1.0,2025-06-03 18:25:50.515401
u000517,c009262,1.0,2024-12-10 22:09:57.063266
u000517,c008672,1.0,2025-01-07 08:45:57.184405
u000517,c008998,1.0,2025-02-14 19:35:09.780193
u000517,c009190,1.0,2025-02-28 13:16:17.448725
u000517,c008496,1.0,2025-05-08 16:14:48.638721
u000517,c009097,1.0,2025-07-11 22:15:00.773582
u000517,c008935,1.0,2025-07-22 04:45:04.935809
u000517,c009023,1.0,2025-08-13 08:20:13.829927
u000517,c008648,1.0,2025-08-31 15:15:38.481036
u000517,c008805,1.0,2025-09-25 09:49:42.626559
u000518,c008096,1.0,2024-12-01 08:54:21.723794
u000518,c006390,1.0,2025-06-24 00:02:40.266935
u000518,c007954,1.0,2025-07-09 22:34:09.337901
u000518,c008102,1.0,2025-08-16 00:08:56.584014
u000518,c008673,1.0,2025-10-10 02:29:02.878106
u000518,c008873,1.0,2025-10-21 20:26:15.685782
u000519,c008924,1.0,2024-11-22 08:17:25.083081
u000519,c008668,1.0,2024-12-09 07:18:22.800177
u000519,c009231,1.0,2025-06-20 22:52:58.934138
u000520,c008014,1.0,2024-11-18 08:47:32.811670
u000520,c008350,1.0,2024-12-30 05:25:17.731203
u000520,c008482,1.0,2025-02-25 08:00:55.953542
u000520,c007991,1.0,2025-04-10 07:40:21.745598
u000520,c009188,1.0,2025-05-14 11:54:30.197600
u000520,c008858,1.0,2025-05-18 11:17:27.908316
u000520,c008888,1.0,2025-06-18 21:56:34.765834
u000520,c009272,1.0,2025-07-10 19:11:36.601168
u000520,c008343,1.0,2025-07-31 01:35:11.286450
u000520,c009653,1.0,2025-08-19 12:54:05.245666
u000520,c007916,1.0,2025-08-30 12:27:08.756037
u000520,c009579,1.0,2025-09-09 07:02:41.224010
u000520,c009547,1.0,2025-10-12 07:32:10.767412
u000520,c009457,1.0,2025-11-06 04:34:50.100807
u000521,c008998,1.0,2025-02-15 22:44:17.221356
u000521,c009562,1.0,2025-03-04 20:48:36.830210
u000521,c009586,1.0,2025-04-27 17:08:55.973085
u000521,c009051,1.0,2025-07-04 12:48:10.769927
u000521,c008987,1.0,2025-08-17 15:11:47.734803
u000521,c008672,1.0,2025-08-21 16:24:12.906321
u000522,c007966,1.0,2025-08-16 10:06:44.251102
u000522,c007863,1.0,2025-10-07 00:15:41.215832
u000522,c008012,1.0,2025-10-31 07:55:54.954850
u000523,c006785,1.0,2024-11-23 07:37:10.752967
u000523,c006017,1.0,2025-02-20 04:21:24.119622
u000523,c006732,1.0,2025-03-06 06:19:01.869474
u000523,c007152,1.0,2025-03-11 19:46:55.492528
u000523,c009230,1.0,2025-03-18 01:26:32.203248
u000523,c006026,1.0,2025-04-04 07:50:01.708739
u000523,c006681,1.0,2025-07-24 15:09:03.733574
u000523,c009267,1.0,2025-09-01 05:25:50.644305
u000524,c007190,1.0,2024-12-29 19:34:55.409634
u000524,c006735,1.0,2025-03-02 15:43:08.615020
u000524,c006821,1.0,2025-05-29 09:35:19.781322
u000524,c007252,1.0,2025-06-29 08:34:25.872488
u000524,c008636,1.0,2025-07-02 21:19:01.729367
u000524,c008764,1.0,2025-07-27 17:53:57.385850
u000524,c008890,1.0,2025-07-28 03:16:57.474088
u000524,c009158,1.0,2025-09-24 09:52:47.898312
u000524,c006467,1.0,2025-10-09 14:43:14.872127
u000525,c009231,1.0,2024-12-06 17:58:07.303998
u000525,c009226,1.0,2025-04-15 02:05:30.512628
u000525,c008935,1.0,2025-06-18 02:47:55.241245
u000526,c009644,1.0,2025-04-28 12:56:19.093320
u000526,c009290,1.0,2025-05-12 22:14:54.944385
u000526,c008948,1.0,2025-08-22 08:58:08.598712
u000527,c008661,1.0,2024-12-09 02:56:46.619986
u000527,c009339,1.0,2024-12-23 10:48:23.284566
u000527,c008478,1.0,2025-06-05 08:57:59.801178
u000527,c009428,1.0,2025-06-27 04:12:07.587938
u000527,c009396,1.0,2025-07-27 19:29:40.016714
u000528,c009199,1.0,2024-11-12 23:38:08.716245
u000528,c008972,1.0,2024-11-16 13:30:25.045212
u000528,c009464,1.0,2025-01-11 07:51:27.267903
u000528,c009088,1.0,2025-01-18 13:54:56.966503
u000528,c009415,1.0,2025-03-08 12:36:38.584365
u000528,c009353,1.0,2025-03-12 14:41:13.348051
u000528,c008894,1.0,2025-05-19 10:29:07.026858
u000528,c009153,1.0,2025-06-14 11:17:11.741637
u000528,c009295,1.0,2025-07-16 15:09:55.671337
u000528,c009103,1.0,2025-10-07 13:30:21.720525
u000529,c008958,1.0,2025-01-15 15:34:45.041817
u000529,c008689,1.0,2025-02-14 23:41:43.598898
u000529,c009556,1.0,2025-03-17 14:31:01.220916
u000529,c006468,1.0,2025-03-19 21:07:03.425580
u000529,c006207,1.0,2025-04-25 13:29:11.412208
u000529,c008973,1.0,2025-05-11 00:27:53.116274
u000529,c006064,1.0,2025-05-24 17:29:25.081823
u000529,c009222,1.0,2025-08-16 01:12:43.330119
u000529,c008653,1.0,2025-09-01 10:57:42.254727
u000529,c009462,1.0,2025-09-29 14:47:03.721202
u000529,c009258,1.0,2025-10-15 10:21:19.803975
u000529,c008867,1.0,2025-10-22 07:01:53.581359
u000530,c009256,1.0,2024-12-17 19:21:02.085912
u000530,c009510,1.0,2025-04-07 03:08:31.521469
u000530,c009325,1.0,2025-04-07 13:03:52.078352
u000530,c001402,1.0,2025-05-07 18:17:27.027519
u000530,c009546,1.0,2025-05-29 12:35:01.892068
u000530,c009270,1.0,2025-06-05 13:56:41.217334
u000530,c008619,1.0,2025-08-12 16:37:54.506271
u000530,c008691,1.0,2025-08-18 10:10:51.321583
u000530,c009209,1.0,2025-08-31 08:19:40.181769
u000530,c006009,1.0,2025-09-10 20:59:04.867617
u000530,c009083,1.0,2025-09-18 03:07:40.800939
u000530,c007651,1.0,2025-09-27 00:23:09.788198
u000530,c009233,1.0,2025-09-27 06:06:53.986031
u000531,c009428,1.0,2024-12-12 17:42:20.688851
u000531,c008478,1.0,2025-03-25 13:58:38.084207
u000531,c009420,1.0,2025-04-10 19:01:20.214791
u000531,c008963,1.0,2025-04-16 18:36:27.088382
u000531,c009260,1.0,2025-05-01 02:06:45.578463
u000531,c009140,1.0,2025-06-01 03:32:43.205424
u000531,c008661,1.0,2025-06-07 22:05:19.827733
u000531,c008691,1.0,2025-08-13 06:06:33.986962
u000531,c009339,1.0,2025-09-12 11:07:05.144766
u000531,c008886,1.0,2025-09-29 01:45:30.831385
u000531,c009398,1.0,2025-10-04 16:48:11.499693
u000532,c009015,1.0,2024-12-27 02:43:08.386614
u000532,c009268,1.0,2025-02-04 23:03:58.993364
u000532,c008612,1.0,2025-02-15 16:07:53.410076
u000532,c009556,1.0,2025-06-12 23:32:21.303384
u000532,c009462,1.0,2025-07-14 23:44:31.681498
u000532,c008867,1.0,2025-08-05 09:06:44.618983
u000532,c009238,1.0,2025-09-14 17:43:50.286650
u000533,c009354,1.0,2024-11-07 23:25:28.513240
u000533,c008871,1.0,2025-02-23 17:55:38.904172
u000533,c008825,1.0,2025-04-16 09:00:16.417265
u000533,c009564,1.0,2025-05-23 19:58:30.410890
u000533,c009477,1.0,2025-05-27 12:30:30.340142
u000534,c008804,1.0,2024-11-10 16:35:28.524194
u000534,c009003,1.0,2024-12-07 20:39:47.947148
u000534,c008820,1.0,2025-08-12 23:01:37.020929
u000534,c009392,1.0,2025-08-13 11:43:35.415552
u000535,c008657,1.0,2025-01-08 11:12:06.855134
u000535,c009189,1.0,2025-03-17 09:11:38.903440
u000535,c008547,1.0,2025-04-07 13:11:22.263164
u000535,c009231,1.0,2025-09-11 15:32:51.037210
u000536,c006135,1.0,2024-11-18 03:08:09.526273
u000536,c006857,1.0,2025-01-27 02:54:35.958846
u000536,c007062,1.0,2025-02-05 13:41:22.554442
u000536,c006281,1.0,2025-04-26 06:54:23.118314
u000536,c007092,1.0,2025-04-28 11:34:58.909634
u000536,c006072,1.0,2025-08-15 02:30:57.293671
u000536,c006322,1.0,2025-08-17 03:15:45.645566
u000536,c006120,1.0,2025-09-01 07:56:46.090075
u000537,c008529,1.0,2024-11-11 16:13:19.547358
u000537,c009191,1.0,2025-03-04 20:44:57.528344
u000537,c009306,1.0,2025-04-12 19:13:21.772950
u000537,c008538,1.0,2025-04-17 00:09:18.807289
u000537,c007393,1.0,2025-04-22 15:20:44.766561
u000537,c008920,1.0,2025-05-03 12:51:18.024302
u000537,c008707,1.0,2025-07-22 09:12:02.221658
u000537,c007517,1.0,2025-07-30 01:17:03.416245
u000537,c009096,1.0,2025-08-10 16:37:24.926918
u000537,c009250,1.0,2025-08-30 10:09:34.709158
u000538,c007966,1.0,2025-03-15 11:05:26.672486
u000538,c008513,1.0,2025-07-31 04:28:45.637115
u000538,c009002,1.0,2025-08-16 00:02:28.547432
u000538,c008710,1.0,2025-08-25 11:12:34.709825
u000538,c008763,1.0,2025-10-23 19:23:45.059012
u000539,c008500,1.0,2024-11-16 04:53:17.068492
u000539,c009155,1.0,2025-06-01 10:43:31.335580
u000539,c006300,1.0,2025-06-15 16:45:54.769705
u000539,c008600,1.0,2025-09-28 19:09:23.374454
u000540,c008696,1.0,2024-12-14 09:23:07.145048
u000540,c008833,1.0,2025-01-08 11:46:16.976724
u000540,c009335,1.0,2025-02-25 02:54:49.074323
u000540,c009383,1.0,2025-02-25 17:37:42.107226
u000540,c009234,1.0,2025-03-13 17:22:31.721704
u000540,c009268,1.0,2025-05-05 23:40:28.480273
u000540,c009256,1.0,2025-08-28 07:32:29.453108
u000540,c009228,1.0,2025-09-15 16:18:55.459260
u000541,c006486,1.0,2024-12-11 00:55:02.597294
u000541,c008989,1.0,2024-12-13 11:24:41.972586
u000541,c008927,1.0,2025-03-10 10:56:09.138066
u000541,c009447,1.0,2025-03-29 19:43:19.376648
u000541,c009556,1.0,2025-04-04 15:30:16.450452
u000541,c006059,1.0,2025-05-12 13:54:13.579841
u000541,c007116,1.0,2025-06-07 11:15:58.558598
u000541,c008968,1.0,2025-07-05 12:40:59.447648
u000541,c009258,1.0,2025-08-25 22:20:15.435706
u000541,c009199,1.0,2025-09-03 00:33:50.353918
u000541,c006120,1.0,2025-09-11 20:05:26.192623
u000541,c009508,1.0,2025-09-12 11:40:37.007316
u000541,c009163,1.0,2025-09-28 00:48:10.009455
u000541,c006110,1.0,2025-10-30 12:58:52.988520
u000542,c008470,1.0,2024-12-30 10:10:52.551853
u000542,c006102,1.0,2025-01-12 19:57:04.067583
u000542,c008990,1.0,2025-01-23 12:23:59.491746
u000542,c009270,1.0,2025-03-02 21:34:40.268955
u000542,c007203,1.0,2025-03-03 20:35:14.552771
u000542,c008918,1.0,2025-03-05 13:31:23.950106
u000542,c009068,1.0,2025-05-18 14:12:27.810059
u000542,c008712,1.0,2025-05-25 08:57:08.522616
u000542,c008809,1.0,2025-06-27 11:50:36.699953
u000542,c009210,1.0,2025-08-11 09:17:32.710251
u000542,c008503,1.0,2025-08-14 16:40:21.856376
u000542,c009225,1.0,2025-08-24 04:34:59.277966
u000542,c009402,1.0,2025-09-05 08:04:02.047802
u000543,c009068,1.0,2024-11-15 19:08:45.224698
u000543,c008880,1.0,2025-04-11 23:33:06.603054
u000543,c009504,1.0,2025-07-02 17:42:09.103184
u000543,c008800,1.0,2025-08-05 08:24:10.245343
u000544,c009342,1.0,2024-12-29 18:58:57.655301
u000544,c007772,1.0,2025-02-14 11:48:03.987066
u000544,c007575,1.0,2025-04-08 14:18:07.282854
u000544,c008604,1.0,2025-05-05 03:47:47.362063
u000544,c007312,1.0,2025-06-02 11:38:53.292628
u000544,c009454,1.0,2025-08-25 11:38:22.823870
u000545,c008470,1.0,2024-11-19 16:54:52.788638
u000545,c008790,1.0,2024-12-15 17:17:27.031458
u000545,c009212,1.0,2025-01-24 02:19:35.770483
u000545,c007454,1.0,2025-02-28 13:25:48.357498
u000545,c008603,1.0,2025-09-07 23:33:29.996445
u000545,c009570,1.0,2025-10-18 10:01:52.961672
u000545,c007246,1.0,2025-10-19 21:45:08.509470
u000545,c008717,1.0,2025-10-23 19:10:47.549291
u000545,c008572,1.0,2025-10-30 21:26:33.878223
u000546,c007883,1.0,2024-11-21 05:50:10.205210
u000546,c009208,1.0,2024-11-22 09:27:49.060452
u000546,c008486,1.0,2025-01-27 18:08:12.936279
u000546,c008769,1.0,2025-04-23 11:24:47.619715
u000546,c006119,1.0,2025-04-25 03:15:12.466659
u000546,c009207,1.0,2025-05-31 03:27:23.775458
u000546,c009603,1.0,2025-06-14 00:10:18.722095
u000546,c008627,1.0,2025-08-22 18:44:36.573935
u000546,c008509,1.0,2025-08-26 17:03:58.729355
u000546,c009235,1.0,2025-10-29 18:57:06.438409
u000547,c008835,1.0,2024-11-07 02:50:57.373477
u000547,c008006,1.0,2025-01-13 03:37:09.823529
u000547,c009212,1.0,2025-02-02 04:08:17.003217
u000547,c008787,1.0,2025-02-15 00:47:12.347437
u000547,c008595,1.0,2025-04-14 22:12:24.333742
u000547,c009408,1.0,2025-04-20 18:33:42.580800
u000547,c008956,1.0,2025-05-08 17:47:13.145879
u000547,c009210,1.0,2025-06-21 14:08:11.498531
u000547,c009135,1.0,2025-06-30 23:07:46.231577
u000547,c008681,1.0,2025-07-11 07:12:49.523694
u000547,c008470,1.0,2025-08-16 04:44:15.675130
u000548,c008680,1.0,2024-12-02 17:54:57.940340
u000548,c008595,1.0,2024-12-20 17:25:00.074691
u000548,c007880,1.0,2025-01-01 22:40:38.433730
u000548,c008603,1.0,2025-01-04 10:00:07.835055
u000548,c009212,1.0,2025-01-13 19:56:20.235458
u000548,c009012,1.0,2025-02-02 16:04:21.981425
u000548,c008682,1.0,2025-02-22 06:57:32.538147
u000548,c009435,1.0,2025-06-07 03:13:11.154307
u000548,c008790,1.0,2025-07-24 12:21:08.605191
u000548,c008787,1.0,2025-08-09 03:17:39.976802
u000548,c008976,1.0,2025-09-19 06:10:17.538752
u000549,c007245,1.0,2024-12-05 13:06:50.708557
u000549,c007225,1.0,2024-12-10 09:24:43.051916
u000549,c006144,1.0,2024-12-16 18:45:11.202001
u000549,c009210,1.0,2024-12-21 17:01:04.481719
u000549,c007463,1.0,2025-01-14 15:09:50.413186
u000549,c007367,1.0,2025-01-17 11:41:01.260000
u000549,c007238,1.0,2025-01-19 04:14:53.347255
u000549,c008567,1.0,2025-01-27 00:05:00.703230
u000549,c007052,1.0,2025-02-04 22:21:44.549833
u000549,c007454,1.0,2025-05-12 17:08:15.122116
u000549,c007307,1.0,2025-07-29 01:19:40.779561
u000549,c008668,1.0,2025-07-29 12:18:16.089101
u000549,c007685,1.0,2025-08-29 09:38:27.653089
u000549,c007231,1.0,2025-10-01 12:06:30.687027
u000549,c009241,1.0,2025-10-30 14:54:45.383597
u000550,c009449,1.0,2024-11-08 07:05:18.396586
u000550,c008566,1.0,2024-11-12 11:24:35.424178
u000550,c008823,1.0,2025-01-20 15:50:37.190419
u000550,c009559,1.0,2025-01-22 05:15:19.547112
u000550,c008575,1.0,2025-01-30 11:39:56.295168
u000550,c008506,1.0,2025-06-01 08:06:12.480481
u000550,c009032,1.0,2025-06-04 03:36:32.973685
u000550,c009072,1.0,2025-06-20 22:27:00.778953
u000550,c008905,1.0,2025-07-14 01:49:51.215436
u000550,c008559,1.0,2025-09-10 12:11:12.727612
u000550,c009391,1.0,2025-10-01 05:36:12.829666
u000551,c009025,1.0,2024-11-26 12:49:10.996014
u000551,c009645,1.0,2025-02-23 08:33:20.969132
u000551,c009130,1.0,2025-02-23 16:31:16.800066
u000551,c009490,1.0,2025-03-06 05:50:15.785842
u000551,c009151,1.0,2025-06-01 20:16:35.969738
u000551,c009559,1.0,2025-07-14 02:12:43.820549
u000551,c008910,1.0,2025-08-28 19:26:46.991441
u000551,c009613,1.0,2025-09-22 08:41:39.176754
u000551,c009243,1.0,2025-09-30 09:22:17.105328
u000551,c009605,1.0,2025-10-16 11:46:50.368562
u000552,c009222,1.0,2025-01-06 00:29:15.359236
u000552,c009478,1.0,2025-01-08 00:00:59.166773
u000552,c008764,1.0,2025-02-02 18:51:39.042970
u000552,c008687,1.0,2025-02-12 14:11:12.417973
u000552,c009580,1.0,2025-02-21 16:20:51.423854
u000552,c007883,1.0,2025-03-17 18:20:05.238523
u000552,c009187,1.0,2025-03-27 17:49:58.268336
u000552,c009188,1.0,2025-05-29 07:04:07.834286
u000552,c009362,1.0,2025-07-15 15:03:18.877427
u000552,c009238,1.0,2025-09-29 08:17:06.745202
u000552,c009138,1.0,2025-10-23 15:35:59.355491
u000553,c008463,1.0,2024-11-20 00:24:01.819999
u000553,c009208,1.0,2025-03-30 12:48:15.134136
u000553,c009433,1.0,2025-05-11 14:19:06.973863
u000553,c009273,1.0,2025-07-28 07:52:57.906248
u000553,c009262,1.0,2025-08-22 01:00:36.227383
u000553,c008996,1.0,2025-08-22 15:56:46.928172
u000553,c007625,1.0,2025-09-24 05:12:10.348467
u000554,c007446,1.0,2024-11-22 15:42:09.800100
u000554,c007572,1.0,2024-12-12 06:21:03.790659
u000554,c007376,1.0,2024-12-17 04:39:11.616916
u000554,c007457,1.0,2024-12-23 12:36:21.482943
u000554,c007199,1.0,2025-01-11 15:12:32.276603
u000554,c007224,1.0,2025-01-27 06:43:07.392537
u000554,c008594,1.0,2025-02-24 18:27:27.832218
u000554,c007772,1.0,2025-03-03 09:54:23.495922
u000554,c007883,1.0,2025-04-02 12:13:46.648187
u000554,c007331,1.0,2025-05-17 07:26:18.547445
u000554,c007313,1.0,2025-05-20 05:24:14.394339
u000554,c008486,1.0,2025-07-04 02:48:58.495863
u000554,c008489,1.0,2025-08-26 02:45:15.787890
u000554,c009385,1.0,2025-09-24 10:07:31.626468
u000554,c008252,1.0,2025-09-28 15:59:58.178825
u000555,c007721,1.0,2024-12-08 03:13:35.011340
u000555,c009382,1.0,2024-12-08 23:46:53.551516
u000555,c007666,1.0,2025-01-05 08:11:32.788089
u000555,c008575,1.0,2025-01-29 18:01:27.714460
u000555,c007740,1.0,2025-02-12 22:04:55.106000
u000555,c007400,1.0,2025-03-06 01:17:46.061631
u000555,c009055,1.0,2025-03-23 15:38:39.409968
u000555,c007240,1.0,2025-06-02 12:53:56.836587
u000555,c007995,1.0,2025-06-03 05:01:08.827994
u000555,c007373,1.0,2025-06-14 12:06:26.668182
u000555,c007774,1.0,2025-06-22 06:37:36.284227
u000555,c007206,1.0,2025-08-07 20:58:02.624582
u000555,c007460,1.0,2025-11-06 04:34:38.772617
u000556,c009556,1.0,2025-02-05 16:16:09.922840
u000556,c006647,1.0,2025-03-16 07:28:08.314172
u000556,c006361,1.0,2025-03-24 18:20:57.552114
u000556,c006403,1.0,2025-06-04 20:02:22.307910
u000556,c009186,1.0,2025-06-13 14:28:50.025458
u000556,c006439,1.0,2025-07-02 12:18:00.279718
u000556,c006314,1.0,2025-07-13 08:43:27.359633
u000556,c006553,1.0,2025-07-19 22:11:28.522195
u000556,c006957,1.0,2025-07-21 02:39:09.170463
u000556,c006826,1.0,2025-08-06 20:09:11.781115
u000556,c006163,1.0,2025-09-19 06:00:12.422798
u000557,c009484,1.0,2024-11-07 21:50:20.003409
u000557,c009031,1.0,2025-02-06 10:43:26.665801
u000557,c008522,1.0,2025-02-15 09:50:22.761251
u000557,c008470,1.0,2025-08-08 07:01:16.558776
u000557,c008975,1.0,2025-10-20 06:16:15.999015
u000558,c007924,1.0,2024-11-16 18:18:05.173697
u000558,c008015,1.0,2024-11-19 14:01:40.060819
u000558,c006098,1.0,2024-11-19 19:07:25.701382
u000558,c007887,1.0,2025-01-24 17:32:44.012316
u000558,c006125,1.0,2025-02-16 10:22:58.160956
u000558,c006424,1.0,2025-03-14 09:15:30.489268
u000558,c008170,1.0,2025-07-08 03:50:33.934858
u000558,c008283,1.0,2025-07-14 04:58:26.765990
u000558,c008327,1.0,2025-07-16 04:23:15.327530
u000559,c009465,1.0,2024-12-25 18:21:06.795449
u000559,c009002,1.0,2025-03-05 11:41:31.653537
u000559,c009309,1.0,2025-05-17 05:54:47.903559
u000559,c008589,1.0,2025-06-22 22:33:06.460961
u000559,c009475,1.0,2025-06-27 03:48:30.305410
u000559,c009222,1.0,2025-07-27 19:32:17.123390
u000559,c008643,1.0,2025-07-31 17:13:37.230175
u000559,c008568,1.0,2025-08-09 07:00:13.459695
u000559,c008896,1.0,2025-09-24 16:42:55.622774
u000559,c008494,1.0,2025-10-09 06:29:02.704028
u000560,c007686,1.0,2025-01-12 04:52:27.628703
u000560,c007367,1.0,2025-02-03 17:15:29.130216
u000560,c007463,1.0,2025-03-08 10:58:24.208511
u000560,c007243,1.0,2025-06-08 05:25:44.580385
u000560,c007319,1.0,2025-06-29 03:46:47.636682
u000560,c007231,1.0,2025-07-18 01:35:37.740185
u000560,c007664,1.0,2025-08-25 14:44:00.675976
u000560,c007225,1.0,2025-10-02 22:34:50.052714
u000560,c007647,1.0,2025-10-26 00:22:01.860317
u000560,c007733,1.0,2025-10-29 19:32:46.755737
u000561,c006281,1.0,2024-11-17 04:52:59.002600
u000561,c009128,1.0,2024-12-22 17:59:20.306221
u000561,c007055,1.0,2025-04-05 08:10:06.949912
u000561,c006135,1.0,2025-07-01 23:59:25.661743
u000561,c006029,1.0,2025-08-26 12:21:26.938270
u000562,c006283,1.0,2024-11-07 06:47:13.443521
u000562,c008978,1.0,2024-12-13 08:36:00.308276
u000562,c009457,1.0,2025-02-25 02:11:47.732852
u000562,c008790,1.0,2025-02-27 07:41:51.856425
u000562,c009272,1.0,2025-04-06 23:17:18.979700
u000562,c009541,1.0,2025-04-13 03:45:53.693690
u000562,c009391,1.0,2025-06-15 11:12:35.495968
u000562,c006436,1.0,2025-07-24 23:16:33.651649
u000562,c009435,1.0,2025-10-29 03:03:12.720164
u000562,c009429,1.0,2025-10-29 09:29:20.259260
u000563,c008515,1.0,2025-01-31 03:02:57.561937
u000563,c006030,1.0,2025-03-04 13:12:48.752855
u000563,c009161,1.0,2025-07-06 07:20:51.554009
u000563,c009218,1.0,2025-10-18 10:57:08.634554
u000564,c009644,1.0,2025-05-06 03:58:16.323053
u000564,c008544,1.0,2025-05-21 16:39:18.923025
u000564,c008764,1.0,2025-05-28 07:03:53.024751
u000564,c009303,1.0,2025-06-17 08:57:11.610384
u000564,c009208,1.0,2025-08-10 11:55:01.554936
u000565,c006764,1.0,2024-11-11 12:49:40.157210
u000565,c007107,1.0,2024-11-13 23:42:13.654598
u000565,c007169,1.0,2025-01-14 21:59:30.004336
u000565,c006865,1.0,2025-01-24 10:58:14.907493
u000565,c007116,1.0,2025-03-08 02:06:58.943580
u000565,c006208,1.0,2025-03-31 00:56:11.647392
u000565,c007072,1.0,2025-05-01 03:32:23.588239
u000565,c006665,1.0,2025-05-04 21:06:51.346196
u000565,c006492,1.0,2025-05-06 12:02:03.599922
u000565,c006477,1.0,2025-06-09 01:21:50.519878
u000565,c009471,1.0,2025-07-25 00:43:55.770543
u000565,c008645,1.0,2025-08-20 07:27:02.234619
u000565,c008691,1.0,2025-09-27 04:34:15.834562
u000565,c006287,1.0,2025-10-16 10:48:26.364805
u000565,c006898,1.0,2025-11-06 16:13:03.962993
u000566,c008691,1.0,2024-11-16 22:22:36.493749
u000566,c009096,1.0,2024-12-17 04:46:25.395397
u000566,c008650,1.0,2024-12-24 14:01:36.986852
u000566,c009210,1.0,2025-03-10 01:20:35.518654
u000566,c008547,1.0,2025-04-14 07:44:48.872748
u000566,c008920,1.0,2025-05-20 08:45:33.813495
u000566,c009191,1.0,2025-06-15 02:19:34.606062
u000566,c009570,1.0,2025-07-18 15:14:06.508114
u000566,c006008,1.0,2025-07-27 02:58:11.043896
u000566,c006346,1.0,2025-08-01 21:48:40.195048
u000566,c008596,1.0,2025-08-25 17:19:03.926843
u000566,c006011,1.0,2025-09-23 01:39:25.269522
u000566,c008720,1.0,2025-09-23 08:41:08.889884
u000566,c006037,1.0,2025-10-14 08:22:23.684182
u000566,c009184,1.0,2025-10-19 00:10:02.506111
u000567,c008945,1.0,2024-11-18 12:59:02.998019
u000567,c008827,1.0,2024-12-13 08:07:11.062595
u000567,c008598,1.0,2025-01-30 14:53:06.332145
u000567,c009088,1.0,2025-02-20 01:59:54.115112
u000567,c008981,1.0,2025-04-11 20:01:58.023958
u000567,c009612,1.0,2025-06-29 03:20:32.526016
u000567,c008589,1.0,2025-07-03 15:10:45.028233
u000567,c008517,1.0,2025-07-07 12:32:34.875512
u000567,c009521,1.0,2025-08-19 09:25:30.615138
u000567,c009304,1.0,2025-10-01 00:04:06.612608
u000567,c009509,1.0,2025-10-19 19:46:03.376566
u000567,c008879,1.0,2025-10-25 08:11:57.625743
u000567,c006316,1.0,2025-11-03 14:13:14.975411
u000568,c006651,1.0,2024-11-07 02:28:25.338392
u000568,c009214,1.0,2024-12-27 01:35:18.130908
u000568,c009523,1.0,2025-01-06 16:44:11.773004
u000568,c009255,1.0,2025-03-03 03:42:12.647365
u000568,c007235,1.0,2025-06-02 04:41:10.401841
u000568,c006286,1.0,2025-09-02 22:10:45.002516
u000568,c006314,1.0,2025-09-09 14:59:54.619899
u000568,c006381,1.0,2025-10-19 03:02:46.344526
u000569,c009297,1.0,2024-11-28 11:01:40.064349
u000569,c009464,1.0,2025-08-31 16:50:45.020066
u000569,c008523,1.0,2025-10-20 07:08:07.627122
u000570,c007331,1.0,2024-11-07 15:32:49.091778
u000570,c007376,1.0,2024-12-05 07:34:05.110287
u000570,c009213,1.0,2025-03-01 15:06:31.906920
u000570,c007318,1.0,2025-05-07 06:14:57.499034
u000570,c007429,1.0,2025-06-26 21:22:34.684448
u000570,c007310,1.0,2025-10-21 15:30:57.704807
u000571,c009304,1.0,2025-01-10 18:32:10.845955
u000571,c009466,1.0,2025-01-28 03:40:46.999347
u000571,c008896,1.0,2025-04-11 04:11:37.830770
u000571,c008513,1.0,2025-06-02 05:35:25.850824
u000571,c008787,1.0,2025-07-02 12:25:48.053671
u000571,c009293,1.0,2025-07-27 09:28:42.065653
u000571,c009038,1.0,2025-09-27 01:29:47.361369
u000572,c008792,1.0,2025-02-23 11:54:40.403784
u000572,c007171,1.0,2025-04-22 02:37:39.240131
u000572,c006615,1.0,2025-06-19 17:02:57.416745
u000572,c006465,1.0,2025-07-18 17:11:03.061602
u000572,c006969,1.0,2025-07-20 15:09:49.699563
u000573,c008980,1.0,2024-12-07 09:16:23.436310
u000573,c008578,1.0,2025-01-28 18:23:03.791818
u000573,c009375,1.0,2025-03-11 10:25:23.225802
u000573,c009510,1.0,2025-03-20 07:57:14.307242
u000573,c008779,1.0,2025-04-19 04:36:00.751188
u000573,c008884,1.0,2025-06-05 20:48:50.624322
u000573,c008546,1.0,2025-07-06 01:03:56.208965
u000573,c009464,1.0,2025-08-07 03:59:14.272566
u000573,c008737,1.0,2025-10-21 23:40:16.466850
u000574,c008901,1.0,2024-12-04 15:36:02.059986
u000574,c007647,1.0,2024-12-17 01:22:32.271949
u000574,c008575,1.0,2025-01-15 08:59:35.847967
u000574,c007483,1.0,2025-01-31 00:01:23.420400
u000574,c007458,1.0,2025-02-10 00:02:42.444861
u000574,c009226,1.0,2025-02-25 08:38:39.316427
u000574,c009644,1.0,2025-02-25 20:13:33.871724
u000574,c009647,1.0,2025-05-05 02:30:13.647817
u000574,c009341,1.0,2025-05-15 05:22:56.928851
u000574,c009473,1.0,2025-09-06 03:58:01.342443
u000574,c007243,1.0,2025-09-15 00:53:09.617116
u000574,c009616,1.0,2025-10-23 17:09:55.937210
u000575,c009184,1.0,2024-11-17 07:49:01.843757
u000575,c008710,1.0,2024-11-21 15:15:01.612463
u000575,c009375,1.0,2025-01-06 00:17:48.275872
u000575,c009303,1.0,2025-02-17 14:27:30.782292
u000575,c008036,1.0,2025-03-13 16:21:12.962168
u000575,c008894,1.0,2025-03-21 21:15:46.196033
u000575,c007904,1.0,2025-06-12 04:27:53.926136
u000575,c008589,1.0,2025-09-05 19:21:44.874955
u000575,c009095,1.0,2025-10-18 23:16:22.478071
u000576,c009568,1.0,2024-11-18 16:55:19.882872
u000576,c008754,1.0,2024-12-06 09:47:01.057741
u000576,c008827,1.0,2025-01-09 11:08:16.634705
u000576,c009119,1.0,2025-02-26 13:24:45.913753
u000576,c009002,1.0,2025-03-30 11:09:12.643354
u000576,c009521,1.0,2025-04-03 08:24:18.529981
u000576,c009327,1.0,2025-10-19 09:27:13.429760
u000576,c009047,1.0,2025-10-27 17:27:08.552658
u000576,c008598,1.0,2025-10-28 16:15:56.180836
u000577,c006039,1.0,2025-01-08 20:53:00.455409
u000577,c008582,1.0,2025-01-18 14:28:23.244610
u000577,c008627,1.0,2025-01-18 14:49:56.261883
u000577,c009103,1.0,2025-01-24 11:29:30.165557
u000577,c008578,1.0,2025-01-25 09:28:09.005656
u000577,c008645,1.0,2025-03-10 05:13:19.154600
u000577,c008843,1.0,2025-03-20 08:57:24.317910
u000577,c009053,1.0,2025-04-05 05:21:36.508901
u000577,c009208,1.0,2025-05-26 22:37:00.179323
u000577,c009346,1.0,2025-07-24 05:19:44.517797
u000577,c008979,1.0,2025-07-27 08:50:53.604700
u000577,c009227,1.0,2025-09-20 18:00:51.638744
u000577,c008651,1.0,2025-10-17 08:19:57.600163
u000577,c009276,1.0,2025-11-05 03:09:53.247831
u000578,c006339,1.0,2025-03-24 17:43:24.846140
u000578,c006388,1.0,2025-04-22 01:05:24.822293
u000578,c006010,1.0,2025-05-03 07:51:51.620161
u000579,c009218,1.0,2024-12-03 18:22:53.205605
u000579,c009313,1.0,2025-02-09 08:37:56.184601
u000579,c008959,1.0,2025-06-16 02:39:52.805816
u000579,c009474,1.0,2025-08-27 13:46:27.813408
u000579,c001436,1.0,2025-10-13 14:33:02.591380
u000580,c008643,1.0,2024-11-06 21:14:14.500918
u000580,c009600,1.0,2024-11-07 10:01:34.834514
u000580,c007204,1.0,2025-01-21 22:14:45.939904
u000580,c009462,1.0,2025-03-04 13:06:05.034735
u000580,c008513,1.0,2025-04-15 12:53:53.228908
u000580,c009258,1.0,2025-05-09 07:04:43.272454
u000580,c006406,1.0,2025-05-20 03:25:28.033078
u000580,c006211,1.0,2025-06-02 03:56:45.342360
u000580,c006074,1.0,2025-06-26 17:45:28.334115
u000580,c009556,1.0,2025-06-28 05:02:18.392462
u000580,c007771,1.0,2025-07-06 18:03:07.314152
u000580,c009309,1.0,2025-07-07 17:45:36.752281
u000580,c009199,1.0,2025-07-22 21:37:22.775803
u000580,c008896,1.0,2025-08-02 20:14:42.067517
u000580,c009155,1.0,2025-10-20 02:07:38.165907
u000581,c007225,1.0,2024-11-12 04:59:34.134599
u000581,c007664,1.0,2024-12-03 02:20:24.413329
u000581,c007621,1.0,2025-02-11 12:47:54.354633
u000581,c006732,1.0,2025-03-09 20:13:36.861661
u000581,c008682,1.0,2025-03-28 20:08:38.032706
u000581,c007244,1.0,2025-05-21 02:12:10.467178
u000581,c007615,1.0,2025-05-26 08:03:38.352620
u000581,c009136,1.0,2025-08-31 05:01:25.793559
u000581,c008601,1.0,2025-09-20 02:10:14.449475
u000581,c007490,1.0,2025-09-24 07:12:33.194387
u000582,c008879,1.0,2024-11-22 15:17:35.336594
u000582,c006326,1.0,2025-02-13 06:41:10.714471
u000582,c008981,1.0,2025-02-18 21:50:32.585159
u000582,c009327,1.0,2025-02-27 17:12:16.509982
u000582,c009644,1.0,2025-03-11 01:21:23.904390
u000582,c009119,1.0,2025-04-12 13:05:26.254049
u000582,c009472,1.0,2025-04-24 21:22:57.151987
u000582,c009509,1.0,2025-04-27 17:35:09.976530
u000582,c009227,1.0,2025-05-08 14:20:27.925121
u000582,c008827,1.0,2025-05-12 21:19:45.835427
u000582,c009012,1.0,2025-07-01 17:34:07.282014
u000582,c006231,1.0,2025-07-11 14:50:05.786014
u000582,c009629,1.0,2025-07-30 01:35:58.007097
u000582,c009047,1.0,2025-08-28 17:13:44.612853
u000583,c009181,1.0,2024-12-11 18:14:13.126512
u000583,c006851,1.0,2024-12-28 09:24:32.110869
u000583,c009467,1.0,2024-12-29 21:17:26.342099
u000583,c007167,1.0,2025-01-19 02:58:16.130936
u000583,c009488,1.0,2025-02-09 07:04:38.649180
u000583,c008602,1.0,2025-05-07 05:25:02.455678
u000583,c007109,1.0,2025-06-07 19:52:57.993734
u000583,c006139,1.0,2025-06-16 10:22:30.713809
u000583,c007449,1.0,2025-06-17 11:36:52.394039
u000583,c006790,1.0,2025-06-26 21:23:10.781965
u000583,c009530,1.0,2025-08-18 05:54:57.597455
u000583,c006754,1.0,2025-10-12 22:20:07.148368
u000584,c008682,1.0,2024-11-20 11:31:48.789902
u000584,c009646,1.0,2025-02-16 03:20:12.323169
u000584,c008867,1.0,2025-03-02 21:30:00.028031
u000584,c009323,1.0,2025-03-21 14:22:27.080176
u000584,c009249,1.0,2025-04-04 04:16:11.230819
u000584,c008607,1.0,2025-04-08 18:49:20.920322
u000584,c009155,1.0,2025-04-24 10:50:53.897730
u000584,c008595,1.0,2025-05-08 14:03:34.575108
u000584,c009451,1.0,2025-06-29 08:36:37.094171
u000584,c008733,1.0,2025-06-30 17:10:36.507850
u000584,c008472,1.0,2025-07-01 23:57:14.667785
u000584,c008976,1.0,2025-09-01 00:37:03.574410
u000584,c008559,1.0,2025-09-28 04:24:15.175734
u000585,c006282,1.0,2024-12-03 03:41:44.725871
u000585,c006237,1.0,2025-02-15 17:31:31.611041
u000585,c006169,1.0,2025-04-07 23:11:04.550586
u000585,c007644,1.0,2025-05-01 18:10:30.250741
u000585,c007643,1.0,2025-06-07 13:15:32.757641
u000585,c007195,1.0,2025-10-03 04:07:34.120550
u000585,c007674,1.0,2025-10-31 04:42:58.970051
u000586,c008781,1.0,2025-01-07 09:25:57.184163
u000586,c008285,1.0,2025-01-28 10:07:28.439272
u000586,c007937,1.0,2025-01-28 20:01:02.713161
u000586,c009102,1.0,2025-02-22 09:11:03.520716
u000586,c008707,1.0,2025-03-25 03:43:44.809840
u000586,c008992,1.0,2025-04-23 21:04:19.380644
u000586,c007811,1.0,2025-05-02 16:17:18.550710
u000586,c008205,1.0,2025-07-23 14:26:34.366087
u000586,c008792,1.0,2025-08-09 18:25:12.666885
u000586,c008789,1.0,2025-09-04 23:34:31.595178
u000586,c008775,1.0,2025-09-06 13:10:53.355563
u000586,c009570,1.0,2025-10-02 16:31:03.666016
u000586,c008347,1.0,2025-10-02 23:38:24.765648
u000586,c008736,1.0,2025-10-08 06:53:36.986938
u000587,c007367,1.0,2024-12-12 06:23:58.781963
u000587,c007280,1.0,2025-01-20 17:38:50.175364
u000587,c007231,1.0,2025-04-29 16:19:30.334843
u000587,c009123,1.0,2025-07-26 04:29:00.008054
u000588,c009206,1.0,2025-03-01 13:33:44.481970
u000588,c008767,1.0,2025-07-18 05:59:02.572396
u000588,c009276,1.0,2025-08-11 09:01:20.111874
u000588,c009384,1.0,2025-11-02 03:23:53.206372
u000589,c008190,1.0,2024-12-24 15:17:19.004273
u000589,c008247,1.0,2025-01-08 16:24:57.034821
u000589,c008314,1.0,2025-01-23 16:22:20.035197
u000589,c008459,1.0,2025-02-07 07:02:00.085232
u000589,c008175,1.0,2025-02-18 00:03:41.312647
u000589,c008114,1.0,2025-04-18 14:38:09.032749
u000589,c007933,1.0,2025-07-28 02:22:00.015236
u000589,c009435,1.0,2025-07-31 00:37:02.062935
u000589,c008410,1.0,2025-08-23 12:38:37.791706
u000589,c007965,1.0,2025-08-23 15:33:49.370852
u000589,c007997,1.0,2025-09-09 23:48:13.105395
u000589,c008437,1.0,2025-11-01 16:59:21.195107
u000590,c006486,1.0,2024-12-16 09:49:11.358067
u000590,c007049,1.0,2025-01-25 21:42:13.539084
u000590,c006677,1.0,2025-01-29 14:36:37.275583
u000590,c006706,1.0,2025-02-26 19:37:46.121650
u000590,c007066,1.0,2025-03-11 19:58:04.642458
u000590,c007169,1.0,2025-04-30 10:09:34.583583
u000590,c006857,1.0,2025-05-02 00:39:58.060693
u000590,c006135,1.0,2025-05-07 04:48:03.582798
u000590,c007001,1.0,2025-05-08 05:57:03.587352
u000590,c006987,1.0,2025-06-21 23:17:24.200353
u000590,c006315,1.0,2025-09-29 00:54:43.155508
u000590,c006946,1.0,2025-10-11 08:50:54.509750
u000590,c007067,1.0,2025-11-01 06:29:10.900339
u000591,c009232,1.0,2024-11-17 22:49:08.255612
u000591,c008134,1.0,2025-01-27 17:50:06.574570
u000591,c006866,1.0,2025-02-21 14:40:13.175900
u000591,c006028,1.0,2025-03-07 02:56:00.485102
u000591,c008996,1.0,2025-03-23 00:11:27.092527
u000591,c008987,1.0,2025-05-10 07:43:16.374697
u000591,c008315,1.0,2025-05-12 22:40:57.895314
u000591,c008681,1.0,2025-07-23 06:16:54.878707
u000591,c009190,1.0,2025-07-29 11:30:24.953305
u000591,c009570,1.0,2025-08-24 19:33:09.664347
u000591,c009178,1.0,2025-08-29 12:30:43.767909
u000591,c008676,1.0,2025-09-25 19:50:35.174279
u000591,c009227,1.0,2025-10-31 00:09:45.136500
u000591,c008492,1.0,2025-11-06 12:51:28.795943
u000592,c008463,1.0,2024-11-14 03:03:08.015439
u000592,c009497,1.0,2024-12-25 04:35:42.990939
u000592,c009557,1.0,2024-12-30 10:32:58.120534
u000592,c009229,1.0,2025-01-03 14:34:40.069174
u000592,c008462,1.0,2025-03-17 04:58:57.167097
u000592,c009041,1.0,2025-03-19 00:56:12.667989
u000592,c007937,1.0,2025-04-01 23:11:01.943467
u000592,c008886,1.0,2025-04-07 23:52:08.239169
u000592,c008866,1.0,2025-04-13 04:05:52.967402
u000592,c009290,1.0,2025-05-06 18:09:37.250365
u000592,c008948,1.0,2025-05-29 23:09:16.745582
u000592,c009117,1.0,2025-06-28 18:59:16.000024
u000592,c009292,1.0,2025-07-09 08:53:41.592149
u000592,c009128,1.0,2025-08-29 00:57:23.270791
u000592,c008890,1.0,2025-10-30 20:08:50.721000
u000593,c008679,1.0,2024-12-17 17:46:04.028586
u000593,c008870,1.0,2025-03-21 11:03:42.672499
u000593,c009319,1.0,2025-03-27 22:22:56.448613
u000593,c008594,1.0,2025-05-14 11:42:41.799268
u000593,c007969,1.0,2025-05-18 16:57:52.544245
u000593,c008347,1.0,2025-08-31 21:53:19.084644
u000593,c009616,1.0,2025-09-26 07:59:49.275165
u000593,c009116,1.0,2025-10-05 08:15:32.123095
u000593,c008448,1.0,2025-10-08 15:46:56.203340
u000593,c009488,1.0,2025-10-21 08:47:53.912339
u000594,c007905,1.0,2025-01-01 21:41:29.279257
u000594,c008302,1.0,2025-01-03 09:28:44.796976
u000594,c008351,1.0,2025-01-16 10:59:09.608643
u000594,c008286,1.0,2025-01-26 10:25:48.929358
u000594,c007887,1.0,2025-02-15 09:36:17.428826
u000594,c008170,1.0,2025-03-22 22:05:45.531151
u000594,c008283,1.0,2025-03-30 15:25:30.196827
u000594,c008348,1.0,2025-04-13 11:00:00.666740
u000594,c007924,1.0,2025-05-19 09:43:58.327793
u000594,c009452,1.0,2025-06-24 11:06:41.262182
u000594,c008255,1.0,2025-07-04 10:48:43.971672
u000594,c007875,1.0,2025-08-29 01:57:37.897249
u000594,c008026,1.0,2025-08-31 16:09:54.762947
u000594,c008101,1.0,2025-09-22 17:37:18.925531
u000594,c007944,1.0,2025-10-06 20:48:36.160474
u000595,c008908,1.0,2025-02-07 02:48:18.148530
u000595,c006070,1.0,2025-03-11 21:21:55.663743
u000595,c006930,1.0,2025-04-24 09:15:30.915842
u000595,c009212,1.0,2025-05-08 02:43:26.317444
u000595,c006395,1.0,2025-05-14 02:54:47.611832
u000595,c008817,1.0,2025-05-17 18:18:13.287311
u000595,c009492,1.0,2025-06-15 11:25:25.299659
u000595,c007175,1.0,2025-07-11 09:10:36.121301
u000595,c008800,1.0,2025-09-13 13:52:58.638633
u000595,c008906,1.0,2025-09-29 07:11:20.324198
u000596,c006163,1.0,2024-11-07 21:15:57.733587
u000596,c008167,1.0,2024-11-20 22:56:38.132834
u000596,c006553,1.0,2025-01-04 06:05:04.001280
u000596,c006446,1.0,2025-03-12 04:33:37.484149
u000596,c006821,1.0,2025-05-14 22:23:14.414541
u000596,c006125,1.0,2025-05-30 14:50:28.912375
u000596,c008247,1.0,2025-06-18 01:41:03.614997
u000596,c006647,1.0,2025-09-16 15:54:06.461640
u000597,c007718,1.0,2024-11-24 17:09:49.743813
u000597,c007397,1.0,2025-03-18 19:39:31.677828
u000597,c007642,1.0,2025-06-22 22:26:48.029892
u000597,c007564,1.0,2025-07-05 09:37:20.922242
u000597,c006719,1.0,2025-09-11 15:07:35.377092
u000597,c006052,1.0,2025-10-04 13:05:49.816249
u000597,c007448,1.0,2025-10-12 05:32:02.059369
u000597,c007693,1.0,2025-10-14 12:48:54.468920
u000598,c007173,1.0,2024-12-24 15:29:13.092789
u000598,c008792,1.0,2025-02-15 03:41:18.362680
u000598,c009492,1.0,2025-04-02 14:47:24.251262
u000598,c006009,1.0,2025-05-03 01:34:18.400244
u000598,c006091,1.0,2025-05-11 01:59:14.135399
u000598,c008945,1.0,2025-07-16 07:57:05.755004
u000598,c008985,1.0,2025-09-03 15:21:35.027354
u000598,c007086,1.0,2025-09-19 00:55:33.224845
u000599,c006317,1.0,2024-11-27 15:46:02.227534
u000599,c007194,1.0,2024-11-28 05:58:53.627434
u000599,c008000,1.0,2025-03-30 01:40:45.096690
u000599,c008176,1.0,2025-04-25 10:07:17.228763
u000599,c008481,1.0,2025-04-29 08:05:44.552208
u000599,c007898,1.0,2025-06-04 02:50:43.796932
u000599,c008296,1.0,2025-06-29 19:44:51.060824
u000599,c008041,1.0,2025-07-09 10:24:05.354240
u000599,c008421,1.0,2025-07-11 12:06:00.509433
u000599,c007838,1.0,2025-07-16 04:11:51.555839
u000599,c008086,1.0,2025-10-17 19:43:20.258576
u000599,c008398,1.0,2025-10-23 14:06:40.783833
u000600,c008012,1.0,2024-12-08 11:06:05.547944
u000600,c008326,1.0,2025-01-02 20:11:11.585256
u000600,c007852,1.0,2025-03-07 02:25:24.975468
u000600,c008280,1.0,2025-03-17 07:18:49.896117
u000600,c008063,1.0,2025-08-20 20:56:43.991482
u000601,c006191,1.0,2024-11-07 08:47:32.608798
u000601,c009206,1.0,2024-12-18 04:55:49.066780
u000601,c006036,1.0,2024-12-29 19:52:35.164738
u000601,c009391,1.0,2025-01-05 23:10:26.370073
u000601,c009163,1.0,2025-02-12 23:53:43.072577
u000601,c006608,1.0,2025-07-16 16:38:56.103361
u000601,c009415,1.0,2025-07-28 20:18:46.473474
u000601,c009427,1.0,2025-08-02 20:26:16.457248
u000601,c006490,1.0,2025-09-01 09:44:13.021806
u000601,c008753,1.0,2025-10-24 05:09:00.234208
u000601,c008634,1.0,2025-11-04 19:02:32.832921
u000602,c007043,1.0,2025-01-27 05:40:59.323638
u000602,c008808,1.0,2025-03-26 08:21:19.241866
u000602,c006277,1.0,2025-09-11 13:21:07.439283
u000602,c007166,1.0,2025-10-05 14:22:33.659687
u000602,c007050,1.0,2025-10-15 20:51:57.983293
u000602,c006390,1.0,2025-10-29 17:49:27.125757
u000603,c007204,1.0,2024-11-28 09:21:27.835674
u000603,c007369,1.0,2024-12-16 18:07:05.802630
u000603,c007225,1.0,2025-01-02 01:51:33.838477
u000603,c008891,1.0,2025-01-20 15:46:20.345655
u000603,c009272,1.0,2025-03-03 01:33:40.698047
u000603,c006838,1.0,2025-04-07 01:09:52.495555
u000603,c008871,1.0,2025-04-25 12:40:45.941407
u000603,c007606,1.0,2025-05-03 16:51:04.938459
u000603,c009653,1.0,2025-06-01 22:32:54.678077
u000603,c009012,1.0,2025-06-07 06:50:34.830522
u000603,c006282,1.0,2025-07-28 17:52:35.564728
u000603,c009564,1.0,2025-09-03 23:35:04.461496
u000603,c007510,1.0,2025-10-03 12:21:33.024561
u000603,c007661,1.0,2025-10-19 12:53:31.651391
u000604,c008713,1.0,2024-11-11 23:17:35.288089
u000604,c008971,1.0,2024-11-19 20:49:22.923936
u000604,c009653,1.0,2024-11-23 12:09:03.565539
u000604,c009272,1.0,2024-12-22 07:06:34.612336
u000604,c008846,1.0,2025-02-11 18:51:07.596861
u000604,c008871,1.0,2025-03-17 14:40:12.079168
u000604,c006034,1.0,2025-06-07 10:27:41.828697
u000604,c009175,1.0,2025-06-21 11:36:17.249542
u000604,c009012,1.0,2025-07-07 16:53:27.131991
u000604,c008682,1.0,2025-08-25 10:36:02.949750
u000604,c008645,1.0,2025-09-09 01:42:23.509883
u000604,c008681,1.0,2025-10-05 21:54:45.784162
u000605,c007137,1.0,2024-11-12 22:28:55.739118
u000605,c008544,1.0,2024-11-14 03:16:03.521961
u000605,c008572,1.0,2024-12-01 21:25:55.929457
u000605,c006816,1.0,2025-01-07 21:03:20.392307
u000605,c006364,1.0,2025-02-05 17:35:00.149831
u000605,c006767,1.0,2025-02-16 12:48:25.270499
u000605,c006686,1.0,2025-02-21 14:28:04.516642
u000605,c006446,1.0,2025-02-22 23:08:15.549706
u000605,c006887,1.0,2025-03-05 18:58:35.808856
u000605,c007170,1.0,2025-04-04 22:17:30.264543
u000605,c006424,1.0,2025-05-25 19:24:37.566430
u000605,c006461,1.0,2025-08-22 08:57:04.338791
u000605,c006467,1.0,2025-09-04 04:11:05.920843
u000605,c006098,1.0,2025-09-24 08:01:38.624615
u000605,c006211,1.0,2025-11-04 21:22:22.241336
u000606,c007966,1.0,2024-11-22 12:45:38.638080
u000606,c007316,1.0,2024-11-30 18:46:02.461162
u000606,c006365,1.0,2025-02-18 05:22:03.954487
u000606,c007485,1.0,2025-03-13 19:39:44.321037
u000606,c007572,1.0,2025-04-08 23:30:29.185892
u000606,c007398,1.0,2025-04-15 10:58:27.812458
u000606,c007416,1.0,2025-05-18 00:50:56.297622
u000606,c008504,1.0,2025-06-08 02:22:28.890818
u000606,c007584,1.0,2025-08-01 07:52:57.363218
u000606,c006158,1.0,2025-08-18 18:24:20.352096
u000606,c007612,1.0,2025-08-20 13:02:39.721984
u000606,c009155,1.0,2025-09-03 17:02:35.860400
u000606,c007434,1.0,2025-10-24 16:41:13.977194
u000607,c008976,1.0,2024-11-27 18:52:35.033996
u000607,c008392,1.0,2024-12-19 11:06:21.870717
u000607,c007899,1.0,2025-03-20 22:03:24.845029
u000607,c008050,1.0,2025-04-11 20:49:18.959484
u000607,c007800,1.0,2025-05-11 14:05:09.942096
u000607,c008535,1.0,2025-05-26 04:12:09.316828
u000607,c008733,1.0,2025-06-07 21:26:57.364058
u000607,c007901,1.0,2025-06-26 13:21:02.126865
u000607,c008039,1.0,2025-07-20 11:05:44.716146
u000607,c008515,1.0,2025-07-26 20:13:48.722995
u000607,c007806,1.0,2025-08-24 11:20:55.836056
u000607,c008787,1.0,2025-10-07 21:29:58.651209
u000607,c008680,1.0,2025-10-26 18:48:47.307899
u000607,c008269,1.0,2025-11-05 07:48:42.975128
u000608,c006198,1.0,2024-12-02 02:10:06.537927
u000608,c007908,1.0,2025-01-01 16:49:16.774682
u000608,c009127,1.0,2025-01-03 04:19:04.990422
u000608,c008347,1.0,2025-01-22 20:07:55.742911
u000608,c008996,1.0,2025-02-04 05:32:41.120568
u000608,c008785,1.0,2025-03-30 11:09:34.942103
u000608,c008490,1.0,2025-06-02 17:46:45.110314
u000608,c008514,1.0,2025-07-03 14:42:39.887770
u000608,c007967,1.0,2025-09-18 07:15:08.556064
u000608,c009611,1.0,2025-09-19 14:24:27.811706
u000608,c008030,1.0,2025-09-26 13:31:20.800872
u000608,c006056,1.0,2025-10-03 19:21:17.799540
u000609,c009301,1.0,2024-12-07 01:15:07.584674
u000609,c007348,1.0,2025-02-02 15:21:58.027734
u000609,c009236,1.0,2025-02-10 16:43:28.072593
u000609,c008689,1.0,2025-02-28 20:54:00.913866
u000609,c009087,1.0,2025-04-14 03:49:02.690625
u000609,c009186,1.0,2025-08-16 04:27:29.294334
u000610,c009075,1.0,2024-11-10 11:51:02.695557
u000610,c009061,1.0,2024-12-17 20:35:58.433546
u000610,c008464,1.0,2025-01-30 04:46:58.584744
u000610,c008651,1.0,2025-03-03 00:02:10.080439
u000610,c008806,1.0,2025-06-15 22:38:23.367125
u000610,c009155,1.0,2025-07-04 02:15:42.258688
u000610,c009594,1.0,2025-09-02 01:07:16.920072
u000611,c006025,1.0,2024-11-08 22:12:54.591949
u000611,c007664,1.0,2024-11-17 04:28:11.476213
u000611,c007319,1.0,2024-11-27 19:34:28.506199
u000611,c006384,1.0,2024-12-22 11:37:08.470471
u000611,c006003,1.0,2025-03-10 00:02:09.914299
u000611,c007454,1.0,2025-03-22 13:19:11.250608
u000611,c006541,1.0,2025-06-21 16:23:28.711156
u000611,c006781,1.0,2025-07-02 22:46:43.409692
u000611,c007231,1.0,2025-10-01 14:44:52.515499
u000611,c008779,1.0,2025-10-12 21:22:06.613357
u000611,c007359,1.0,2025-10-18 11:47:44.610780
u000611,c006268,1.0,2025-10-28 22:11:24.159425
u000612,c008894,1.0,2025-01-17 02:59:21.596237
u000612,c009415,1.0,2025-01-18 05:39:18.778095
u000612,c009375,1.0,2025-01-23 10:24:05.956492
u000612,c009027,1.0,2025-05-10 22:30:43.551474
u000612,c009031,1.0,2025-07-22 16:15:08.633963
u000612,c009336,1.0,2025-07-27 20:47:35.845095
u000612,c008783,1.0,2025-09-18 13:37:01.978969
u000612,c008625,1.0,2025-09-27 21:17:14.925381
u000612,c009484,1.0,2025-10-04 12:34:53.620396
u000612,c008816,1.0,2025-10-11 10:52:29.501221
u000613,c008491,1.0,2024-11-21 20:14:50.879757
u000613,c009326,1.0,2024-11-23 11:55:28.246890
u000613,c006161,1.0,2024-12-19 02:53:13.449473
u000613,c008917,1.0,2024-12-24 16:59:01.345574
u000613,c009557,1.0,2025-01-20 16:32:22.495713
u000613,c009522,1.0,2025-05-18 10:54:15.436148
u000613,c009507,1.0,2025-05-20 23:24:46.868404
u000613,c008688,1.0,2025-06-08 08:13:40.682831
u000613,c006395,1.0,2025-06-18 20:46:51.029155
u000613,c009245,1.0,2025-06-22 03:03:36.112607
u000613,c008544,1.0,2025-08-15 18:36:46.912899
u000613,c006050,1.0,2025-09-23 22:42:39.122243
u000613,c006433,1.0,2025-10-02 07:52:33.615293
u000613,c009364,1.0,2025-10-18 03:44:53.261303
u000613,c009307,1.0,2025-11-06 11:22:17.118687
u000614,c008839,1.0,2025-04-09 14:41:18.025852
u000614,c008811,1.0,2025-05-07 03:22:43.226007
u000614,c008477,1.0,2025-07-31 10:01:16.634081
u000615,c008787,1.0,2024-11-08 23:32:58.135492
u000615,c009158,1.0,2024-12-18 00:57:54.771283
u000615,c008691,1.0,2025-02-04 02:29:23.483581
u000615,c008668,1.0,2025-02-04 18:25:00.851287
u000615,c008663,1.0,2025-03-05 14:54:34.515035
u000615,c006390,1.0,2025-04-15 20:03:09.021223
u000615,c009206,1.0,2025-06-18 08:19:19.976666
u000615,c008585,1.0,2025-07-05 00:38:44.822900
u000615,c009212,1.0,2025-07-31 01:42:45.177122
u000615,c009004,1.0,2025-08-02 12:48:09.158856
u000615,c009603,1.0,2025-08-19 00:24:03.450937
u000615,c009210,1.0,2025-10-12 14:56:18.691737
u000615,c009570,1.0,2025-10-21 18:47:48.935010
u000616,c006098,1.0,2025-01-07 12:49:08.898619
u000616,c006686,1.0,2025-01-11 07:04:17.493328
u000616,c009385,1.0,2025-02-17 07:01:37.049065
u000616,c006353,1.0,2025-03-07 14:57:39.721250
u000616,c008998,1.0,2025-05-06 15:45:02.539233
u000616,c006019,1.0,2025-09-08 03:52:31.443225
u000617,c009435,1.0,2024-11-28 23:35:58.015874
u000617,c008787,1.0,2025-02-13 17:37:42.128435
u000617,c008682,1.0,2025-06-05 21:17:54.791836
u000617,c009136,1.0,2025-07-06 01:31:25.493510
u000617,c008603,1.0,2025-08-02 06:26:38.612774
u000617,c009210,1.0,2025-10-09 04:25:47.294797
u000617,c008595,1.0,2025-10-19 00:02:30.910093
u000618,c009570,1.0,2024-11-16 06:16:51.866722
u000618,c009210,1.0,2025-01-04 03:45:06.012889
u000618,c007969,1.0,2025-02-06 20:51:07.278359
u000618,c007387,1.0,2025-05-24 10:32:31.901534
u000618,c008595,1.0,2025-05-30 21:38:07.586341
u000618,c008677,1.0,2025-06-16 07:31:16.628281
u000618,c008364,1.0,2025-07-29 10:47:36.446974
u000618,c008009,1.0,2025-08-02 07:21:47.903081
u000618,c007517,1.0,2025-08-07 11:47:32.360471
u000618,c009435,1.0,2025-10-11 06:50:13.798257
u000619,c006333,1.0,2024-11-09 20:36:38.261076
u000619,c009138,1.0,2025-01-23 05:37:24.779144
u000619,c009362,1.0,2025-02-12 11:22:27.190162
u000619,c008835,1.0,2025-03-13 15:13:37.474587
u000619,c008686,1.0,2025-06-02 12:54:56.285612
u000619,c009187,1.0,2025-06-10 01:30:30.684214
u000619,c009408,1.0,2025-06-17 10:27:54.539329
u000619,c009188,1.0,2025-09-01 11:41:25.365591
u000620,c009237,1.0,2024-12-25 22:57:46.870963
u000620,c008572,1.0,2024-12-26 15:49:22.787172
u000620,c009403,1.0,2025-01-04 09:46:38.124462
u000620,c009269,1.0,2025-01-16 11:13:57.054893
u000620,c008520,1.0,2025-02-25 22:43:21.865582
u000620,c008639,1.0,2025-03-14 00:15:01.343823
u000620,c007207,1.0,2025-03-19 05:57:29.805986
u000620,c009087,1.0,2025-03-28 15:27:53.068168
u000620,c009023,1.0,2025-05-23 17:11:02.333418
u000620,c009080,1.0,2025-06-22 23:35:43.924606
u000620,c008833,1.0,2025-08-18 17:25:14.030975
u000621,c009270,1.0,2024-11-10 19:00:39.748367
u000621,c008691,1.0,2025-01-16 12:25:59.991049
u000621,c008477,1.0,2025-04-05 09:41:50.616205
u000621,c009286,1.0,2025-05-19 04:37:40.204982
u000621,c008478,1.0,2025-06-09 18:40:37.750116
u000621,c009020,1.0,2025-06-19 23:30:11.118374
u000621,c008560,1.0,2025-08-24 03:51:56.581549
u000621,c009232,1.0,2025-09-12 06:47:56.317314
u000621,c008644,1.0,2025-10-30 09:53:45.007296
u000622,c008671,1.0,2024-11-25 09:51:03.794115
u000622,c008572,1.0,2024-12-17 03:48:04.301969
u000622,c009493,1.0,2025-03-11 09:39:33.429039
u000622,c009403,1.0,2025-05-29 04:27:16.401892
u000622,c009233,1.0,2025-10-05 06:18:45.260159
u000623,c009430,1.0,2024-12-02 16:04:51.732777
u000623,c009415,1.0,2025-01-16 04:51:16.265251
u000623,c008839,1.0,2025-04-06 11:26:37.501176
u000623,c008705,1.0,2025-07-12 04:11:11.677644
u000623,c008572,1.0,2025-07-23 22:52:51.988542
u000623,c009656,1.0,2025-08-22 19:41:27.514379
u000623,c009352,1.0,2025-08-31 07:27:50.962903
u000623,c009379,1.0,2025-09-28 14:29:21.127235
u000623,c009375,1.0,2025-10-22 13:59:58.877203
u000623,c008709,1.0,2025-10-27 05:18:03.784233
u000624,c008772,1.0,2024-12-26 11:23:14.651611
u000624,c009647,1.0,2025-01-23 10:25:30.683573
u000624,c007585,1.0,2025-01-27 07:39:30.119758
u000624,c007356,1.0,2025-02-11 21:04:51.906381
u000624,c009362,1.0,2025-03-02 18:06:19.566918
u000624,c009268,1.0,2025-03-11 03:24:40.989497
u000624,c006320,1.0,2025-03-30 15:42:36.535788
u000624,c009442,1.0,2025-04-24 17:38:07.968813
u000624,c006111,1.0,2025-05-01 16:20:40.758040
u000624,c007427,1.0,2025-05-13 08:55:03.030901
u000624,c007753,1.0,2025-06-09 16:14:49.227598
u000624,c009186,1.0,2025-07-07 10:13:09.061132
u000624,c008808,1.0,2025-07-23 23:53:28.192089
u000624,c007219,1.0,2025-08-03 10:02:14.720952
u000624,c007657,1.0,2025-09-12 23:07:36.753214
u000625,c009379,1.0,2024-11-08 23:03:21.728388
u000625,c008813,1.0,2024-11-13 23:16:08.647893
u000625,c009375,1.0,2025-02-16 20:55:00.150923
u000625,c008894,1.0,2025-08-26 09:21:30.445566
u000625,c008928,1.0,2025-10-29 23:36:02.686290
u000626,c009190,1.0,2025-01-27 01:33:49.673602
u000626,c008707,1.0,2025-04-29 08:00:00.949749
u000626,c008781,1.0,2025-05-24 13:45:34.962470
u000626,c009243,1.0,2025-07-28 02:33:38.197738
u000626,c008935,1.0,2025-09-10 02:51:48.320773
u000626,c007356,1.0,2025-10-20 20:17:07.913732
u000627,c008880,1.0,2025-01-06 16:19:16.695337
u000627,c009352,1.0,2025-02-07 03:49:42.900021
u000627,c009629,1.0,2025-03-11 13:50:59.534859
u000627,c007797,1.0,2025-04-02 20:15:00.229369
u000627,c008894,1.0,2025-04-21 13:36:41.364907
u000627,c008795,1.0,2025-04-24 13:05:51.134174
u000627,c009630,1.0,2025-05-23 06:37:16.779459
u000627,c006076,1.0,2025-06-26 14:14:18.308636
u000627,c009543,1.0,2025-07-28 22:50:13.011876
u000627,c009253,1.0,2025-08-03 05:08:38.150434
u000627,c009464,1.0,2025-09-26 00:01:18.025108
u000627,c007998,1.0,2025-10-09 07:41:02.278857
u000627,c007914,1.0,2025-10-18 05:21:51.040141
u000628,c007621,1.0,2024-12-01 11:14:18.438531
u000628,c008598,1.0,2025-01-23 06:10:56.843174
u000628,c007883,1.0,2025-01-26 13:19:22.712658
u000628,c008783,1.0,2025-02-12 00:22:26.374209
u000628,c008503,1.0,2025-02-24 10:57:42.132471
u000628,c008990,1.0,2025-03-03 13:02:22.113314
u000628,c009047,1.0,2025-05-05 13:44:35.445536
u000628,c008572,1.0,2025-06-06 11:51:58.822972
u000628,c008712,1.0,2025-09-28 16:36:57.887326
u000628,c009509,1.0,2025-10-28 12:44:27.387246
u000629,c007200,1.0,2025-02-01 00:44:30.661416
u000629,c007379,1.0,2025-03-21 17:09:58.061055
u000629,c008628,1.0,2025-04-12 09:11:43.847187
u000629,c007202,1.0,2025-04-18 17:07:45.526874
u000629,c008720,1.0,2025-04-29 12:05:14.868835
u000629,c008808,1.0,2025-06-06 09:07:10.061958
u000629,c008575,1.0,2025-06-21 15:10:44.084803
u000629,c008549,1.0,2025-08-19 11:33:49.729143
u000629,c008963,1.0,2025-09-07 04:48:15.006784
u000629,c008556,1.0,2025-09-17 05:21:54.150359
u000629,c008691,1.0,2025-09-22 20:10:05.545212
u000630,c007341,1.0,2024-12-05 02:20:17.990192
u000630,c007372,1.0,2024-12-10 03:23:38.628378
u000630,c007675,1.0,2025-01-29 11:19:32.192117
u000630,c007224,1.0,2025-03-19 17:31:10.357628
u000630,c007234,1.0,2025-04-27 17:12:38.830169
u000630,c007467,1.0,2025-05-18 18:19:49.424193
u000630,c007295,1.0,2025-05-20 02:22:48.818788
u000630,c006188,1.0,2025-06-27 21:46:09.873114
u000630,c007722,1.0,2025-08-07 13:26:47.315321
u000630,c007584,1.0,2025-10-08 16:45:43.062933
u000631,c009270,1.0,2024-11-07 21:14:31.448956
u000631,c009230,1.0,2024-12-28 07:07:34.651599
u000631,c009125,1.0,2025-03-05 09:47:19.640167
u000631,c008872,1.0,2025-03-24 05:09:59.074302
u000631,c006018,1.0,2025-03-25 14:54:07.460228
u000631,c009207,1.0,2025-04-02 06:02:54.573574
u000631,c009158,1.0,2025-04-13 22:30:28.023137
u000631,c008968,1.0,2025-04-30 19:50:52.217952
u000631,c009139,1.0,2025-05-22 03:18:51.779536
u000631,c008989,1.0,2025-07-20 17:14:00.633438
u000631,c008837,1.0,2025-08-27 01:44:25.050351
u000631,c008472,1.0,2025-09-13 00:42:26.178491
u000632,c007517,1.0,2024-12-07 06:32:03.564017
u000632,c007401,1.0,2025-02-02 10:42:38.683298
u000632,c006009,1.0,2025-03-28 06:13:57.922944
u000632,c007369,1.0,2025-04-04 10:07:42.417897
u000632,c008643,1.0,2025-04-06 12:25:47.399184
u000632,c007246,1.0,2025-04-07 14:28:34.279833
u000632,c008599,1.0,2025-05-06 23:54:13.264433
u000632,c009164,1.0,2025-06-25 21:08:48.534320
u000632,c007832,1.0,2025-08-12 04:26:45.707203
u000632,c007454,1.0,2025-10-07 12:53:29.822863
u000632,c006933,1.0,2025-10-11 12:34:16.871341
u000632,c007761,1.0,2025-10-11 14:01:45.150011
u000632,c009580,1.0,2025-10-24 01:12:16.565609
u000633,c009501,1.0,2025-01-29 14:12:17.904204
u000633,c009107,1.0,2025-03-30 22:39:29.392089
u000633,c008496,1.0,2025-04-13 04:49:03.096164
u000633,c008638,1.0,2025-05-10 19:31:51.817911
u000633,c008996,1.0,2025-06-17 02:24:31.796010
u000633,c009023,1.0,2025-07-09 14:07:32.517635
u000633,c008736,1.0,2025-08-16 02:03:19.979255
u000633,c006314,1.0,2025-10-01 19:54:37.107340
u000633,c009049,1.0,2025-10-11 21:12:27.657642
u000633,c009262,1.0,2025-10-15 10:36:35.877284
u000634,c006097,1.0,2024-11-28 14:38:05.489964
u000634,c006161,1.0,2024-12-13 20:11:42.183105
u000634,c009490,1.0,2024-12-20 01:35:39.250905
u000634,c009605,1.0,2024-12-26 18:26:56.274811
u000634,c009344,1.0,2025-03-01 18:46:18.601228
u000634,c009274,1.0,2025-03-18 09:48:22.479917
u000634,c009180,1.0,2025-04-10 18:17:48.348437
u000634,c008787,1.0,2025-04-22 16:15:37.869172
u000634,c006395,1.0,2025-08-12 04:41:31.892896
u000634,c005998,1.0,2025-08-12 10:24:43.314546
u000634,c009559,1.0,2025-08-25 13:23:32.803915
u000634,c008534,1.0,2025-09-17 23:34:50.817402
u000634,c009025,1.0,2025-09-18 17:15:23.361651
u000634,c008764,1.0,2025-10-05 14:16:51.782493
u000634,c009645,1.0,2025-11-02 13:18:09.253124
u000635,c006143,1.0,2024-11-07 01:38:54.069151
u000635,c009386,1.0,2024-12-11 05:22:02.122550
u000635,c007513,1.0,2025-02-13 23:24:25.597016
u000635,c006640,1.0,2025-05-23 04:07:40.215379
u000635,c005998,1.0,2025-05-24 04:00:22.144146
u000635,c006368,1.0,2025-06-01 05:18:06.613607
u000635,c007098,1.0,2025-06-24 04:34:40.994550
u000635,c009226,1.0,2025-09-20 04:25:00.633758
u000635,c008591,1.0,2025-09-30 22:47:43.256562
u000635,c006052,1.0,2025-10-11 03:40:50.333264
u000636,c006366,1.0,2025-01-10 15:52:41.041345
u000636,c006649,1.0,2025-02-10 21:05:59.525243
u000636,c009157,1.0,2025-03-18 11:55:22.681630
u000636,c006474,1.0,2025-03-28 08:27:53.428985
u000636,c006404,1.0,2025-04-21 01:14:29.217383
u000636,c007146,1.0,2025-05-13 23:39:09.840400
u000636,c006977,1.0,2025-07-25 20:26:16.141557
u000636,c006135,1.0,2025-10-10 22:08:20.648304
u000636,c007131,1.0,2025-10-22 13:19:15.502153
u000637,c009336,1.0,2024-12-17 21:06:09.501374
u000637,c009435,1.0,2025-01-21 20:04:02.271689
u000637,c009403,1.0,2025-01-30 10:41:42.285956
u000637,c008572,1.0,2025-03-14 07:41:42.253193
u000637,c009210,1.0,2025-03-25 20:10:00.157799
u000637,c008790,1.0,2025-04-19 07:43:18.365964
u000637,c009212,1.0,2025-06-12 11:20:55.279447
u000637,c008681,1.0,2025-07-02 17:12:53.572746
u000637,c008925,1.0,2025-07-13 00:31:43.378110
u000637,c009136,1.0,2025-07-29 07:51:46.980355
u000637,c008787,1.0,2025-09-07 03:47:26.693589
u000637,c008682,1.0,2025-10-17 00:16:29.311274
u000638,c006683,1.0,2024-12-07 05:34:56.960458
u000638,c006933,1.0,2025-02-16 17:35:25.958190
u000638,c006216,1.0,2025-05-07 00:24:06.771492
u000638,c006122,1.0,2025-06-26 09:46:40.843453
u000638,c006242,1.0,2025-07-26 23:35:26.980893
u000638,c006160,1.0,2025-08-22 09:59:37.148426
u000638,c008760,1.0,2025-08-28 07:13:01.949089
u000638,c006013,1.0,2025-09-12 06:49:26.587602
u000638,c006770,1.0,2025-09-12 19:59:09.977607
u000638,c006091,1.0,2025-09-19 05:02:53.487126
u000638,c006711,1.0,2025-10-22 08:02:52.480986
u000639,c006812,1.0,2024-11-21 17:30:42.592591
u000639,c008564,1.0,2024-11-30 23:04:12.414836
u000639,c009084,1.0,2024-12-13 12:51:02.064892
u000639,c006558,1.0,2024-12-27 21:29:34.066548
u000639,c009207,1.0,2025-01-27 18:36:15.696129
u000639,c009344,1.0,2025-02-23 01:14:27.823621
u000639,c006813,1.0,2025-03-19 01:57:47.574197
u000639,c009158,1.0,2025-03-30 00:05:18.260906
u000639,c006259,1.0,2025-04-04 21:25:06.975990
u000639,c007014,1.0,2025-05-22 07:58:21.960053
u000639,c009525,1.0,2025-05-28 14:19:29.588461
u000639,c006111,1.0,2025-06-27 04:29:59.557120
u000639,c009186,1.0,2025-09-06 01:08:52.384498
u000639,c008850,1.0,2025-09-08 20:50:25.495205
u000639,c006311,1.0,2025-10-13 02:37:06.671460
u000640,c009268,1.0,2024-11-25 17:08:21.549960
u000640,c006589,1.0,2024-12-28 17:53:06.984527
u000640,c006390,1.0,2025-02-01 01:42:28.607615
u000640,c008217,1.0,2025-03-18 11:29:06.240826
u000640,c006670,1.0,2025-04-24 19:08:55.735930
u000640,c008012,1.0,2025-07-10 02:09:40.195986
u000640,c007800,1.0,2025-08-18 12:59:23.651621
u000640,c006678,1.0,2025-08-24 01:02:42.554334
u000640,c006135,1.0,2025-09-30 14:53:13.073537
u000641,c006028,1.0,2024-11-17 03:31:31.570749
u000641,c006221,1.0,2024-11-23 11:01:13.499534
u000641,c006239,1.0,2025-04-17 03:11:17.926771
u000641,c007014,1.0,2025-04-25 06:07:32.537131
u000641,c006111,1.0,2025-04-27 00:04:20.099600
u000642,c009051,1.0,2024-12-04 22:39:16.818849
u000642,c009273,1.0,2024-12-29 07:56:06.160602
u000642,c008524,1.0,2025-01-10 09:07:03.005180
u000642,c009023,1.0,2025-02-01 15:45:07.966061
u000642,c008987,1.0,2025-02-11 04:10:37.841149
u000642,c008496,1.0,2025-02-20 22:57:32.588007
u000642,c008998,1.0,2025-03-04 13:29:03.597034
u000642,c008805,1.0,2025-03-26 15:41:04.626972
u000642,c007215,1.0,2025-07-12 22:21:23.997532
u000642,c009540,1.0,2025-07-27 01:25:22.176200
u000642,c009262,1.0,2025-11-03 09:40:49.432508
u000643,c008837,1.0,2024-11-09 06:26:48.084439
u000643,c008741,1.0,2024-11-14 19:49:04.576486
u000643,c008639,1.0,2024-11-22 09:42:10.283971
u000643,c008534,1.0,2025-01-21 15:19:30.332331
u000643,c008968,1.0,2025-03-14 17:17:41.778120
u000643,c008872,1.0,2025-03-16 03:25:37.789708
u000643,c008821,1.0,2025-04-14 15:36:37.359277
u000643,c008465,1.0,2025-06-13 10:41:59.342134
u000643,c006668,1.0,2025-06-13 19:04:53.690291
u000643,c008808,1.0,2025-07-04 00:15:12.202941
u000643,c009569,1.0,2025-07-17 14:41:47.826119
u000643,c008751,1.0,2025-09-01 05:09:01.337087
u000643,c007283,1.0,2025-09-25 17:45:40.307749
u000643,c009616,1.0,2025-10-27 04:52:07.942985
u000644,c009057,1.0,2025-01-15 17:56:24.196584
u000644,c009360,1.0,2025-03-20 19:04:45.377343
u000644,c008572,1.0,2025-05-03 15:00:28.324593
u000644,c009199,1.0,2025-06-13 16:07:08.368839
u000644,c009476,1.0,2025-08-01 15:20:38.906148
u000644,c009005,1.0,2025-08-05 16:48:55.524978
u000645,c009230,1.0,2024-11-14 13:31:07.232419
u000645,c006477,1.0,2024-12-27 14:05:02.793926
u000645,c006492,1.0,2025-01-27 20:16:16.816833
u000645,c008792,1.0,2025-04-11 02:21:59.983669
u000645,c009510,1.0,2025-04-22 07:16:35.686485
u000645,c006386,1.0,2025-05-23 04:09:12.494215
u000645,c008963,1.0,2025-07-09 17:51:42.264057
u000645,c007107,1.0,2025-07-11 16:12:53.920563
u000645,c008717,1.0,2025-10-02 01:43:10.760176
u000645,c008980,1.0,2025-10-11 15:34:13.530090
u000645,c008578,1.0,2025-10-24 21:22:09.063707
u000646,c008030,1.0,2024-12-12 19:05:04.683874
u000646,c007984,1.0,2025-01-24 09:52:17.321700
u000646,c007841,1.0,2025-01-30 17:57:26.565516
u000646,c008376,1.0,2025-10-08 12:56:21.852791
u000647,c008654,1.0,2024-12-12 12:05:16.965302
u000647,c008473,1.0,2025-01-17 08:18:10.139851
u000647,c009318,1.0,2025-05-11 20:45:15.793259
u000647,c008824,1.0,2025-05-15 10:44:42.002839
u000647,c006030,1.0,2025-05-24 06:15:42.458453
u000647,c008841,1.0,2025-06-06 14:11:52.351448
u000647,c009044,1.0,2025-06-09 22:06:29.998248
u000647,c009554,1.0,2025-06-17 21:44:19.887841
u000647,c008547,1.0,2025-06-26 13:42:48.937874
u000647,c008487,1.0,2025-07-08 11:33:40.942153
u000647,c008851,1.0,2025-09-16 06:23:39.036808
u000647,c009419,1.0,2025-10-14 21:37:02.880803
u000647,c008591,1.0,2025-10-15 00:29:27.332176
u000648,c007572,1.0,2024-12-08 18:26:41.290059
u000648,c007722,1.0,2025-02-12 15:14:06.045658
u000648,c009344,1.0,2025-02-24 19:30:43.193442
u000648,c007772,1.0,2025-04-08 04:56:34.310280
u000648,c009157,1.0,2025-04-17 04:02:07.317915
u000648,c009032,1.0,2025-04-26 00:44:28.532516
u000648,c007675,1.0,2025-05-02 20:13:54.419327
u000648,c007655,1.0,2025-08-12 14:59:41.365835
u000648,c007398,1.0,2025-08-19 01:17:22.842762
u000648,c009211,1.0,2025-09-13 00:23:52.700574
u000648,c007372,1.0,2025-09-15 05:13:01.890700
u000649,c008957,1.0,2025-01-01 01:52:46.114817
u000649,c008792,1.0,2025-01-25 19:08:56.159970
u000649,c009242,1.0,2025-02-20 10:37:18.749210
u000649,c008703,1.0,2025-03-14 09:14:00.083115
u000649,c006484,1.0,2025-05-31 07:46:56.611151
u000649,c009069,1.0,2025-09-21 14:20:55.299052
u000650,c008648,1.0,2025-01-29 15:43:07.406455
u000650,c008803,1.0,2025-03-01 03:30:21.003352
u000650,c008496,1.0,2025-04-01 02:43:16.322596
u000650,c006026,1.0,2025-05-11 11:17:50.884748
u000650,c009051,1.0,2025-07-03 16:27:53.474547
u000650,c006500,1.0,2025-07-25 03:33:17.858418
u000650,c009097,1.0,2025-08-11 05:22:25.925466
u000650,c006499,1.0,2025-10-25 17:05:29.407022
u000650,c008463,1.0,2025-11-02 01:35:49.820266
u000651,c002824,1.0,2024-12-22 15:17:27.405480
u000651,c003738,1.0,2025-01-04 21:08:33.781080
u000651,c006770,1.0,2025-03-05 01:00:08.887663
u000651,c006091,1.0,2025-03-09 11:23:15.190395
u000651,c006683,1.0,2025-06-28 23:07:36.832470
u000651,c008463,1.0,2025-07-11 06:56:51.410292
u000651,c009058,1.0,2025-07-18 12:37:36.188268
u000651,c006275,1.0,2025-07-22 04:53:52.800051
u000651,c007121,1.0,2025-08-29 14:38:10.756833
u000651,c006325,1.0,2025-09-01 18:45:28.012259
u000651,c008763,1.0,2025-09-12 18:14:18.389693
u000652,c008866,1.0,2024-11-08 16:52:53.216400
u000652,c007883,1.0,2024-11-22 02:59:54.464326
u000652,c008106,1.0,2024-11-29 12:29:02.057317
u000652,c008682,1.0,2024-12-11 14:13:30.663104
u000652,c008884,1.0,2025-01-30 06:17:51.358331
u000652,c009005,1.0,2025-01-30 21:11:55.234312
u000652,c008009,1.0,2025-02-23 03:13:25.278582
u000652,c008326,1.0,2025-02-28 04:22:27.888560
u000652,c008012,1.0,2025-03-06 06:06:07.517527
u000652,c008572,1.0,2025-04-09 08:18:30.717726
u000652,c008252,1.0,2025-04-12 20:23:51.211132
u000652,c008478,1.0,2025-11-05 07:44:08.764250
u000653,c006072,1.0,2024-11-24 02:44:20.569542
u000653,c006135,1.0,2025-05-05 00:54:42.340110
u000653,c007883,1.0,2025-07-25 23:11:53.887362
u000653,c006857,1.0,2025-08-21 09:59:09.922644
u000653,c006120,1.0,2025-10-29 13:55:39.062824
u000654,c009199,1.0,2024-12-03 06:27:23.845158
u000654,c008989,1.0,2025-01-11 06:09:59.829078
u000654,c008760,1.0,2025-02-22 03:41:02.645491
u000654,c009558,1.0,2025-06-07 11:57:36.559092
u000654,c006061,1.0,2025-06-16 20:55:00.876839
u000654,c008580,1.0,2025-07-21 21:18:03.335938
u000654,c009135,1.0,2025-08-21 23:32:41.309606
u000654,c008763,1.0,2025-08-24 10:20:34.704797
u000654,c008968,1.0,2025-08-29 05:18:26.949760
u000654,c008808,1.0,2025-09-24 10:59:17.770015
u000654,c008881,1.0,2025-11-04 10:48:36.945153
u000655,c006815,1.0,2024-12-13 00:39:38.456249
u000655,c005998,1.0,2025-02-21 15:40:32.599948
u000655,c009479,1.0,2025-03-18 20:22:00.551656
u000655,c006150,1.0,2025-05-08 15:16:10.734615
u000655,c009290,1.0,2025-05-22 11:26:24.328755
u000655,c008466,1.0,2025-06-05 10:56:14.906496
u000655,c009226,1.0,2025-07-07 18:27:18.081003
u000656,c009538,1.0,2024-11-21 17:41:14.198418
u000656,c008940,1.0,2024-12-14 17:36:07.173613
u000656,c008594,1.0,2025-01-29 02:06:19.583962
u000656,c008639,1.0,2025-02-13 01:19:53.949419
u000656,c008808,1.0,2025-04-08 13:42:55.746411
u000656,c009012,1.0,2025-04-12 09:00:40.000384
u000656,c009136,1.0,2025-04-20 03:21:14.119191
u000656,c008989,1.0,2025-05-06 01:17:23.101294
u000656,c008477,1.0,2025-05-25 10:01:33.665695
u000656,c008968,1.0,2025-05-28 18:29:56.428734
u000656,c008837,1.0,2025-07-18 18:39:35.563226
u000656,c009390,1.0,2025-08-25 10:41:37.419759
u000656,c008663,1.0,2025-09-27 21:32:12.654733
u000656,c009356,1.0,2025-10-17 20:42:15.674704
u000657,c008691,1.0,2024-11-14 20:54:05.111298
u000657,c006052,1.0,2024-12-12 17:31:12.089991
u000657,c007446,1.0,2024-12-16 01:28:01.989744
u000657,c009278,1.0,2025-03-09 20:47:43.876309
u000657,c009515,1.0,2025-03-13 09:45:51.063620
u000657,c008832,1.0,2025-03-17 13:40:12.834063
u000657,c009228,1.0,2025-04-05 03:40:15.826605
u000657,c009050,1.0,2025-04-16 13:14:00.339199
u000657,c008808,1.0,2025-04-18 15:56:26.524649
u000657,c009367,1.0,2025-09-11 20:34:56.127951
u000657,c008477,1.0,2025-10-05 16:55:35.359444
u000657,c009126,1.0,2025-10-08 15:15:02.861056
u000657,c008675,1.0,2025-10-18 17:33:37.525046
u000658,c008663,1.0,2024-11-13 05:55:05.204040
u000658,c008968,1.0,2025-02-24 12:11:34.143823
u000658,c009363,1.0,2025-08-03 13:25:15.623306
u000659,c009470,1.0,2024-11-11 18:18:28.630854
u000659,c008532,1.0,2024-11-28 13:54:03.285185
u000659,c007523,1.0,2024-12-10 22:48:16.192781
u000659,c008779,1.0,2024-12-31 05:40:04.028777
u000659,c008976,1.0,2025-01-22 10:57:37.914256
u000659,c008623,1.0,2025-03-16 12:33:04.340950
u000659,c008733,1.0,2025-03-22 02:44:39.434742
u000659,c008951,1.0,2025-04-09 14:47:11.933634
u000659,c008693,1.0,2025-05-23 20:39:56.902058
u000659,c009233,1.0,2025-06-05 13:29:53.208558
u000659,c008977,1.0,2025-08-09 23:32:29.973041
u000659,c008478,1.0,2025-08-10 03:55:54.631213
u000659,c008882,1.0,2025-08-30 19:49:28.922390
u000659,c009091,1.0,2025-09-09 20:58:16.241468
u000659,c007217,1.0,2025-10-02 12:50:57.621616
u000660,c009065,1.0,2024-12-13 11:06:13.879568
u000660,c006271,1.0,2024-12-21 16:28:04.789227
u000660,c007086,1.0,2025-02-25 00:59:47.079670
u000660,c007036,1.0,2025-04-08 00:51:56.187438
u000660,c007072,1.0,2025-04-08 20:58:13.826060
u000660,c006874,1.0,2025-04-18 00:37:53.979350
u000660,c009327,1.0,2025-05-18 17:44:29.651472
u000660,c006365,1.0,2025-07-15 05:28:19.452630
u000660,c009205,1.0,2025-09-18 01:35:53.530824
u000660,c008730,1.0,2025-09-30 15:05:52.127146
u000660,c006664,1.0,2025-10-20 22:09:20.023892
u000661,c009023,1.0,2024-12-27 23:58:51.018039
u000661,c008638,1.0,2025-02-02 11:26:29.758429
u000661,c008682,1.0,2025-07-24 16:19:11.458478
u000661,c009262,1.0,2025-08-27 05:43:45.178576
u000662,c009232,1.0,2024-11-26 14:36:13.086028
u000662,c006642,1.0,2024-12-02 16:05:30.325741
u000662,c009398,1.0,2025-03-10 14:23:17.084941
u000662,c007109,1.0,2025-05-03 01:28:39.699597
u000662,c006139,1.0,2025-05-08 07:14:43.955242
u000662,c006131,1.0,2025-06-21 19:30:42.636303
u000663,c008545,1.0,2024-11-30 21:51:02.534044
u000663,c008905,1.0,2024-12-18 17:09:11.711327
u000663,c009089,1.0,2025-06-17 12:02:55.260381
u000663,c008808,1.0,2025-08-22 08:57:27.559009
u000664,c009304,1.0,2024-11-14 18:13:51.408689
u000664,c009475,1.0,2024-12-06 22:05:26.077367
u000664,c009393,1.0,2025-01-14 21:22:23.322362
u000664,c009293,1.0,2025-01-16 20:48:11.877876
u000664,c008475,1.0,2025-01-17 04:48:46.322548
u000664,c008513,1.0,2025-04-14 06:25:40.546404
u000664,c006717,1.0,2025-06-15 05:36:00.070180
u000664,c008494,1.0,2025-08-07 21:42:18.105863
u000664,c009481,1.0,2025-10-03 15:37:32.432413
u000664,c009622,1.0,2025-10-11 19:14:25.519910
u000664,c009199,1.0,2025-10-12 18:35:49.738495
u000665,c008586,1.0,2025-02-10 02:16:12.451846
u000665,c009533,1.0,2025-03-27 13:50:36.063235
u000665,c009268,1.0,2025-09-19 05:19:07.755416
u000665,c009184,1.0,2025-11-05 11:27:16.904483
u000666,c008360,1.0,2024-11-06 20:57:44.664376
u000666,c008763,1.0,2024-11-15 09:23:14.278559
u000666,c008257,1.0,2024-12-07 08:58:23.512907
u000666,c009012,1.0,2024-12-16 16:50:09.800191
u000666,c008425,1.0,2024-12-21 09:37:38.735543
u000666,c008050,1.0,2024-12-29 18:06:53.412571
u000666,c008346,1.0,2024-12-31 09:03:38.087740
u000666,c009298,1.0,2025-01-16 12:19:04.791359
u000666,c007806,1.0,2025-04-08 01:42:58.194061
u000666,c008203,1.0,2025-06-06 05:31:56.537137
u000666,c008342,1.0,2025-06-16 06:42:27.363151
u000666,c008289,1.0,2025-07-22 10:09:26.879209
u000666,c008079,1.0,2025-09-19 08:51:39.947672
u000667,c009068,1.0,2025-04-22 17:25:07.662444
u000667,c008470,1.0,2025-04-29 02:56:09.398749
u000667,c009232,1.0,2025-06-20 06:16:46.973463
u000667,c008691,1.0,2025-07-04 04:36:02.111849
u000667,c009212,1.0,2025-09-27 04:34:46.984498
u000668,c006125,1.0,2024-12-13 20:58:14.298111
u000668,c006461,1.0,2025-02-06 22:38:25.981941
u000668,c006699,1.0,2025-02-25 15:56:01.092362
u000668,c006618,1.0,2025-05-30 20:09:43.506033
u000668,c006388,1.0,2025-06-10 02:59:08.596835
u000668,c006098,1.0,2025-07-03 09:12:09.787041
u000668,c006026,1.0,2025-07-06 23:03:49.998172
u000668,c006499,1.0,2025-07-25 20:22:16.048362
u000668,c008477,1.0,2025-07-27 13:40:16.090536
u000668,c009421,1.0,2025-08-10 23:24:09.616866
u000668,c008623,1.0,2025-08-15 04:37:32.611533
u000668,c008808,1.0,2025-09-03 19:14:09.390981
u000668,c006811,1.0,2025-11-02 02:38:48.177287
u000669,c008867,1.0,2025-01-04 10:56:28.836467
u000669,c009258,1.0,2025-04-10 05:36:16.387111
u000669,c008612,1.0,2025-06-03 12:34:49.005755
u000670,c008519,1.0,2025-05-06 08:25:54.267639
u000670,c009036,1.0,2025-05-12 15:08:22.258823
u000670,c009001,1.0,2025-05-26 05:43:59.339960
u000670,c008823,1.0,2025-07-20 02:19:52.437473
u000670,c009364,1.0,2025-08-12 02:26:31.882702
u000670,c009030,1.0,2025-09-27 02:52:02.975273
u000671,c009421,1.0,2024-11-25 09:14:11.794644
u000671,c008655,1.0,2024-11-30 10:14:03.770388
u000671,c009004,1.0,2024-12-20 06:15:44.741155
u000671,c007241,1.0,2024-12-20 18:59:32.307990
u000671,c006198,1.0,2025-01-20 17:50:21.312252
u000671,c009290,1.0,2025-03-19 00:07:31.399568
u000671,c009644,1.0,2025-04-07 07:48:52.500833
u000671,c008579,1.0,2025-05-19 17:59:51.643297
u000671,c009229,1.0,2025-06-21 15:42:12.958679
u000671,c009574,1.0,2025-06-27 09:30:07.096129
u000671,c006173,1.0,2025-07-03 14:28:59.555349
u000671,c008479,1.0,2025-07-06 07:35:35.698893
u000671,c008628,1.0,2025-09-07 01:28:59.018477
u000672,c007098,1.0,2024-11-25 17:48:23.302377
u000672,c006791,1.0,2025-02-11 00:51:51.700148
u000672,c009158,1.0,2025-07-16 09:16:45.156100
u000672,c006190,1.0,2025-07-19 14:54:42.949510
u000672,c006030,1.0,2025-07-21 19:17:46.760773
u000672,c006049,1.0,2025-08-20 21:11:31.542406
u000672,c006389,1.0,2025-09-08 02:37:43.197302
u000672,c006368,1.0,2025-09-18 22:52:16.040905
u000672,c008985,1.0,2025-09-23 14:26:31.690393
u000672,c006056,1.0,2025-10-17 02:08:08.153147
u000673,c009301,1.0,2024-12-15 17:36:17.920207
u000673,c009285,1.0,2025-02-18 00:18:41.677341
u000673,c009038,1.0,2025-05-07 22:34:39.461609
u000673,c008499,1.0,2025-05-20 00:20:48.107318
u000673,c009139,1.0,2025-07-19 16:16:16.066810
u000673,c008637,1.0,2025-08-19 13:12:31.402544
u000674,c008733,1.0,2024-11-07 23:46:29.687367
u000674,c008696,1.0,2024-12-26 23:00:12.007628
u000674,c009186,1.0,2025-02-24 20:40:24.855584
u000674,c008477,1.0,2025-03-23 05:50:45.446254
u000674,c008921,1.0,2025-03-28 19:58:28.353106
u000674,c008659,1.0,2025-04-30 16:06:21.029945
u000674,c008872,1.0,2025-05-19 16:48:13.068548
u000674,c009100,1.0,2025-06-16 22:08:23.122120
u000674,c008718,1.0,2025-06-24 15:23:59.387154
u000674,c009146,1.0,2025-08-04 06:55:20.939176
u000674,c009020,1.0,2025-08-06 20:12:45.579139
u000674,c008607,1.0,2025-08-21 01:23:07.019714
u000674,c008680,1.0,2025-10-16 01:20:05.922053
u000675,c009043,1.0,2024-11-24 12:39:11.007221
u000675,c008940,1.0,2025-02-26 07:54:51.645152
u000675,c008012,1.0,2025-03-13 06:46:31.906817
u000675,c008463,1.0,2025-03-16 02:37:53.741665
u000675,c008597,1.0,2025-06-06 10:16:02.355899
u000675,c009177,1.0,2025-06-14 19:51:43.041671
u000675,c008553,1.0,2025-08-06 21:19:00.657756
u000676,c008713,1.0,2024-11-08 11:16:26.547468
u000676,c008523,1.0,2025-01-19 09:38:57.020672
u000676,c008691,1.0,2025-01-28 21:29:01.532436
u000676,c009084,1.0,2025-02-08 08:54:28.311067
u000676,c009227,1.0,2025-03-04 05:21:13.334914
u000676,c009452,1.0,2025-03-29 09:35:52.727419
u000676,c009457,1.0,2025-05-12 20:08:53.687210
u000676,c009185,1.0,2025-05-14 06:22:27.384881
u000676,c008792,1.0,2025-06-01 20:31:44.356099
u000676,c009616,1.0,2025-10-12 00:39:55.568578
u000677,c008940,1.0,2024-11-23 14:15:36.815450
u000677,c000317,1.0,2025-01-03 18:01:10.106990
u000677,c008808,1.0,2025-01-22 09:35:45.450110
u000677,c008620,1.0,2025-02-10 21:18:03.517124
u000677,c009446,1.0,2025-02-16 21:46:36.687461
u000677,c007188,1.0,2025-02-28 15:15:16.797624
u000677,c007482,1.0,2025-04-01 15:55:12.027802
u000677,c008684,1.0,2025-05-26 00:41:56.163063
u000677,c009311,1.0,2025-07-27 10:49:53.781349
u000677,c000649,1.0,2025-09-17 19:05:06.090009
u000677,c009305,1.0,2025-09-24 21:00:40.758986
u000677,c008512,1.0,2025-10-05 06:48:40.232744
u000677,c009490,1.0,2025-10-09 03:59:14.920831
u000677,c009441,1.0,2025-10-30 13:41:39.023287
u000678,c002337,1.0,2025-01-02 09:26:16.213092
u000678,c008961,1.0,2025-04-04 21:28:06.480824
u000678,c009096,1.0,2025-06-30 02:35:58.577354
u000678,c009197,1.0,2025-07-29 21:22:03.017637
u000678,c008885,1.0,2025-07-30 14:54:33.695488
u000678,c008938,1.0,2025-08-03 20:13:25.750357
u000678,c008933,1.0,2025-08-20 02:28:16.014087
u000678,c009025,1.0,2025-08-23 15:17:28.255889
u000678,c009516,1.0,2025-09-15 22:07:50.444556
u000678,c008910,1.0,2025-10-15 19:02:51.304657
u000679,c008627,1.0,2024-12-10 16:24:10.691974
u000679,c006958,1.0,2025-01-30 10:57:16.417079
u000679,c008769,1.0,2025-06-06 02:09:58.968177
u000679,c009212,1.0,2025-06-17 13:24:00.163780
u000679,c008718,1.0,2025-08-19 12:51:29.200139
u000679,c009184,1.0,2025-09-12 13:04:49.408421
u000679,c008927,1.0,2025-09-19 01:14:26.241455
u000679,c006113,1.0,2025-10-24 05:17:13.184522
u000680,c007624,1.0,2024-11-20 10:39:48.772544
u000680,c007647,1.0,2025-03-28 19:44:33.683968
u000680,c007719,1.0,2025-06-27 18:43:05.434244
u000680,c009012,1.0,2025-08-18 16:46:44.029438
u000680,c009269,1.0,2025-10-18 06:33:57.625052
u000681,c008763,1.0,2024-12-12 03:55:03.361400
u000681,c006083,1.0,2025-02-23 10:58:12.563061
u000681,c008983,1.0,2025-03-09 19:43:37.607378
u000681,c006307,1.0,2025-03-10 11:40:34.479443
u000681,c007077,1.0,2025-03-25 18:07:28.038062
u000681,c008575,1.0,2025-04-29 16:32:16.596395
u000681,c006146,1.0,2025-05-05 09:12:22.921336
u000681,c007207,1.0,2025-06-26 01:39:27.221212
u000681,c009226,1.0,2025-08-25 21:24:57.213502
u000681,c006248,1.0,2025-08-30 09:12:16.659152
u000681,c009636,1.0,2025-09-15 13:12:31.170471
u000681,c006980,1.0,2025-09-19 00:42:14.992732
u000681,c009473,1.0,2025-10-06 10:17:05.071806
u000681,c006875,1.0,2025-10-20 10:59:55.984759
u000681,c007518,1.0,2025-10-28 22:27:51.428128
u000682,c009316,1.0,2024-12-24 14:40:36.596229
u000682,c008910,1.0,2025-02-07 13:29:35.963163
u000682,c009181,1.0,2025-02-10 23:28:41.269516
u000682,c009605,1.0,2025-05-29 09:07:34.204082
u000682,c008963,1.0,2025-10-18 20:47:06.451749
u000682,c008628,1.0,2025-11-04 01:43:55.461471
u000683,c009479,1.0,2025-02-03 13:29:27.563953
u000683,c007980,1.0,2025-02-24 13:05:45.314250
u000683,c007961,1.0,2025-03-26 22:15:00.169123
u000683,c009226,1.0,2025-07-13 11:45:06.432334
u000683,c008273,1.0,2025-08-17 11:39:02.300371
u000683,c008575,1.0,2025-10-25 16:07:57.311891
u000683,c009211,1.0,2025-10-25 19:22:32.066437
u000684,c006301,1.0,2024-12-03 10:13:26.920455
u000684,c006599,1.0,2025-01-28 19:19:43.911802
u000684,c006859,1.0,2025-05-17 13:55:30.196092
u000684,c008070,1.0,2025-06-07 10:52:26.047767
u000684,c002313,1.0,2025-06-15 10:07:45.467758
u000684,c007046,1.0,2025-07-13 05:54:51.332992
u000684,c006188,1.0,2025-09-07 21:35:02.747784
u000684,c006469,1.0,2025-09-23 14:40:36.275566
u000684,c006966,1.0,2025-10-07 08:48:25.918764
u000684,c006022,1.0,2025-10-12 15:38:58.894453
u000684,c009012,1.0,2025-10-31 02:56:42.120452
u000685,c008950,1.0,2024-11-19 11:07:41.573308
u000685,c009412,1.0,2024-11-29 01:11:16.740506
u000685,c008927,1.0,2024-12-07 02:53:05.096736
u000685,c008976,1.0,2025-01-07 05:48:16.640885
u000685,c008779,1.0,2025-01-07 15:29:09.424835
u000685,c009186,1.0,2025-05-13 19:14:50.464518
u000685,c008787,1.0,2025-05-31 07:53:47.461403
u000685,c008912,1.0,2025-06-02 00:53:51.655899
u000685,c009199,1.0,2025-06-05 23:28:26.893939
u000685,c009164,1.0,2025-06-12 09:03:49.899483
u000685,c008680,1.0,2025-07-25 13:05:46.646742
u000685,c008721,1.0,2025-08-02 19:21:06.152980
u000685,c008767,1.0,2025-08-04 03:01:20.885228
u000685,c008733,1.0,2025-09-22 12:06:49.087529
u000686,c007379,1.0,2024-11-18 06:51:47.340590
u000686,c007207,1.0,2024-11-27 15:59:31.198132
u000686,c009210,1.0,2025-08-19 14:47:42.189006
u000687,c008808,1.0,2024-11-20 18:27:01.051907
u000687,c009309,1.0,2024-12-26 02:17:16.824553
u000687,c007203,1.0,2025-02-02 20:50:26.465177
u000687,c008710,1.0,2025-02-19 17:56:05.455139
u000687,c008897,1.0,2025-02-24 12:13:40.119462
u000687,c009250,1.0,2025-03-02 15:00:39.178049
u000687,c009184,1.0,2025-04-19 18:37:44.428455
u000687,c007454,1.0,2025-05-28 09:27:36.745721
u000687,c008643,1.0,2025-06-13 19:08:14.315628
u000687,c009207,1.0,2025-09-14 14:06:56.734083
u000687,c006459,1.0,2025-11-06 13:53:10.279548
u000688,c007485,1.0,2025-02-15 09:24:49.956791
u000688,c008785,1.0,2025-03-05 10:06:16.803510
u000688,c007199,1.0,2025-03-10 06:04:54.579291
u000688,c008863,1.0,2025-04-05 09:35:23.024654
u000688,c007486,1.0,2025-05-04 17:40:34.204201
u000688,c007697,1.0,2025-09-02 02:06:17.170049
u000688,c007409,1.0,2025-09-25 00:32:35.123453
u000689,c009062,1.0,2025-03-07 17:16:37.254249
u000689,c009391,1.0,2025-04-27 16:56:28.544840
u000689,c006383,1.0,2025-07-31 00:27:00.661735
u000689,c008933,1.0,2025-08-19 00:03:17.158396
u000689,c009025,1.0,2025-10-29 20:36:47.891342
u000690,c008509,1.0,2024-11-08 03:51:54.488651
u000690,c008996,1.0,2025-02-17 13:10:32.148210
u000690,c009049,1.0,2025-03-01 15:06:29.207421
u000690,c008540,1.0,2025-04-06 13:24:06.033533
u000690,c008513,1.0,2025-04-12 12:53:44.979389
u000690,c009184,1.0,2025-09-22 08:11:10.038898
u000691,c007162,1.0,2024-12-01 08:30:55.247870
u000691,c007449,1.0,2024-12-25 07:28:32.548788
u000691,c009103,1.0,2025-01-05 00:48:58.038878
u000691,c007034,1.0,2025-01-23 06:17:31.327301
u000691,c009324,1.0,2025-02-19 08:34:34.314131
u000691,c006595,1.0,2025-04-06 17:33:22.948552
u000691,c006117,1.0,2025-04-10 14:04:37.444687
u000691,c007203,1.0,2025-04-18 01:29:43.889298
u000691,c006095,1.0,2025-04-29 09:05:19.140153
u000691,c008691,1.0,2025-06-02 17:07:21.940028
u000691,c006902,1.0,2025-06-28 07:05:49.788377
u000691,c007027,1.0,2025-09-26 10:24:32.511767
u000692,c008683,1.0,2024-12-22 06:22:26.666649
u000692,c009382,1.0,2025-02-03 01:48:38.806954
u000692,c007955,1.0,2025-02-09 04:00:29.823293
u000692,c008319,1.0,2025-02-25 09:35:16.254557
u000692,c008787,1.0,2025-03-02 21:37:17.111739
u000692,c009212,1.0,2025-04-22 06:43:45.668431
u000692,c008534,1.0,2025-08-26 18:55:21.105140
u000692,c008393,1.0,2025-09-05 01:19:13.770413
u000692,c008764,1.0,2025-10-06 11:26:43.184274
u000692,c008315,1.0,2025-10-23 21:15:22.657353
u000693,c007394,1.0,2024-11-18 10:43:06.942311
u000693,c007565,1.0,2025-01-21 08:34:41.601617
u000693,c007715,1.0,2025-01-29 04:13:28.408493
u000693,c007656,1.0,2025-02-15 16:14:17.434158
u000693,c007470,1.0,2025-03-22 14:31:06.913588
u000693,c007208,1.0,2025-06-27 03:27:35.335455
u000693,c008853,1.0,2025-06-29 01:03:40.191689
u000693,c006562,1.0,2025-08-03 12:08:10.373133
u000693,c007192,1.0,2025-08-09 07:32:41.233073
u000694,c008992,1.0,2025-05-26 17:54:27.408657
u000694,c009307,1.0,2025-07-20 14:07:30.558578
u000694,c009507,1.0,2025-08-15 02:10:32.613079
u000695,c009600,1.0,2024-12-05 08:28:00.379885
u000695,c008589,1.0,2024-12-26 02:08:36.755545
u000695,c003294,1.0,2025-01-11 14:35:50.540372
u000695,c009002,1.0,2025-01-12 23:22:21.917489
u000695,c009605,1.0,2025-02-01 14:23:06.815234
u000695,c008795,1.0,2025-04-30 18:10:51.354851
u000695,c009155,1.0,2025-05-23 14:04:08.015047
u000695,c009309,1.0,2025-06-13 20:54:45.393907
u000695,c008515,1.0,2025-07-04 08:46:11.690108
u000695,c008896,1.0,2025-07-20 20:00:53.471509
u000695,c009260,1.0,2025-09-12 14:35:52.494259
u000695,c009413,1.0,2025-10-14 12:15:42.222529
u000696,c007260,1.0,2024-11-28 22:00:57.350096
u000696,c008777,1.0,2025-01-08 03:58:56.939237
u000696,c008808,1.0,2025-02-19 07:28:15.765509
u000696,c009004,1.0,2025-03-24 23:57:17.650443
u000696,c008948,1.0,2025-08-17 04:31:43.412547
u000696,c008764,1.0,2025-10-10 05:58:12.064059
u000696,c008641,1.0,2025-10-17 10:56:34.412549
u000697,c007978,1.0,2025-03-16 20:42:56.122698
u000697,c007967,1.0,2025-05-19 04:29:48.784186
u000697,c008891,1.0,2025-06-26 14:14:20.152791
u000697,c008395,1.0,2025-06-26 22:39:10.233579
u000697,c007811,1.0,2025-07-26 14:17:34.902489
u000697,c008649,1.0,2025-07-27 00:15:05.603281
u000697,c008945,1.0,2025-09-13 02:44:38.931000
u000697,c008858,1.0,2025-09-13 23:11:14.091972
u000697,c007841,1.0,2025-10-21 11:20:36.852407
u000698,c007450,1.0,2024-11-28 17:51:45.809137
u000698,c008552,1.0,2024-12-12 11:05:08.245145
u000698,c007434,1.0,2024-12-29 02:06:20.221084
u000698,c007937,1.0,2025-02-20 09:08:53.861244
u000698,c007287,1.0,2025-02-20 17:29:41.964235
u000698,c007245,1.0,2025-02-27 15:52:22.931767
u000698,c008794,1.0,2025-04-28 04:21:52.486117
u000698,c007841,1.0,2025-05-18 07:41:28.957688
u000698,c009524,1.0,2025-05-24 17:13:10.784034
u000698,c007206,1.0,2025-07-01 05:30:29.212889
u000698,c009444,1.0,2025-07-10 11:18:12.702291
u000698,c007928,1.0,2025-07-24 09:47:17.793231
u000698,c008679,1.0,2025-08-08 19:03:53.132196
u000698,c007415,1.0,2025-09-05 20:49:55.736308
u000698,c009615,1.0,2025-09-07 00:44:41.801914
u000699,c009053,1.0,2024-11-20 00:01:55.074076
u000699,c008247,1.0,2024-12-03 18:19:46.001603
u000699,c006095,1.0,2025-05-29 05:50:37.497861
u000699,c008472,1.0,2025-06-11 19:56:48.069768
u000699,c006069,1.0,2025-06-20 09:07:42.654177
u000699,c007446,1.0,2025-06-21 14:00:17.481268
u000699,c008315,1.0,2025-09-06 07:15:45.066303
u000699,c008241,1.0,2025-09-21 08:37:34.417263
u000699,c008167,1.0,2025-10-15 10:24:10.446955
u000700,c009644,1.0,2024-11-27 20:27:55.279632
u000700,c009408,1.0,2025-03-09 07:56:54.795779
u000700,c008497,1.0,2025-05-02 18:05:40.222908
u000700,c008687,1.0,2025-06-04 10:53:45.528548
u000700,c008891,1.0,2025-07-10 09:59:23.510288
u000700,c008734,1.0,2025-09-04 15:42:08.251420
u000700,c009540,1.0,2025-10-02 09:39:28.666707
u000700,c009362,1.0,2025-11-04 06:10:35.825926
u000701,c006170,1.0,2025-01-10 17:01:20.451011
u000701,c009103,1.0,2025-07-18 06:15:40.655571
u000701,c009324,1.0,2025-10-28 10:42:12.923276
u000702,c009462,1.0,2025-01-26 15:44:02.309312
u000702,c009291,1.0,2025-09-08 22:06:58.859378
u000702,c009556,1.0,2025-10-01 20:20:46.045961
u000703,c009326,1.0,2025-01-10 17:42:13.999401
u000703,c007195,1.0,2025-03-09 13:32:39.477717
u000703,c009307,1.0,2025-07-24 00:40:56.521519
u000704,c009211,1.0,2024-11-14 17:49:21.485777
u000704,c009219,1.0,2024-12-02 17:54:12.416540
u000704,c009076,1.0,2025-01-27 16:33:25.882359
u000704,c009266,1.0,2025-03-19 06:35:17.374003
u000704,c006091,1.0,2025-04-01 11:45:16.756853
u000704,c009254,1.0,2025-04-16 16:35:26.308245
u000704,c009479,1.0,2025-04-25 02:24:45.841202
u000704,c009215,1.0,2025-05-09 17:59:01.689983
u000704,c009341,1.0,2025-06-18 04:51:45.026452
u000704,c008765,1.0,2025-07-25 17:10:14.125219
u000704,c008715,1.0,2025-08-21 11:34:53.786660
u000704,c009236,1.0,2025-09-16 18:51:54.238639
u000705,c008779,1.0,2024-11-08 06:10:39.863350
u000705,c008628,1.0,2024-11-14 10:59:19.089402
u000705,c009232,1.0,2024-11-20 14:02:29.724975
u000705,c009023,1.0,2024-11-22 09:39:10.021870
u000705,c008707,1.0,2024-11-23 01:26:08.339201
u000705,c007172,1.0,2025-04-19 23:18:46.596365
u000705,c009107,1.0,2025-04-20 19:29:55.814999
u000705,c006816,1.0,2025-05-01 14:29:13.327665
u000705,c009510,1.0,2025-06-22 09:37:31.951188
u000705,c009340,1.0,2025-07-08 11:42:05.191784
u000705,c008496,1.0,2025-07-12 00:27:19.881869
u000705,c009398,1.0,2025-09-02 21:26:32.660349
u000705,c008761,1.0,2025-09-30 22:30:40.506249
u000705,c008463,1.0,2025-10-28 23:12:31.640480
u000705,c008648,1.0,2025-11-01 02:52:13.223700
u000706,c009155,1.0,2024-11-10 16:57:30.099132
u000706,c009644,1.0,2024-12-05 01:50:53.801603
u000706,c008817,1.0,2025-03-01 20:15:47.103885
u000706,c008629,1.0,2025-03-15 19:27:59.087961
u000706,c008579,1.0,2025-03-21 04:09:12.353903
u000706,c008775,1.0,2025-04-29 10:08:51.228235
u000706,c009557,1.0,2025-06-01 11:53:27.882384
u000706,c008764,1.0,2025-07-14 01:29:49.921959
u000706,c009229,1.0,2025-07-15 08:33:56.845693
u000706,c007190,1.0,2025-07-15 18:14:36.975133
u000706,c009245,1.0,2025-10-04 04:58:46.125963
u000706,c009290,1.0,2025-10-13 10:27:29.343170
u000706,c008948,1.0,2025-10-30 03:34:56.533156
u000707,c008572,1.0,2025-03-08 23:06:39.446691
u000707,c008596,1.0,2025-07-14 17:15:33.015933
u000707,c008586,1.0,2025-08-09 20:40:52.729295
u000707,c008833,1.0,2025-10-23 13:59:32.192254
u000708,c007231,1.0,2024-11-19 17:47:30.618935
u000708,c007490,1.0,2024-11-26 16:29:47.361040
u000708,c007616,1.0,2024-12-22 05:54:40.903259
u000708,c007369,1.0,2025-01-10 12:45:08.251743
u000708,c007454,1.0,2025-03-06 14:22:20.767968
u000708,c007449,1.0,2025-03-22 00:01:17.438343
u000708,c009218,1.0,2025-03-27 12:08:32.468320
u000708,c007225,1.0,2025-04-07 02:45:53.073771
u000708,c006151,1.0,2025-05-08 16:57:31.402027
u000708,c009229,1.0,2025-05-31 13:59:57.640347
u000708,c007714,1.0,2025-08-10 02:09:38.505149
u000708,c007686,1.0,2025-08-11 14:24:50.871995
u000708,c008899,1.0,2025-08-12 14:13:36.969789
u000708,c007463,1.0,2025-09-19 12:02:53.733797
u000709,c009270,1.0,2024-12-01 23:12:13.387783
u000709,c008562,1.0,2024-12-28 05:46:25.819236
u000709,c006059,1.0,2025-02-24 01:26:04.773561
u000709,c006761,1.0,2025-04-02 23:23:54.547109
u000709,c009367,1.0,2025-05-18 17:49:44.299380
u000709,c006486,1.0,2025-05-22 00:53:43.360371
u000709,c008816,1.0,2025-06-07 14:56:00.700282
u000709,c009484,1.0,2025-07-06 02:05:30.978752
u000709,c009375,1.0,2025-07-22 11:04:31.385703
u000709,c006484,1.0,2025-07-28 22:15:52.222543
u000710,c009022,1.0,2024-11-21 07:30:04.390425
u000710,c008561,1.0,2025-03-27 21:11:19.112425
u000710,c008860,1.0,2025-07-28 06:42:17.367283
u000710,c009309,1.0,2025-08-16 12:42:42.128522
u000710,c009513,1.0,2025-09-04 03:39:27.883751
u000710,c009321,1.0,2025-10-17 02:55:58.539484
u000710,c009337,1.0,2025-11-02 07:13:22.149493
u000711,c009187,1.0,2025-02-04 16:26:14.968245
u000711,c008422,1.0,2025-04-21 18:40:01.132294
u000711,c009270,1.0,2025-06-18 12:11:32.254899
u000711,c007974,1.0,2025-06-19 08:30:35.873632
u000711,c008919,1.0,2025-11-05 03:20:55.013988
u000712,c006486,1.0,2024-11-07 15:20:45.597532
u000712,c008827,1.0,2024-12-04 16:44:20.205945
u000712,c008158,1.0,2024-12-04 18:09:28.337024
u000712,c008730,1.0,2025-02-13 00:51:37.070898
u000712,c009327,1.0,2025-03-09 17:57:08.730970
u000712,c007210,1.0,2025-07-17 14:29:43.002640
u000712,c009509,1.0,2025-07-24 09:14:28.475012
u000712,c008611,1.0,2025-08-07 20:39:08.200158
u000712,c007643,1.0,2025-08-16 21:23:46.252946
u000712,c007195,1.0,2025-09-12 21:54:04.519930
u000712,c006111,1.0,2025-10-17 23:46:11.803959
u000713,c006135,1.0,2025-04-01 09:05:09.563516
u000713,c006970,1.0,2025-06-24 19:26:10.405473
u000713,c008725,1.0,2025-08-23 15:24:07.180645
u000713,c009580,1.0,2025-08-25 00:17:31.773245
u000713,c008497,1.0,2025-09-03 02:18:57.638950
u000713,c009188,1.0,2025-09-07 02:39:00.103921
u000714,c008495,1.0,2025-01-04 08:06:27.398370
u000714,c009530,1.0,2025-02-13 19:02:00.359954
u000714,c003348,1.0,2025-03-26 06:48:18.621430
u000714,c006820,1.0,2025-04-08 15:30:08.992457
u000714,c006235,1.0,2025-05-01 06:27:43.100672
u000714,c008843,1.0,2025-05-17 04:07:33.596161
u000714,c008521,1.0,2025-06-11 22:02:28.213267
u000714,c009053,1.0,2025-09-27 08:53:43.485179
u000714,c006885,1.0,2025-10-14 10:25:41.291148
u000715,c006089,1.0,2024-11-27 00:38:00.500878
u000715,c009580,1.0,2024-11-30 10:54:15.491082
u000715,c006599,1.0,2024-12-02 01:00:29.310559
u000715,c009294,1.0,2024-12-09 23:28:11.915685
u000715,c006966,1.0,2025-01-12 21:30:08.455224
u000715,c006484,1.0,2025-02-04 17:17:38.661961
u000715,c006808,1.0,2025-03-13 07:43:47.458336
u000715,c006702,1.0,2025-05-05 01:20:47.195498
u000715,c009188,1.0,2025-06-16 09:04:58.284971
u000715,c006332,1.0,2025-09-10 17:21:21.164781
u000715,c009187,1.0,2025-10-31 08:40:20.106476
u000716,c009254,1.0,2024-11-10 13:08:35.547318
u000716,c009500,1.0,2024-11-20 09:08:48.522845
u000716,c008764,1.0,2024-12-21 11:21:13.363060
u000716,c009215,1.0,2024-12-28 08:51:53.274535
u000716,c008689,1.0,2025-02-04 18:59:36.232544
u000716,c009518,1.0,2025-05-17 22:30:39.487115
u000716,c009236,1.0,2025-05-21 20:28:50.084499
u000716,c009171,1.0,2025-05-22 19:39:01.240566
u000716,c008715,1.0,2025-06-16 04:46:45.682239
u000716,c006562,1.0,2025-06-22 01:44:32.029200
u000716,c009076,1.0,2025-09-03 00:57:35.143868
u000716,c009219,1.0,2025-10-16 21:56:36.535669
u000716,c009528,1.0,2025-10-27 20:28:59.760466
u000716,c008765,1.0,2025-11-05 15:48:31.414793
u000717,c008808,1.0,2024-11-11 23:37:06.345155
u000717,c009012,1.0,2024-12-15 22:17:44.717344
u000717,c007991,1.0,2025-03-30 01:14:22.909973
u000718,c009270,1.0,2024-11-20 06:35:36.293136
u000718,c009418,1.0,2025-02-23 13:03:48.136893
u000718,c009080,1.0,2025-06-20 04:45:26.890179
u000718,c008631,1.0,2025-07-02 02:28:01.458896
u000718,c007696,1.0,2025-08-25 15:14:28.166248
u000718,c008565,1.0,2025-09-15 04:55:13.070061
u000719,c009467,1.0,2024-11-26 00:47:38.466700
u000719,c008538,1.0,2024-12-02 16:53:47.534925
u000719,c008737,1.0,2025-01-27 12:36:13.538750
u000719,c008961,1.0,2025-02-27 16:56:45.316528
u000719,c008884,1.0,2025-04-07 16:33:27.045845
u000719,c008920,1.0,2025-07-22 09:40:22.352974
u000719,c008527,1.0,2025-07-28 06:32:38.090528
u000719,c009306,1.0,2025-08-02 11:47:42.473472
u000719,c009186,1.0,2025-08-05 11:11:34.023775
u000719,c009188,1.0,2025-09-04 12:22:31.608857
u000719,c008691,1.0,2025-10-05 21:59:27.352447
u000719,c009025,1.0,2025-10-21 00:00:28.809370
u000719,c009295,1.0,2025-10-21 01:19:19.083776
u000719,c009648,1.0,2025-10-26 08:39:52.390732
u000720,c008681,1.0,2025-03-24 20:08:56.455731
u000720,c008787,1.0,2025-08-27 00:46:57.291386
u000720,c008976,1.0,2025-10-17 22:48:40.945439
u000721,c007207,1.0,2024-11-10 20:40:29.468117
u000721,c009155,1.0,2025-01-01 04:35:52.740031
u000721,c007564,1.0,2025-01-16 05:24:59.142802
u000721,c007189,1.0,2025-02-18 08:24:44.311030
u000721,c007429,1.0,2025-02-22 02:34:19.872028
u000721,c007423,1.0,2025-03-06 21:42:04.360315
u000721,c009304,1.0,2025-06-22 02:15:57.729550
u000721,c007379,1.0,2025-09-09 17:52:27.358934
u000721,c007318,1.0,2025-09-18 02:33:51.581023
u000721,c007717,1.0,2025-10-23 10:18:50.665549
u000722,c007155,1.0,2024-12-12 01:54:26.088680
u000722,c007036,1.0,2024-12-17 01:44:23.178304
u000722,c009012,1.0,2025-03-22 08:00:54.266068
u000722,c006665,1.0,2025-05-01 12:00:41.889028
u000722,c007023,1.0,2025-05-06 11:30:47.041911
u000722,c008808,1.0,2025-06-15 12:58:42.104548
u000722,c006668,1.0,2025-07-19 11:28:39.390753
u000722,c006664,1.0,2025-08-22 12:29:05.447053
u000722,c007173,1.0,2025-09-25 20:52:55.096916
u000722,c008760,1.0,2025-11-05 20:49:08.880492
u000723,c008706,1.0,2025-03-07 11:18:18.734043
u000723,c008988,1.0,2025-05-22 19:07:33.713729
u000723,c008596,1.0,2025-09-05 08:53:33.002899
u000723,c008628,1.0,2025-11-02 20:20:26.418632
u000724,c009098,1.0,2024-12-05 02:39:19.765714
u000724,c009044,1.0,2025-05-05 10:59:36.344994
u000724,c009220,1.0,2025-10-16 05:49:17.798967
u000725,c009199,1.0,2025-03-20 03:01:49.085951
u000725,c008837,1.0,2025-04-14 12:49:21.985650
u000725,c009270,1.0,2025-05-02 05:26:34.119863
u000725,c008915,1.0,2025-05-24 15:39:35.393672
u000725,c008565,1.0,2025-06-05 03:03:54.918471
u000725,c008477,1.0,2025-08-18 23:24:34.821424
u000725,c008872,1.0,2025-10-08 09:22:04.922163
u000725,c009558,1.0,2025-11-04 11:43:08.817846
u000726,c009497,1.0,2025-02-10 02:26:27.822236
u000726,c008948,1.0,2025-04-20 03:18:06.130791
u000726,c008764,1.0,2025-06-16 08:02:59.075383
u000727,c009442,1.0,2024-11-15 06:09:35.194119
u000727,c008682,1.0,2024-11-30 03:11:35.098742
u000727,c006958,1.0,2025-01-19 16:02:21.904807
u000727,c008568,1.0,2025-03-21 19:28:34.461795
u000727,c008477,1.0,2025-05-19 03:34:39.494227
u000727,c008837,1.0,2025-05-20 15:09:38.907313
u000727,c007969,1.0,2025-06-22 03:29:50.397134
u000727,c006561,1.0,2025-06-27 21:57:21.486638
u000727,c008968,1.0,2025-08-10 16:11:55.131699
u000727,c009335,1.0,2025-08-21 01:53:07.299891
u000727,c008580,1.0,2025-08-29 07:06:49.140851
u000727,c006142,1.0,2025-09-11 02:58:24.180479
u000727,c007082,1.0,2025-10-16 09:54:02.043876
u000727,c008881,1.0,2025-11-06 14:29:03.340034
u000728,c009357,1.0,2025-03-01 15:25:21.693636
u000728,c008700,1.0,2025-03-25 18:49:55.151938
u000728,c008699,1.0,2025-09-12 00:15:17.160613
u000728,c009289,1.0,2025-10-24 22:14:28.755450
u000728,c009087,1.0,2025-11-03 14:43:39.532547
u000729,c009145,1.0,2024-12-02 06:36:14.973205
u000729,c009303,1.0,2025-03-04 22:10:00.937419
u000729,c008769,1.0,2025-03-09 06:42:01.221704
u000729,c008753,1.0,2025-06-21 20:14:46.725037
u000729,c009045,1.0,2025-08-18 10:23:56.693764
u000729,c008923,1.0,2025-10-23 04:45:50.151625
u000730,c007715,1.0,2024-11-11 02:46:54.267906
u000730,c007487,1.0,2024-11-16 16:37:56.380695
u000730,c009014,1.0,2025-01-27 05:45:47.433945
u000730,c007470,1.0,2025-02-11 12:30:50.187584
u000730,c006215,1.0,2025-03-21 20:55:33.048032
u000730,c008717,1.0,2025-04-04 13:07:01.525058
u000730,c009553,1.0,2025-04-07 17:29:51.082617
u000730,c009526,1.0,2025-04-25 12:52:02.805899
u000730,c008982,1.0,2025-05-22 19:11:26.735167
u000730,c008971,1.0,2025-07-01 21:31:32.461656
u000730,c007192,1.0,2025-08-14 20:44:08.735928
u000730,c007326,1.0,2025-11-04 00:46:50.220075
u000731,c007966,1.0,2024-11-21 01:38:08.376792
u000731,c008286,1.0,2024-12-09 02:48:52.093888
u000731,c007910,1.0,2024-12-15 23:09:19.353601
u000731,c007199,1.0,2025-02-04 18:44:04.623618
u000731,c008709,1.0,2025-03-04 02:53:53.538845
u000731,c007209,1.0,2025-05-27 16:02:15.410711
u000731,c009255,1.0,2025-06-16 05:27:54.383630
u000731,c009214,1.0,2025-06-21 11:11:04.853303
u000731,c008612,1.0,2025-10-01 03:53:32.591356
u000731,c008651,1.0,2025-10-31 12:58:31.269051
u000732,c009272,1.0,2024-12-06 07:18:00.666592
u000732,c008827,1.0,2025-01-04 18:16:46.224438
u000732,c008825,1.0,2025-03-02 20:27:02.635080
u000732,c009002,1.0,2025-03-16 14:27:52.784673
u000732,c008710,1.0,2025-03-29 23:40:53.330933
u000732,c009035,1.0,2025-05-09 14:55:15.956650
u000732,c009293,1.0,2025-06-01 20:33:57.234038
u000732,c008513,1.0,2025-07-12 20:23:33.976866
u000732,c008896,1.0,2025-07-24 17:09:23.411391
u000732,c009413,1.0,2025-08-10 10:09:32.228776
u000732,c006210,1.0,2025-09-27 15:29:16.978766
u000732,c009304,1.0,2025-10-30 02:57:25.905240
u000733,c009644,1.0,2025-03-02 14:34:28.011799
u000733,c009155,1.0,2025-06-09 13:13:38.253436
u000733,c007204,1.0,2025-07-11 05:54:13.218055
u000733,c009246,1.0,2025-08-25 17:51:36.103772
u000733,c008534,1.0,2025-10-09 23:12:13.724985
u000733,c008817,1.0,2025-11-06 17:49:27.858628
u000734,c009064,1.0,2024-11-11 23:05:35.696092
u000734,c008743,1.0,2024-11-21 07:58:03.705982
u000734,c009478,1.0,2024-11-30 05:24:16.735301
u000734,c009544,1.0,2024-12-17 12:51:18.425676
u000734,c009207,1.0,2024-12-18 21:20:54.486692
u000734,c008996,1.0,2024-12-22 05:20:48.036205
u000734,c008970,1.0,2024-12-28 01:50:26.712302
u000734,c008604,1.0,2025-01-19 06:36:39.927948
u000734,c008627,1.0,2025-01-19 16:07:42.232451
u000734,c008532,1.0,2025-02-13 08:25:54.782444
u000734,c008938,1.0,2025-02-15 18:57:14.888177
u000734,c009416,1.0,2025-03-03 11:24:33.497782
u000734,c008693,1.0,2025-05-09 12:50:38.767632
u000734,c008882,1.0,2025-08-21 09:18:37.252317
u000734,c009124,1.0,2025-11-05 12:20:00.164376
u000735,c009532,1.0,2024-11-12 08:32:56.294068
u000735,c009053,1.0,2024-12-11 20:09:19.120673
u000735,c009314,1.0,2025-01-31 22:55:19.004913
u000735,c008843,1.0,2025-05-04 04:02:50.983404
u000735,c008472,1.0,2025-05-05 13:24:01.438661
u000735,c009004,1.0,2025-05-09 03:15:34.834340
u000735,c006054,1.0,2025-05-20 12:08:37.428066
u000735,c008582,1.0,2025-06-20 16:52:14.278903
u000735,c009382,1.0,2025-06-20 18:42:36.292822
u000735,c007406,1.0,2025-06-23 17:04:21.797621
u000735,c009118,1.0,2025-08-06 02:43:08.295360
u000736,c009139,1.0,2024-12-20 03:02:47.820262
u000736,c009210,1.0,2025-03-25 00:23:18.656873
u000736,c008623,1.0,2025-04-16 18:49:57.685637
u000736,c008951,1.0,2025-04-24 18:50:00.796572
u000736,c008539,1.0,2025-05-28 06:54:10.022076
u000736,c007579,1.0,2025-06-24 19:36:42.377103
u000736,c008852,1.0,2025-08-23 08:27:49.108574
u000736,c009212,1.0,2025-10-03 21:53:04.932267
u000737,c009643,1.0,2025-02-10 08:57:45.704050
u000737,c009437,1.0,2025-06-06 18:26:50.443807
u000737,c009275,1.0,2025-10-29 09:37:58.836522
u000738,c009358,1.0,2024-11-30 17:31:42.191617
u000738,c009199,1.0,2025-02-22 06:22:21.538953
u000738,c008702,1.0,2025-03-24 00:30:38.306136
u000738,c008915,1.0,2025-04-07 21:48:22.397263
u000738,c009169,1.0,2025-04-15 16:18:37.443454
u000738,c008565,1.0,2025-05-06 21:04:04.782713
u000738,c009270,1.0,2025-06-14 03:00:10.046519
u000738,c008677,1.0,2025-06-20 13:25:51.044429
u000738,c009210,1.0,2025-07-31 18:07:47.300882
u000738,c006135,1.0,2025-10-18 12:47:54.977163
u000738,c008639,1.0,2025-11-02 10:35:58.057826
u000739,c009364,1.0,2025-02-10 04:27:35.001760
u000739,c009235,1.0,2025-03-18 21:03:48.226964
u000739,c009208,1.0,2025-07-07 01:14:28.026130
u000739,c008541,1.0,2025-08-01 08:03:07.086720
u000739,c000489,1.0,2025-08-17 13:22:07.850670
u000739,c009184,1.0,2025-08-18 21:27:58.702071
u000739,c008512,1.0,2025-08-22 05:39:06.238042
u000739,c009250,1.0,2025-09-04 08:02:17.080945
u000739,c009124,1.0,2025-10-05 03:15:10.383096
u000740,c009321,1.0,2024-12-09 15:21:26.411738
u000740,c008712,1.0,2025-01-07 12:23:09.413218
u000740,c009268,1.0,2025-01-17 20:13:04.096656
u000740,c009475,1.0,2025-04-06 16:00:42.060619
u000740,c008534,1.0,2025-04-14 14:37:11.657476
u000740,c009210,1.0,2025-04-19 09:32:10.773692
u000740,c009245,1.0,2025-05-22 18:37:15.879570
u000740,c008794,1.0,2025-05-23 20:58:25.513041
u000740,c008764,1.0,2025-06-15 20:52:46.237528
u000740,c009141,1.0,2025-07-02 00:11:38.679459
u000740,c008811,1.0,2025-08-07 21:50:00.274479
u000740,c008544,1.0,2025-08-15 11:37:13.832414
u000740,c008777,1.0,2025-08-17 20:52:21.774861
u000740,c006662,1.0,2025-09-22 14:35:45.392852
u000741,c007288,1.0,2024-12-04 20:02:04.808921
u000741,c007295,1.0,2024-12-18 17:17:58.885283
u000741,c007496,1.0,2024-12-29 03:28:29.499273
u000741,c006028,1.0,2025-02-21 18:33:26.411936
u000741,c009212,1.0,2025-03-13 08:10:49.447639
u000741,c008850,1.0,2025-03-14 15:11:27.271914
u000741,c008616,1.0,2025-04-05 19:05:30.613905
u000741,c006347,1.0,2025-05-09 20:26:27.805858
u000741,c007675,1.0,2025-07-03 13:32:32.998019
u000741,c009073,1.0,2025-07-29 11:20:06.237174
u000741,c007946,1.0,2025-08-10 15:22:49.483510
u000741,c006449,1.0,2025-09-20 23:24:32.634037
u000742,c008580,1.0,2024-11-11 05:05:44.212268
u000742,c009327,1.0,2024-11-20 05:08:35.841682
u000742,c008763,1.0,2025-02-02 08:46:36.552529
u000742,c008921,1.0,2025-02-13 00:12:27.756583
u000742,c009029,1.0,2025-04-12 10:01:00.639447
u000742,c009106,1.0,2025-04-13 01:50:20.072637
u000742,c009413,1.0,2025-04-29 15:49:57.818124
u000742,c008610,1.0,2025-05-13 12:07:05.937795
u000742,c008881,1.0,2025-05-19 17:06:16.047261
u000742,c006056,1.0,2025-08-08 04:49:58.377990
u000742,c009335,1.0,2025-08-14 19:24:14.601768
u000742,c008520,1.0,2025-09-02 18:36:27.847591
u000742,c009309,1.0,2025-09-10 19:14:00.255909
u000742,c009321,1.0,2025-10-16 00:38:31.676716
u000743,c009644,1.0,2025-01-08 10:20:04.869845
u000743,c008546,1.0,2025-01-23 06:30:30.370157
u000743,c008817,1.0,2025-01-30 17:14:11.391488
u000743,c009006,1.0,2025-02-03 09:37:41.248265
u000743,c009225,1.0,2025-02-10 22:57:09.934221
u000743,c008579,1.0,2025-03-26 23:24:05.579417
u000743,c008719,1.0,2025-05-18 14:40:34.403208
u000743,c009329,1.0,2025-10-09 18:16:52.369200
u000743,c009588,1.0,2025-11-06 01:19:49.184804
u000744,c006751,1.0,2024-11-07 09:35:10.185835
u000744,c007155,1.0,2024-11-30 18:51:34.131788
u000744,c009363,1.0,2024-12-17 02:42:00.992198
u000744,c009233,1.0,2025-01-24 05:22:39.869767
u000744,c008910,1.0,2025-02-04 14:47:40.074538
u000744,c008610,1.0,2025-04-23 04:27:03.324897
u000744,c009243,1.0,2025-05-21 23:00:34.567757
u000744,c008808,1.0,2025-05-23 19:23:53.053388
u000744,c008760,1.0,2025-06-17 11:40:13.913172
u000744,c009151,1.0,2025-06-26 00:01:43.332630
u000744,c006027,1.0,2025-07-19 19:26:55.519625
u000744,c009043,1.0,2025-07-20 17:24:17.194124
u000744,c006031,1.0,2025-08-21 22:04:07.645110
u000744,c009025,1.0,2025-08-28 12:18:05.250086
u000744,c006470,1.0,2025-10-12 21:12:05.155982
u000745,c009040,1.0,2024-12-23 10:26:27.752699
u000745,c008727,1.0,2025-01-27 03:55:34.940605
u000745,c008971,1.0,2025-03-06 01:17:17.934359
u000745,c009212,1.0,2025-03-21 22:00:02.034465
u000745,c009564,1.0,2025-04-05 02:40:27.162843
u000745,c008982,1.0,2025-04-08 09:14:02.303207
u000745,c008572,1.0,2025-04-26 20:20:59.130885
u000745,c009375,1.0,2025-05-07 18:20:10.627471
u000745,c008564,1.0,2025-05-15 17:43:19.076791
u000746,c009569,1.0,2025-05-06 00:55:10.696207
u000746,c009488,1.0,2025-08-11 04:43:28.660903
u000746,c009319,1.0,2025-10-29 17:43:06.268349
u000747,c007367,1.0,2025-02-18 02:12:45.350069
u000747,c007231,1.0,2025-02-28 16:03:22.946921
u000747,c007664,1.0,2025-03-07 18:58:12.398457
u000747,c007449,1.0,2025-04-16 00:41:44.421791
u000747,c007873,1.0,2025-05-05 23:23:43.581980
u000747,c007460,1.0,2025-08-25 04:58:18.984288
u000747,c007686,1.0,2025-10-16 01:57:15.558453
u000748,c009454,1.0,2025-05-04 15:15:23.653774
u000748,c008050,1.0,2025-05-31 22:50:09.358872
u000748,c009442,1.0,2025-09-05 09:59:40.049457
u000748,c009415,1.0,2025-10-24 00:56:37.572027
u000749,c009267,1.0,2025-01-13 17:01:21.854977
u000749,c008772,1.0,2025-03-08 21:14:48.371516
u000749,c008754,1.0,2025-04-10 14:31:45.318814
u000749,c009362,1.0,2025-04-12 06:27:37.336002
u000749,c009580,1.0,2025-05-04 18:03:21.906842
u000749,c006077,1.0,2025-06-16 06:31:11.163320
u000749,c008497,1.0,2025-06-28 10:26:58.634009
u000749,c009187,1.0,2025-06-30 10:40:45.325102
u000749,c008686,1.0,2025-07-28 03:22:58.478242
u000749,c009138,1.0,2025-08-18 14:20:02.332247
u000749,c008845,1.0,2025-08-22 16:35:36.774008
u000749,c009188,1.0,2025-09-13 01:39:17.251951
u000749,c008835,1.0,2025-10-17 06:10:40.073258
u000750,c002833,1.0,2024-12-04 02:36:43.854405
u000750,c009197,1.0,2024-12-18 05:27:09.398048
u000750,c006347,1.0,2025-01-04 22:39:40.723368
u000750,c006138,1.0,2025-03-04 11:31:43.862311
u000750,c008680,1.0,2025-03-08 13:53:32.700001
u000750,c009393,1.0,2025-04-11 03:31:58.427515
u000750,c009041,1.0,2025-05-25 11:38:52.121819
u000750,c006863,1.0,2025-05-28 09:42:30.980894
u000750,c006953,1.0,2025-06-27 23:23:44.895015
u000750,c006550,1.0,2025-06-28 18:07:16.189186
u000750,c009272,1.0,2025-07-28 19:01:38.897903
u000750,c009440,1.0,2025-08-28 09:24:14.882182
u000750,c006046,1.0,2025-09-16 08:31:44.183503
u000750,c007016,1.0,2025-11-03 02:21:20.644340
u000751,c009210,1.0,2025-04-20 20:32:54.468212
u000751,c009212,1.0,2025-07-29 16:26:45.699900
u000751,c008681,1.0,2025-10-03 09:41:25.638161
u000752,c008628,1.0,2024-12-08 12:19:00.148155
u000752,c006120,1.0,2025-01-26 21:59:56.619556
u000752,c007394,1.0,2025-03-04 10:43:40.926325
u000752,c008528,1.0,2025-04-04 06:28:38.705974
u000752,c006209,1.0,2025-06-05 12:13:13.953088
u000752,c009258,1.0,2025-06-06 23:53:53.893857
u000752,c009238,1.0,2025-06-09 04:07:16.598678
u000752,c009462,1.0,2025-07-04 13:27:44.796701
u000752,c006842,1.0,2025-08-16 16:56:07.945356
u000752,c009226,1.0,2025-08-21 07:46:48.814916
u000752,c009186,1.0,2025-08-28 13:32:11.200812
u000752,c008829,1.0,2025-09-30 14:30:31.358244
u000752,c007192,1.0,2025-10-20 19:26:29.620335
u000752,c008683,1.0,2025-10-22 22:23:44.261927
u000752,c009091,1.0,2025-11-02 11:44:14.022110
u000753,c008670,1.0,2024-12-13 01:15:13.795951
u000753,c008682,1.0,2024-12-20 00:38:29.038764
u000753,c008691,1.0,2025-01-18 10:10:05.135371
u000753,c009569,1.0,2025-02-02 02:33:55.945914
u000753,c006484,1.0,2025-03-18 12:33:26.139487
u000753,c009091,1.0,2025-03-26 05:22:55.338257
u000753,c007657,1.0,2025-06-13 23:47:51.100418
u000753,c006859,1.0,2025-06-30 19:08:17.958443
u000753,c006022,1.0,2025-08-16 01:44:28.185222
u000753,c009126,1.0,2025-08-31 15:48:28.810357
u000753,c009338,1.0,2025-09-12 04:40:11.921316
u000753,c007191,1.0,2025-09-19 09:26:01.840379
u000753,c009226,1.0,2025-10-08 05:26:36.494651
u000753,c008628,1.0,2025-10-10 05:31:11.420011
u000754,c006819,1.0,2025-02-07 21:05:34.842538
u000754,c006652,1.0,2025-06-12 11:02:31.346239
u000754,c006342,1.0,2025-06-24 23:45:04.435756
u000754,c006865,1.0,2025-07-27 20:36:05.111346
u000755,c008477,1.0,2025-02-19 00:23:53.460654
u000755,c008711,1.0,2025-04-13 15:22:25.278494
u000755,c008639,1.0,2025-04-22 21:45:29.438679
u000755,c009558,1.0,2025-07-03 06:42:55.212465
u000755,c009080,1.0,2025-08-12 18:38:19.860668
u000755,c008808,1.0,2025-08-14 10:33:16.363155
u000755,c008968,1.0,2025-08-16 01:21:00.108884
u000755,c009270,1.0,2025-08-20 08:37:01.653964
u000755,c007840,1.0,2025-09-10 08:29:28.906390
u000755,c007194,1.0,2025-09-26 04:56:24.111805
u000755,c008872,1.0,2025-09-28 06:16:20.649335
u000755,c007367,1.0,2025-10-18 23:23:22.683230
u000755,c007686,1.0,2025-11-02 06:32:36.053268
u000756,c009290,1.0,2024-11-21 09:58:37.051442
u000756,c009644,1.0,2024-11-27 13:18:25.050539
u000756,c008629,1.0,2025-02-28 08:21:10.053240
u000756,c009382,1.0,2025-07-29 11:06:46.386910
u000757,c007091,1.0,2024-12-15 06:47:28.585011
u000757,c006254,1.0,2025-01-25 08:10:12.299779
u000757,c006558,1.0,2025-03-08 06:08:59.949809
u000757,c006421,1.0,2025-06-20 16:13:59.818420
u000757,c006035,1.0,2025-07-09 14:13:55.597873
u000757,c006726,1.0,2025-08-03 13:16:27.941972
u000757,c006450,1.0,2025-09-03 07:50:29.257187
u000758,c008829,1.0,2025-02-09 11:44:00.932572
u000758,c009578,1.0,2025-02-17 01:27:12.686724
u000758,c008617,1.0,2025-05-01 04:55:45.525492
u000758,c009261,1.0,2025-08-11 02:49:12.366451
u000759,c009644,1.0,2024-11-17 04:46:35.944910
u000759,c008759,1.0,2025-03-13 02:44:55.393020
u000759,c008961,1.0,2025-03-31 20:07:48.464393
u000759,c008885,1.0,2025-04-07 17:57:59.407892
u000759,c009281,1.0,2025-04-29 10:50:25.237932
u000759,c008777,1.0,2025-05-15 06:08:39.523461
u000760,c008971,1.0,2024-11-14 11:07:07.124270
u000760,c009415,1.0,2024-12-10 04:30:34.095252
u000760,c009357,1.0,2024-12-30 04:13:34.688519
u000760,c009289,1.0,2025-03-10 07:43:15.778653
u000760,c009564,1.0,2025-04-29 06:45:08.833848
u000760,c008506,1.0,2025-06-30 18:07:08.087336
u000760,c009087,1.0,2025-08-17 07:10:12.185766
u000760,c008871,1.0,2025-10-09 06:30:18.815469
u000760,c009559,1.0,2025-10-14 02:00:19.283218
u000761,c009539,1.0,2024-12-22 05:26:40.364619
u000761,c008742,1.0,2025-01-01 18:15:10.116116
u000761,c006260,1.0,2025-01-09 20:19:01.229277
u000761,c009299,1.0,2025-02-15 21:44:35.938365
u000761,c008541,1.0,2025-04-23 09:42:49.359579
u000761,c009077,1.0,2025-04-24 06:06:40.744911
u000761,c006111,1.0,2025-06-12 08:30:03.883369
u000761,c008965,1.0,2025-06-15 11:25:32.799416
u000761,c009190,1.0,2025-06-24 12:34:03.783527
u000761,c008935,1.0,2025-09-04 18:21:00.982227
u000761,c008581,1.0,2025-09-12 13:53:00.053230
u000761,c009620,1.0,2025-10-27 04:18:12.411692
u000762,c009184,1.0,2025-01-04 15:36:46.710516
u000762,c007686,1.0,2025-01-30 00:23:09.440651
u000762,c006385,1.0,2025-02-05 00:05:58.281724
u000762,c006481,1.0,2025-04-09 19:20:02.784921
u000762,c008998,1.0,2025-05-04 04:27:15.299660
u000762,c008805,1.0,2025-05-07 05:38:39.847825
u000762,c002886,1.0,2025-05-20 02:24:19.838467
u000762,c008664,1.0,2025-06-08 20:25:39.170933
u000762,c009262,1.0,2025-08-01 03:45:40.742398
u000762,c009415,1.0,2025-08-11 18:19:45.500817
u000762,c007373,1.0,2025-08-31 10:09:16.926632
u000762,c008707,1.0,2025-09-16 14:23:24.680921
u000763,c007762,1.0,2024-11-10 22:10:21.271824
u000763,c008808,1.0,2025-02-03 04:15:36.076184
u000763,c007210,1.0,2025-02-18 19:44:11.853187
u000763,c007367,1.0,2025-04-05 22:35:57.763586
u000763,c009135,1.0,2025-09-13 01:13:33.554452
u000763,c007274,1.0,2025-09-30 11:27:02.841072
u000763,c007454,1.0,2025-10-21 05:44:19.753926
u000763,c009200,1.0,2025-10-24 02:57:43.120734
u000764,c009285,1.0,2024-11-29 11:57:38.420789
u000764,c006387,1.0,2024-12-04 00:31:07.809128
u000764,c009324,1.0,2025-01-23 03:50:06.374536
u000764,c008586,1.0,2025-02-06 08:47:12.352780
u000764,c005995,1.0,2025-03-03 23:57:54.260910
u000764,c008847,1.0,2025-03-12 06:33:47.975381
u000764,c006464,1.0,2025-03-16 17:24:13.021994
u000764,c006678,1.0,2025-04-03 14:10:42.048815
u000764,c008561,1.0,2025-04-06 23:09:51.837373
u000764,c008675,1.0,2025-04-12 22:47:00.699864
u000764,c008728,1.0,2025-06-03 12:40:52.858298
u000764,c008870,1.0,2025-08-15 14:50:51.696580
u000764,c008572,1.0,2025-10-14 22:19:40.630718
u000764,c008669,1.0,2025-10-30 17:28:04.224272
u000764,c008893,1.0,2025-11-03 21:57:51.788776
u000765,c008763,1.0,2024-11-27 02:14:10.934660
u000765,c007014,1.0,2024-12-19 05:56:17.714785
u000765,c009034,1.0,2025-01-19 16:28:21.596809
u000765,c009227,1.0,2025-03-10 17:32:22.925134
u000765,c006796,1.0,2025-05-07 16:40:39.221706
u000765,c008707,1.0,2025-05-11 00:01:11.393417
u000765,c007015,1.0,2025-05-25 03:41:06.507877
u000765,c008588,1.0,2025-06-30 16:02:26.677842
u000765,c005992,1.0,2025-08-05 11:18:25.541889
u000765,c006812,1.0,2025-08-17 15:12:27.514388
u000765,c006111,1.0,2025-08-24 12:41:56.775686
u000765,c009609,1.0,2025-08-26 03:34:27.898662
u000765,c009405,1.0,2025-09-21 06:46:43.314666
u000766,c008531,1.0,2024-11-15 18:47:50.686194
u000766,c009160,1.0,2024-12-23 09:28:08.105685
u000766,c008930,1.0,2025-01-28 23:38:31.092794
u000766,c008808,1.0,2025-02-13 23:05:08.191260
u000766,c008921,1.0,2025-05-26 21:21:23.161636
u000766,c009321,1.0,2025-07-12 12:00:31.534353
u000766,c009466,1.0,2025-08-03 04:47:07.295612
u000766,c009413,1.0,2025-08-09 08:22:40.409149
u000766,c009127,1.0,2025-10-03 07:49:09.144598
u000766,c009629,1.0,2025-11-02 16:12:16.291649
u000767,c009164,1.0,2025-01-01 14:47:25.124713
u000767,c008966,1.0,2025-01-16 20:19:31.796370
u000767,c008651,1.0,2025-03-15 09:43:11.325281
u000767,c009542,1.0,2025-07-15 08:20:38.248647
u000767,c008582,1.0,2025-08-03 21:41:42.798872
u000767,c008615,1.0,2025-08-22 05:07:19.911579
u000767,c009103,1.0,2025-08-25 13:43:56.745378
u000767,c008495,1.0,2025-10-02 15:48:19.756368
u000767,c009260,1.0,2025-10-14 02:36:29.771324
u000768,c009462,1.0,2024-12-23 06:48:24.706549
u000768,c007398,1.0,2025-01-02 08:47:20.239527
u000768,c008481,1.0,2025-01-13 21:29:39.651829
u000768,c008628,1.0,2025-01-24 08:21:09.923619
u000768,c009312,1.0,2025-04-24 01:38:44.538592
u000768,c009392,1.0,2025-04-30 08:08:33.258490
u000768,c009322,1.0,2025-08-09 02:07:20.562121
u000768,c009155,1.0,2025-08-26 00:52:21.091625
u000768,c008691,1.0,2025-10-06 09:43:56.704302
u000769,c009326,1.0,2024-11-25 14:17:07.812170
u000769,c008919,1.0,2024-12-26 01:48:30.463493
u000769,c008917,1.0,2025-05-06 20:16:29.387942
u000770,c009321,1.0,2024-11-11 09:02:20.251879
u000770,c009089,1.0,2024-11-20 09:07:14.928426
u000770,c008760,1.0,2024-12-31 20:01:11.790877
u000770,c008750,1.0,2025-01-17 09:28:21.566627
u000770,c007646,1.0,2025-05-19 16:37:21.904618
u000770,c009475,1.0,2025-05-28 13:57:52.773406
u000770,c008477,1.0,2025-06-13 21:32:41.565258
u000770,c008543,1.0,2025-08-27 22:09:21.610123
u000771,c009136,1.0,2024-11-16 06:18:59.822208
u000771,c009435,1.0,2024-12-07 03:02:15.895494
u000771,c008484,1.0,2024-12-26 16:42:43.328962
u000771,c009210,1.0,2025-01-06 18:07:54.467478
u000771,c009548,1.0,2025-01-11 09:20:24.070232
u000771,c008787,1.0,2025-01-18 11:26:05.394947
u000771,c008682,1.0,2025-03-10 05:26:16.275423
u000771,c008736,1.0,2025-04-12 02:48:46.436071
u000771,c008763,1.0,2025-04-12 09:10:52.883774
u000771,c009131,1.0,2025-07-31 01:56:08.307217
u000771,c008681,1.0,2025-08-31 17:50:46.587069
u000772,c007649,1.0,2025-01-24 16:05:24.458006
u000772,c007457,1.0,2025-01-25 04:50:00.607942
u000772,c007364,1.0,2025-04-17 21:44:12.159890
u000772,c007570,1.0,2025-04-28 13:00:58.277176
u000772,c008533,1.0,2025-04-30 04:41:33.897009
u000772,c007778,1.0,2025-06-20 04:05:47.074550
u000772,c007333,1.0,2025-06-25 21:27:28.525638
u000772,c009206,1.0,2025-07-08 23:39:37.347791
u000772,c007481,1.0,2025-07-10 01:45:59.569635
u000772,c007331,1.0,2025-09-24 17:06:10.343136
u000772,c007682,1.0,2025-10-16 08:26:10.111974
u000773,c008971,1.0,2025-03-18 10:52:00.530721
u000773,c008916,1.0,2025-04-08 04:59:26.547452
u000773,c009477,1.0,2025-04-12 12:15:22.576450
u000773,c008480,1.0,2025-05-04 09:17:46.268458
u000773,c008727,1.0,2025-06-10 21:00:44.175803
u000773,c008699,1.0,2025-08-18 10:35:06.844094
u000773,c008639,1.0,2025-09-20 05:42:51.439182
u000774,c008163,1.0,2024-12-20 05:36:30.725483
u000774,c008843,1.0,2025-01-02 18:04:25.841960
u000774,c008628,1.0,2025-01-25 17:38:30.847878
u000774,c009389,1.0,2025-04-05 18:00:08.083430
u000774,c009184,1.0,2025-04-27 11:50:10.389855
u000774,c009299,1.0,2025-04-29 06:10:40.370803
u000774,c009055,1.0,2025-06-16 00:00:09.396129
u000774,c009530,1.0,2025-07-16 12:14:04.916784
u000774,c009212,1.0,2025-07-28 03:49:22.841970
u000774,c006528,1.0,2025-08-03 02:07:54.513673
u000774,c008919,1.0,2025-09-10 15:22:04.699789
u000774,c008495,1.0,2025-09-23 11:24:57.203536
u000774,c008985,1.0,2025-09-26 04:29:20.772552
u000775,c006198,1.0,2024-11-21 12:29:35.630737
u000775,c008930,1.0,2024-11-28 14:27:02.774903
u000775,c007999,1.0,2025-01-06 16:03:15.587872
u000775,c009570,1.0,2025-05-01 19:38:20.410847
u000775,c008595,1.0,2025-05-14 03:02:34.057299
u000775,c006564,1.0,2025-06-22 16:29:18.253147
u000775,c006484,1.0,2025-07-31 17:18:52.369544
u000775,c008717,1.0,2025-08-21 14:38:11.054944
u000775,c009213,1.0,2025-08-25 07:01:03.933773
u000775,c008340,1.0,2025-09-01 04:00:46.102620
u000775,c009212,1.0,2025-10-11 21:15:00.021772
u000776,c008070,1.0,2024-12-07 05:47:56.186503
u000776,c008347,1.0,2025-02-21 14:10:42.688635
u000776,c009254,1.0,2025-04-10 05:53:22.593661
u000776,c007841,1.0,2025-06-17 18:02:00.972351
u000776,c007979,1.0,2025-08-23 19:28:40.365513
u000776,c009236,1.0,2025-10-05 22:05:12.716345
u000777,c007618,1.0,2024-11-07 09:41:58.960878
u000777,c006029,1.0,2024-12-20 02:19:04.674003
u000777,c008091,1.0,2025-01-31 04:35:45.639011
u000777,c007792,1.0,2025-01-31 21:39:34.212868
u000777,c008710,1.0,2025-02-23 22:52:33.921717
u000777,c008053,1.0,2025-03-04 23:56:30.594217
u000777,c008513,1.0,2025-07-11 05:14:18.626543
u000777,c008589,1.0,2025-09-09 21:04:58.488324
u000777,c009475,1.0,2025-09-14 06:23:04.011573
u000778,c006734,1.0,2024-11-07 00:32:31.709201
u000778,c006051,1.0,2024-11-10 00:03:12.177709
u000778,c008487,1.0,2024-12-03 23:48:46.659614
u000778,c006499,1.0,2024-12-27 09:29:12.771055
u000778,c008838,1.0,2025-01-23 04:40:12.402036
u000778,c007966,1.0,2025-01-28 10:03:42.999055
u000778,c006821,1.0,2025-02-18 02:17:18.173075
u000778,c006999,1.0,2025-04-21 11:25:04.024745
u000778,c009097,1.0,2025-06-21 18:35:07.291503
u000778,c006125,1.0,2025-07-07 03:20:18.960847
u000778,c008503,1.0,2025-07-12 15:00:56.100493
u000778,c006240,1.0,2025-10-03 08:02:34.138906
u000779,c006268,1.0,2024-12-19 05:55:04.802466
u000779,c007336,1.0,2024-12-27 20:31:10.335742
u000779,c006041,1.0,2025-01-02 15:00:14.333211
u000779,c007249,1.0,2025-03-01 02:49:49.189776
u000779,c007167,1.0,2025-04-02 22:42:12.020830
u000779,c006429,1.0,2025-04-18 08:16:51.866358
u000779,c006317,1.0,2025-05-17 10:54:42.074496
u000779,c006685,1.0,2025-06-03 00:00:17.381581
u000779,c006106,1.0,2025-06-19 19:19:46.796149
u000779,c006297,1.0,2025-06-20 11:49:07.251507
u000779,c006723,1.0,2025-07-06 21:35:26.914219
u000779,c009211,1.0,2025-08-10 08:22:42.486320
u000779,c007030,1.0,2025-09-16 09:03:33.794044
u000779,c006344,1.0,2025-10-10 05:05:25.614478
u000780,c007785,1.0,2024-11-30 08:50:59.211296
u000780,c008790,1.0,2025-01-06 05:37:02.766858
u000780,c009435,1.0,2025-01-09 05:54:44.546178
u000780,c008736,1.0,2025-01-25 04:24:55.605279
u000780,c008758,1.0,2025-01-27 00:49:01.040644
u000780,c009389,1.0,2025-02-18 22:46:02.400687
u000780,c009178,1.0,2025-03-12 03:34:09.597071
u000780,c009210,1.0,2025-04-03 10:50:18.658830
u000780,c009212,1.0,2025-05-08 04:15:31.272126
u000780,c008717,1.0,2025-09-04 21:50:24.249683
u000780,c008677,1.0,2025-10-07 08:23:58.960227
u000781,c009184,1.0,2024-12-17 00:27:38.863581
u000781,c009510,1.0,2025-01-18 16:47:19.582555
u000781,c008594,1.0,2025-02-22 00:17:25.032867
u000781,c008540,1.0,2025-03-20 12:47:01.369076
u000781,c008720,1.0,2025-07-28 01:00:58.409363
u000782,c009216,1.0,2024-12-09 13:59:47.348019
u000782,c007449,1.0,2024-12-19 12:48:36.627030
u000782,c009061,1.0,2025-04-30 21:55:37.578267
u000783,c009268,1.0,2025-01-27 21:26:10.273682
u000783,c008820,1.0,2025-03-04 02:26:19.470149
u000783,c009063,1.0,2025-03-07 10:41:57.891648
u000783,c006171,1.0,2025-03-15 15:20:16.449255
u000783,c007888,1.0,2025-04-06 05:48:18.579471
u000783,c009337,1.0,2025-04-24 04:47:35.182844
u000783,c008478,1.0,2025-05-22 20:23:23.582910
u000783,c008628,1.0,2025-05-24 07:52:18.273704
u000783,c009020,1.0,2025-05-27 15:02:46.523025
u000783,c008947,1.0,2025-07-12 01:12:06.942851
u000783,c008472,1.0,2025-07-13 04:43:21.098889
u000784,c007624,1.0,2024-12-02 01:21:28.808597
u000784,c006969,1.0,2024-12-19 20:52:59.727261
u000784,c007471,1.0,2024-12-25 01:06:01.361730
u000784,c007483,1.0,2025-02-15 22:41:28.077327
u000784,c007168,1.0,2025-02-17 12:22:10.488549
u000784,c006494,1.0,2025-02-17 12:42:01.468070
u000784,c009012,1.0,2025-04-05 14:38:23.046695
u000784,c006158,1.0,2025-04-09 18:45:39.884390
u000784,c009250,1.0,2025-04-29 01:59:58.186086
u000784,c009097,1.0,2025-06-12 23:33:55.404312
u000784,c006627,1.0,2025-06-27 23:32:39.276489
u000784,c009268,1.0,2025-09-26 22:43:06.799265
u000785,c008800,1.0,2024-11-21 10:38:33.070848
u000785,c008833,1.0,2024-12-15 09:02:55.511087
u000785,c009126,1.0,2025-01-06 15:15:09.937155
u000785,c008906,1.0,2025-01-17 01:26:37.739811
u000785,c009020,1.0,2025-01-30 05:53:37.368375
u000785,c009515,1.0,2025-04-09 18:25:45.169668
u000785,c008963,1.0,2025-04-13 19:44:42.746572
u000785,c009228,1.0,2025-04-27 04:42:19.224815
u000785,c009232,1.0,2025-06-16 03:07:36.078651
u000785,c009230,1.0,2025-08-07 01:15:21.151495
u000785,c009446,1.0,2025-08-28 20:27:01.805731
u000785,c009203,1.0,2025-08-31 23:53:37.879738
u000785,c008628,1.0,2025-09-18 23:39:45.335260
u000785,c009398,1.0,2025-09-20 13:29:27.371778
u000786,c009158,1.0,2025-04-08 03:21:10.071726
u000786,c009199,1.0,2025-09-08 09:33:33.524159
u000786,c008808,1.0,2025-09-14 00:30:23.613434
u000787,c009303,1.0,2024-11-07 23:29:00.328670
u000787,c009261,1.0,2024-11-12 06:25:40.454962
u000787,c008769,1.0,2024-12-12 12:53:25.580771
u000787,c008486,1.0,2024-12-23 17:09:52.368317
u000787,c008604,1.0,2025-02-06 06:01:20.121029
u000787,c008927,1.0,2025-04-30 17:36:41.356574
u000787,c009478,1.0,2025-06-28 23:47:18.115757
u000787,c009184,1.0,2025-09-16 15:18:18.591469
u000787,c006562,1.0,2025-11-04 06:23:58.926624
u000788,c008873,1.0,2025-01-03 06:01:10.860362
u000788,c008923,1.0,2025-04-03 04:58:13.123626
u000788,c008872,1.0,2025-05-06 13:31:52.060124
u000788,c008837,1.0,2025-06-28 09:35:09.205075
u000788,c008968,1.0,2025-07-21 21:07:07.882846
u000789,c008496,1.0,2024-12-21 09:09:38.474535
u000789,c008648,1.0,2025-01-28 09:07:04.235892
u000789,c008557,1.0,2025-06-10 12:52:39.087567
u000789,c008998,1.0,2025-07-30 08:46:35.842112
u000790,c008650,1.0,2024-11-28 22:29:12.157551
u000790,c009185,1.0,2025-01-04 05:50:41.807510
u000790,c008594,1.0,2025-01-09 05:02:48.224472
u000790,c009162,1.0,2025-01-20 01:10:26.111147
u000790,c008540,1.0,2025-02-11 06:02:45.104615
u000790,c008808,1.0,2025-03-26 11:46:16.978022
u000790,c009184,1.0,2025-04-27 02:11:32.612071
u000790,c008545,1.0,2025-06-08 04:53:40.198940
u000790,c009235,1.0,2025-06-14 13:14:58.223524
u000790,c009498,1.0,2025-06-29 15:04:59.745495
u000790,c008575,1.0,2025-07-28 14:20:32.746561
u000790,c009124,1.0,2025-08-12 22:35:15.696557
u000790,c009002,1.0,2025-11-02 03:18:42.126339
u000791,c007966,1.0,2024-11-18 14:28:59.931035
u000791,c009164,1.0,2024-11-24 07:27:55.861804
u000791,c008769,1.0,2025-05-14 08:57:39.618603
u000791,c008602,1.0,2025-06-09 19:59:21.591917
u000791,c009568,1.0,2025-06-15 01:02:01.747900
u000791,c009096,1.0,2025-08-10 17:01:22.414302
u000791,c009047,1.0,2025-08-14 21:50:22.300089
u000791,c006029,1.0,2025-09-21 20:41:09.943057
u000792,c009032,1.0,2024-11-13 05:04:05.095986
u000792,c009490,1.0,2024-11-17 00:43:55.491735
u000792,c008961,1.0,2024-12-06 07:40:21.100626
u000792,c008910,1.0,2025-01-15 16:57:30.160739
u000792,c008553,1.0,2025-03-18 05:50:21.888839
u000792,c009222,1.0,2025-03-29 09:09:20.180131
u000792,c009164,1.0,2025-04-27 16:05:08.904453
u000792,c008680,1.0,2025-05-07 00:30:05.030840
u000792,c008885,1.0,2025-05-24 19:08:13.922003
u000792,c008733,1.0,2025-05-28 22:08:54.765098
u000792,c008501,1.0,2025-06-29 23:14:42.689764
u000792,c006034,1.0,2025-07-01 00:06:19.896796
u000792,c008721,1.0,2025-08-18 07:58:02.812079
u000792,c008976,1.0,2025-10-09 10:33:23.159720
u000793,c008749,1.0,2024-11-10 23:51:58.342092
u000793,c008704,1.0,2025-04-18 23:27:17.788949
u000793,c009162,1.0,2025-04-27 15:16:44.940601
u000793,c008628,1.0,2025-06-13 21:07:34.618311
u000793,c000596,1.0,2025-07-21 14:55:26.814887
u000793,c008575,1.0,2025-08-14 03:14:03.675991
u000794,c006009,1.0,2025-03-27 20:48:10.485169
u000794,c006160,1.0,2025-04-02 22:00:33.511860
u000794,c006683,1.0,2025-04-19 07:24:14.563593
u000794,c006525,1.0,2025-05-09 11:50:25.702930
u000794,c006122,1.0,2025-09-01 12:30:31.859040
u000794,c006777,1.0,2025-09-12 17:58:38.853595
u000794,c007969,1.0,2025-10-22 03:11:11.090879
u000794,c006216,1.0,2025-11-04 07:45:16.698974
u000795,c007967,1.0,2024-11-15 00:12:51.642501
u000795,c008347,1.0,2024-12-28 02:00:05.781237
u000795,c008376,1.0,2025-01-02 17:27:27.642206
u000795,c007947,1.0,2025-04-10 12:14:19.291696
u000795,c009085,1.0,2025-04-23 22:20:05.382441
u000795,c008030,1.0,2025-05-01 18:09:22.019820
u000795,c009163,1.0,2025-05-16 05:11:13.750954
u000795,c007966,1.0,2025-07-06 19:25:22.566007
u000795,c007883,1.0,2025-07-11 11:50:02.270954
u000795,c009375,1.0,2025-07-13 14:59:15.006942
u000795,c008395,1.0,2025-07-23 06:46:36.204709
u000795,c008252,1.0,2025-08-02 20:07:14.630336
u000795,c008627,1.0,2025-08-04 17:47:05.267696
u000795,c008397,1.0,2025-09-22 23:48:38.086582
u000795,c008014,1.0,2025-10-15 05:47:34.598962
u000796,c007984,1.0,2025-01-08 12:13:38.325203
u000796,c008397,1.0,2025-02-01 10:44:55.923804
u000796,c008722,1.0,2025-02-12 08:02:07.469673
u000796,c008030,1.0,2025-03-26 03:03:01.320670
u000796,c009199,1.0,2025-05-02 01:42:13.331194
u000796,c008872,1.0,2025-05-06 23:02:59.141178
u000796,c006217,1.0,2025-05-19 23:18:32.177213
u000796,c008639,1.0,2025-07-23 18:14:24.878112
u000796,c007811,1.0,2025-10-14 10:50:32.855352
u000796,c008347,1.0,2025-10-22 22:10:54.789104
u000797,c007246,1.0,2025-01-28 03:43:00.844324
u000797,c007644,1.0,2025-03-05 17:33:31.523396
u000797,c002313,1.0,2025-03-17 16:00:40.330393
u000797,c009367,1.0,2025-04-06 03:33:15.317587
u000797,c006484,1.0,2025-04-18 18:13:03.076945
u000797,c006301,1.0,2025-05-18 17:15:11.617216
u000797,c006022,1.0,2025-05-31 07:15:50.417814
u000797,c007046,1.0,2025-08-07 11:27:46.800488
u000797,c009012,1.0,2025-09-01 05:23:06.589708
u000797,c007454,1.0,2025-09-22 10:50:01.138659
u000797,c006460,1.0,2025-10-03 05:28:52.223236
u000798,c008631,1.0,2024-11-12 03:43:38.798948
u000798,c008495,1.0,2024-12-08 18:58:20.443933
u000798,c009168,1.0,2025-02-07 05:34:46.431365
u000798,c008525,1.0,2025-05-11 19:22:46.685473
u000799,c006435,1.0,2025-01-12 05:11:07.609658
u000799,c008858,1.0,2025-03-01 04:58:31.202385
u000799,c009247,1.0,2025-04-20 04:48:23.412529
u000799,c009328,1.0,2025-04-28 09:51:14.229288
u000799,c009012,1.0,2025-05-02 04:28:31.746524
u000799,c008759,1.0,2025-05-05 11:53:25.654477
u000799,c008982,1.0,2025-05-14 15:14:12.167615
u000799,c009354,1.0,2025-06-27 11:21:49.957508
u000799,c008978,1.0,2025-07-05 23:17:12.993446
u000799,c007366,1.0,2025-07-08 01:50:38.030357
u000799,c009653,1.0,2025-07-09 15:33:09.432415
u000799,c009132,1.0,2025-07-30 21:51:19.412812
u000799,c008713,1.0,2025-09-25 10:02:58.285157
u000799,c009272,1.0,2025-10-09 00:35:18.975836
u000799,c007967,1.0,2025-10-24 07:05:57.688043
u000800,c009135,1.0,2024-11-17 14:05:59.773284
u000800,c009050,1.0,2024-12-17 10:22:57.819756
u000800,c008760,1.0,2025-03-10 01:37:59.383470
u000800,c008634,1.0,2025-03-22 08:39:48.591189
u000800,c009090,1.0,2025-03-27 09:16:40.131095
u000800,c009558,1.0,2025-04-22 19:03:43.896700
u000800,c009642,1.0,2025-06-26 13:44:59.705761
u000800,c009274,1.0,2025-07-27 04:44:54.611030
u000800,c009130,1.0,2025-08-09 23:26:01.227107
u000800,c009026,1.0,2025-09-06 00:25:55.293192
u000800,c008832,1.0,2025-09-15 13:39:31.159419
u000800,c009286,1.0,2025-10-17 20:09:01.910867
u000800,c008753,1.0,2025-10-19 09:12:35.009344
u000801,c009354,1.0,2024-11-30 12:29:41.037839
u000801,c009442,1.0,2024-12-05 06:30:44.238805
u000801,c009457,1.0,2025-01-18 18:04:14.741880
u000801,c009012,1.0,2025-02-01 08:37:16.542499
u000801,c008493,1.0,2025-03-06 19:18:10.280730
u000801,c009272,1.0,2025-05-16 14:56:36.009295
u000801,c009051,1.0,2025-08-30 15:16:56.400250
u000802,c006469,1.0,2024-12-01 01:19:04.246613
u000802,c006420,1.0,2024-12-26 17:32:57.718220
u000802,c006812,1.0,2025-03-17 17:55:50.416420
u000802,c006396,1.0,2025-03-26 11:00:59.528378
u000802,c006430,1.0,2025-05-21 01:50:42.280813
u000802,c006231,1.0,2025-08-01 04:40:21.171344
u000802,c006796,1.0,2025-10-03 10:43:31.554578
u000802,c006168,1.0,2025-10-06 08:41:29.334422
u000803,c009041,1.0,2024-11-07 09:13:20.552148
u000803,c007225,1.0,2024-11-23 06:45:24.803250
u000803,c007231,1.0,2024-12-01 20:33:19.137406
u000803,c007449,1.0,2025-03-09 21:11:00.024149
u000803,c008924,1.0,2025-03-11 20:15:07.172340
u000803,c007367,1.0,2025-05-07 00:26:48.973471
u000803,c007203,1.0,2025-05-19 01:27:54.392567
u000803,c008559,1.0,2025-07-15 12:24:17.819668
u000804,c007307,1.0,2024-11-13 13:26:34.973688
u000804,c007363,1.0,2024-11-25 18:27:12.245760
u000804,c007207,1.0,2025-01-04 13:18:26.240277
u000804,c007434,1.0,2025-03-16 21:52:00.402928
u000804,c007518,1.0,2025-04-03 21:29:51.293724
u000804,c007379,1.0,2025-04-18 07:54:45.370043
u000804,c007387,1.0,2025-05-04 21:18:09.262570
u000804,c009270,1.0,2025-05-10 05:47:19.492783
u000804,c009214,1.0,2025-05-24 18:46:59.810845
u000805,c006663,1.0,2024-11-12 00:45:15.587141
u000805,c006833,1.0,2024-12-12 15:21:46.345217
u000805,c006054,1.0,2024-12-20 06:17:03.117944
u000805,c006021,1.0,2025-01-04 08:38:51.364689
u000805,c007061,1.0,2025-01-04 10:11:40.925758
u000805,c007119,1.0,2025-01-26 11:07:12.269785
u000805,c006240,1.0,2025-03-19 23:47:10.572889
u000805,c007018,1.0,2025-05-04 14:05:29.310199
u000805,c006011,1.0,2025-07-15 17:28:51.324840
u000805,c006631,1.0,2025-07-28 15:37:52.434363
u000805,c006999,1.0,2025-08-27 21:34:53.871501
u000805,c006821,1.0,2025-09-03 15:58:58.575283
u000805,c007110,1.0,2025-10-08 11:08:04.081064
u000805,c007169,1.0,2025-10-18 00:36:35.398015
u000806,c009151,1.0,2025-01-18 02:54:09.265413
u000806,c006642,1.0,2025-03-23 07:41:24.325251
u000806,c008965,1.0,2025-03-25 05:36:29.177100
u000806,c008910,1.0,2025-03-27 12:49:47.524035
u000806,c008933,1.0,2025-07-28 01:37:22.602243
u000806,c008946,1.0,2025-08-15 05:33:19.389378
u000806,c009490,1.0,2025-08-27 20:40:50.953718
u000806,c008934,1.0,2025-09-06 11:19:41.449221
u000806,c009260,1.0,2025-09-17 01:33:18.976926
u000806,c009605,1.0,2025-10-03 18:25:06.521546
u000806,c009025,1.0,2025-11-01 18:29:26.277725
u000807,c008572,1.0,2025-01-05 08:43:23.488060
u000807,c008478,1.0,2025-01-22 10:28:43.658716
u000807,c008707,1.0,2025-03-13 20:05:10.617018
u000807,c008996,1.0,2025-03-22 16:19:08.583930
u000807,c009186,1.0,2025-05-06 16:02:05.274905
u000807,c008644,1.0,2025-06-04 01:53:26.013418
u000807,c008691,1.0,2025-09-12 23:10:33.442507
u000807,c009079,1.0,2025-10-22 09:24:09.123872
u000807,c008596,1.0,2025-11-01 06:01:48.838807
u000808,c009435,1.0,2025-01-02 03:48:54.561081
u000808,c006881,1.0,2025-02-19 19:01:18.049847
u000808,c006863,1.0,2025-03-19 15:19:44.405096
u000808,c009180,1.0,2025-06-18 05:13:59.667312
u000808,c006740,1.0,2025-07-01 21:36:06.899563
u000808,c006181,1.0,2025-09-09 13:46:11.544262
u000809,c009186,1.0,2024-12-12 16:18:09.102265
u000809,c008528,1.0,2025-02-02 20:15:20.522683
u000809,c006614,1.0,2025-02-12 13:50:45.182852
u000809,c009545,1.0,2025-02-20 07:27:00.692027
u000809,c009258,1.0,2025-03-04 04:47:58.857598
u000809,c009478,1.0,2025-04-07 08:21:33.878280
u000809,c009238,1.0,2025-07-24 15:26:21.517404
u000809,c009556,1.0,2025-07-30 03:56:49.942952
u000809,c008492,1.0,2025-08-26 10:43:32.529681
u000810,c008823,1.0,2024-11-06 22:17:36.121475
u000810,c006030,1.0,2024-11-17 18:25:20.693222
u000810,c009036,1.0,2025-02-14 10:19:18.007206
u000810,c008477,1.0,2025-03-10 14:09:36.489815
u000810,c008565,1.0,2025-03-14 10:39:59.304564
u000810,c008846,1.0,2025-03-18 11:43:18.205830
u000810,c006729,1.0,2025-05-12 07:42:35.773464
u000810,c006527,1.0,2025-06-05 04:39:15.416220
u000810,c008559,1.0,2025-07-01 01:50:19.700654
u000810,c009558,1.0,2025-07-15 10:39:38.976195
u000810,c008808,1.0,2025-08-06 11:52:57.986083
u000810,c009080,1.0,2025-08-11 19:43:44.935016
u000810,c008837,1.0,2025-09-08 12:40:45.036534
u000810,c009199,1.0,2025-10-08 15:28:28.792458
u000810,c009250,1.0,2025-10-11 04:02:10.694645
u000811,c007518,1.0,2025-02-25 13:46:38.651947
u000811,c008843,1.0,2025-04-04 22:27:38.298054
u000811,c008996,1.0,2025-04-14 18:11:53.513838
u000811,c008658,1.0,2025-05-01 22:29:56.666314
u000811,c009053,1.0,2025-05-18 02:10:30.421450
u000811,c008855,1.0,2025-06-08 01:20:28.514676
u000811,c008805,1.0,2025-06-18 03:13:31.171256
u000811,c008979,1.0,2025-09-02 12:37:33.482568
u000811,c008664,1.0,2025-09-05 13:10:15.083531
u000811,c009046,1.0,2025-09-09 01:22:22.750414
u000811,c008521,1.0,2025-10-18 14:43:14.708801
u000812,c006057,1.0,2025-02-12 21:47:55.421541
u000812,c008736,1.0,2025-03-29 03:56:41.192807
u000812,c007916,1.0,2025-06-27 12:53:36.212645
u000812,c009637,1.0,2025-07-28 21:45:02.600778
u000812,c008547,1.0,2025-07-29 16:44:10.797121
u000812,c008398,1.0,2025-08-01 05:46:09.567695
u000812,c007991,1.0,2025-09-03 15:35:31.363281
u000812,c009548,1.0,2025-09-30 03:08:49.123895
u000812,c008343,1.0,2025-10-16 10:54:10.337225
u000813,c009236,1.0,2025-03-19 14:42:12.271645
u000813,c006749,1.0,2025-03-21 05:15:40.177799
u000813,c009364,1.0,2025-07-27 04:53:47.281047
u000813,c009518,1.0,2025-09-20 15:36:19.681329
u000813,c006041,1.0,2025-09-21 09:40:04.310892
u000814,c008820,1.0,2025-01-09 06:32:25.786262
u000814,c008672,1.0,2025-01-31 22:17:34.837723
u000814,c006028,1.0,2025-04-07 16:35:48.486668
u000814,c008798,1.0,2025-05-28 05:07:07.709507
u000814,c009210,1.0,2025-06-28 08:18:56.308654
u000814,c009012,1.0,2025-08-05 15:26:34.953289
u000814,c008706,1.0,2025-08-08 13:38:14.150331
u000814,c009051,1.0,2025-09-06 20:18:27.743684
u000815,c006288,1.0,2025-02-06 15:17:58.564606
u000815,c006825,1.0,2025-03-22 21:07:07.815511
u000815,c006095,1.0,2025-03-29 15:33:46.723406
u000815,c006117,1.0,2025-04-27 16:02:48.528689
u000815,c006194,1.0,2025-10-26 20:48:17.737254
u000816,c007826,1.0,2024-11-21 04:41:42.047309
u000816,c008641,1.0,2024-12-17 16:01:19.156568
u000816,c008989,1.0,2025-01-02 03:22:20.840838
u000816,c007812,1.0,2025-02-07 15:09:29.022940
u000816,c009558,1.0,2025-03-29 10:32:23.068518
u000816,c008808,1.0,2025-04-02 07:43:14.823670
u000816,c008760,1.0,2025-06-08 10:37:43.854029
u000816,c008751,1.0,2025-09-22 16:50:50.603171
u000816,c007827,1.0,2025-11-05 16:52:26.258420
u000817,c009487,1.0,2024-11-10 22:39:26.881350
u000817,c009218,1.0,2024-11-20 14:19:17.122778
u000817,c009357,1.0,2024-12-26 23:01:40.020324
u000817,c009301,1.0,2025-01-13 09:06:34.803931
u000817,c007011,1.0,2025-02-24 04:57:42.959647
u000817,c006167,1.0,2025-03-23 19:10:31.937366
u000817,c009385,1.0,2025-05-12 11:15:30.783805
u000817,c009097,1.0,2025-06-07 09:48:21.830008
u000817,c006116,1.0,2025-06-25 18:08:00.550963
u000817,c006126,1.0,2025-09-04 12:45:33.597513
u000818,c008477,1.0,2024-11-13 04:18:40.700847
u000818,c009488,1.0,2024-11-14 05:50:48.328986
u000818,c009199,1.0,2024-12-29 13:29:18.437248
u000818,c009426,1.0,2025-02-15 03:27:17.450232
u000818,c008011,1.0,2025-03-14 03:01:53.281625
u000818,c009251,1.0,2025-03-26 01:23:58.764404
u000818,c008921,1.0,2025-03-29 10:18:57.413952
u000818,c009080,1.0,2025-04-15 15:36:13.828731
u000818,c008872,1.0,2025-05-22 06:19:07.351595
u000818,c009278,1.0,2025-06-21 05:59:38.826100
u000818,c009126,1.0,2025-08-09 05:38:42.765503
u000818,c009136,1.0,2025-09-26 17:16:59.435248
u000818,c008837,1.0,2025-10-15 20:03:27.009072
u000819,c008709,1.0,2024-12-09 12:51:37.880926
u000819,c009187,1.0,2024-12-24 15:37:39.775640
u000819,c009267,1.0,2024-12-27 05:00:57.834644
u000819,c007454,1.0,2025-02-14 09:18:44.234335
u000819,c007225,1.0,2025-02-14 09:18:56.067914
u000819,c009362,1.0,2025-03-07 05:44:26.747605
u000819,c008550,1.0,2025-03-15 23:03:49.503228
u000819,c009138,1.0,2025-03-18 01:39:37.903079
u000819,c007203,1.0,2025-05-15 19:48:01.557436
u000819,c008497,1.0,2025-05-23 06:40:27.250343
u000819,c009295,1.0,2025-06-04 22:11:27.464112
u000819,c008687,1.0,2025-07-19 01:00:43.708863
u000819,c007460,1.0,2025-10-31 01:57:00.789726
u000820,c007966,1.0,2025-02-06 02:42:20.348670
u000820,c008475,1.0,2025-03-24 08:24:55.043081
u000820,c009405,1.0,2025-04-24 15:28:32.225652
u000820,c008394,1.0,2025-06-08 18:24:15.724332
u000820,c008588,1.0,2025-07-29 17:30:51.431723
u000820,c007194,1.0,2025-08-09 01:17:46.410390
u000820,c009419,1.0,2025-09-08 05:18:08.765501
u000820,c008584,1.0,2025-09-20 14:39:11.482199
u000821,c006344,1.0,2024-11-08 23:42:07.045650
u000821,c009637,1.0,2025-02-01 13:45:29.550377
u000821,c006752,1.0,2025-03-03 09:33:16.362008
u000821,c006827,1.0,2025-03-20 08:26:35.212055
u000821,c008808,1.0,2025-03-27 08:30:54.293872
u000821,c008595,1.0,2025-04-14 04:54:18.806710
u000821,c007966,1.0,2025-05-30 00:33:22.674110
u000821,c006685,1.0,2025-07-14 22:53:05.923548
u000821,c006213,1.0,2025-08-04 06:12:24.674640
u000821,c008340,1.0,2025-08-16 16:27:03.636833
u000821,c006889,1.0,2025-10-17 18:43:10.075136
u000822,c008553,1.0,2025-01-28 10:03:02.193876
u000822,c008672,1.0,2025-04-14 15:35:05.119341
u000822,c008648,1.0,2025-05-28 13:12:00.460966
u000822,c008620,1.0,2025-06-12 08:42:14.033950
u000822,c009270,1.0,2025-06-12 23:15:30.556766
u000823,c008717,1.0,2024-11-06 22:27:18.840332
u000823,c008603,1.0,2025-02-21 14:56:22.705268
u000823,c008533,1.0,2025-07-31 01:34:45.698907
u000823,c009272,1.0,2025-08-21 11:23:44.744605
u000823,c006042,1.0,2025-08-26 10:07:38.150963
u000823,c008607,1.0,2025-09-25 03:31:14.289760
u000823,c008586,1.0,2025-10-22 14:01:49.693507
u000824,c008554,1.0,2024-11-07 23:09:22.224363
u000824,c009325,1.0,2024-11-13 10:56:57.284253
u000824,c008933,1.0,2024-12-02 03:09:48.992137
u000824,c008999,1.0,2025-01-10 12:12:23.319979
u000824,c009233,1.0,2025-04-29 03:37:56.213417
u000824,c008935,1.0,2025-08-12 17:45:50.075164
u000824,c009490,1.0,2025-09-11 01:25:52.661363
u000824,c009234,1.0,2025-09-20 09:47:47.190449
u000824,c008610,1.0,2025-11-01 11:53:12.508776
u000825,c009001,1.0,2025-01-26 22:23:47.834331
u000825,c008996,1.0,2025-02-12 14:02:01.371633
u000825,c008644,1.0,2025-02-18 16:22:57.625249
u000825,c006100,1.0,2025-04-07 19:05:31.721587
u000825,c006153,1.0,2025-06-13 16:50:18.226282
u000825,c009250,1.0,2025-07-09 12:24:57.740447
u000825,c007379,1.0,2025-08-04 03:21:44.696339
u000825,c007077,1.0,2025-08-04 04:33:08.619365
u000825,c006410,1.0,2025-08-12 17:23:55.200488
u000825,c006677,1.0,2025-09-11 15:19:43.963908
u000825,c006436,1.0,2025-09-17 15:41:40.074694
u000825,c007011,1.0,2025-09-23 06:57:14.838176
u000825,c006396,1.0,2025-09-25 19:12:35.947541
u000825,c006162,1.0,2025-10-11 19:34:57.491488
u000826,c007121,1.0,2025-01-19 14:58:07.155457
u000826,c002824,1.0,2025-02-11 22:43:54.003110
u000826,c006051,1.0,2025-02-14 03:56:57.496402
u000826,c009644,1.0,2025-06-07 20:09:28.553614
u000826,c006132,1.0,2025-07-21 17:38:37.067233
u000826,c006625,1.0,2025-08-14 10:56:39.979154
u000827,c009488,1.0,2025-02-07 15:15:47.063340
u000827,c006063,1.0,2025-04-02 09:17:11.573289
u000827,c008741,1.0,2025-10-29 18:32:56.176977
u000828,c008575,1.0,2024-11-12 13:16:30.716684
u000828,c007883,1.0,2025-01-04 19:01:36.176208
u000828,c008106,1.0,2025-01-15 20:58:27.471993
u000828,c008882,1.0,2025-01-21 20:25:35.063935
u000828,c008280,1.0,2025-01-26 08:18:18.835140
u000828,c009032,1.0,2025-03-07 18:14:24.704417
u000828,c009021,1.0,2025-03-24 12:52:11.425417
u000828,c007863,1.0,2025-05-23 09:25:56.352609
u000828,c008012,1.0,2025-06-09 22:11:20.384317
u000828,c009280,1.0,2025-07-05 12:42:10.128232
u000828,c008743,1.0,2025-10-10 19:54:44.912041
u000828,c007915,1.0,2025-10-13 08:29:08.534081
u000828,c007800,1.0,2025-10-23 16:39:00.897815
u000829,c008579,1.0,2024-12-02 00:54:06.573647
u000829,c008963,1.0,2025-01-08 05:41:08.398521
u000829,c009290,1.0,2025-02-17 15:00:22.135035
u000829,c008803,1.0,2025-02-18 01:13:18.795424
u000829,c008462,1.0,2025-05-05 04:10:09.595232
u000829,c009046,1.0,2025-05-20 23:37:03.831703
u000829,c009128,1.0,2025-06-20 05:32:06.173705
u000829,c009004,1.0,2025-09-30 10:35:54.606983
u000829,c009644,1.0,2025-10-13 02:48:55.801882
u000829,c008484,1.0,2025-10-23 06:30:47.605538
u000830,c009070,1.0,2025-02-24 22:18:50.367439
u000830,c007356,1.0,2025-04-03 16:35:44.667943
u000830,c008719,1.0,2025-04-25 00:08:16.810310
u000830,c008963,1.0,2025-07-17 13:32:40.075455
u000830,c009228,1.0,2025-10-18 14:15:35.532727
u000831,c007046,1.0,2024-11-29 07:11:44.133742
u000831,c006551,1.0,2025-02-11 21:00:54.130959
u000831,c008631,1.0,2025-05-27 16:07:34.863984
u000831,c006702,1.0,2025-05-29 08:08:49.521251
u000831,c006484,1.0,2025-07-06 22:35:04.731198
u000831,c007039,1.0,2025-08-26 22:14:52.946685
u000831,c009229,1.0,2025-09-18 02:47:47.435187
u000832,c007518,1.0,2024-11-15 08:52:37.265895
u000832,c009324,1.0,2024-12-06 00:21:53.106921
u000832,c007370,1.0,2024-12-24 10:49:42.983407
u000832,c008510,1.0,2025-01-03 07:08:47.545056
u000832,c008980,1.0,2025-02-22 10:39:08.420367
u000832,c008578,1.0,2025-03-09 01:25:32.091542
u000832,c007349,1.0,2025-03-12 09:51:32.663703
u000832,c009103,1.0,2025-03-26 07:05:10.990834
u000832,c007450,1.0,2025-05-14 14:17:19.062707
u000832,c008463,1.0,2025-05-25 15:22:22.246320
u000832,c009262,1.0,2025-05-30 05:11:15.483222
u000832,c009028,1.0,2025-06-12 03:28:32.119845
u000832,c007238,1.0,2025-07-24 00:38:56.047189
u000832,c008987,1.0,2025-08-25 11:34:17.387430
u000832,c008648,1.0,2025-10-24 00:15:33.674042
u000833,c006819,1.0,2024-11-23 07:54:56.426262
u000833,c006028,1.0,2025-03-09 13:08:17.375483
u000833,c007014,1.0,2025-06-10 22:06:48.515924
u000833,c006796,1.0,2025-06-25 09:02:43.132027
u000833,c006111,1.0,2025-10-06 02:51:28.270252
u000834,c009047,1.0,2024-11-07 09:11:26.044692
u000834,c009521,1.0,2025-05-02 00:15:39.546786
u000834,c009002,1.0,2025-05-14 12:05:03.390744
u000834,c008517,1.0,2025-06-13 16:39:28.059685
u000834,c009466,1.0,2025-08-11 23:07:28.488634
u000835,c009476,1.0,2024-12-19 07:32:12.131645
u000835,c006089,1.0,2025-01-21 08:23:57.212701
u000835,c006201,1.0,2025-03-17 12:01:41.102442
u000835,c006607,1.0,2025-04-12 05:34:12.638232
u000835,c006484,1.0,2025-05-16 12:57:13.397156
u000835,c006702,1.0,2025-06-21 07:26:31.099386
u000835,c007046,1.0,2025-08-12 05:05:41.150550
u000835,c006053,1.0,2025-09-01 03:24:30.003605
u000835,c006301,1.0,2025-09-08 18:58:51.466168
u000835,c006022,1.0,2025-09-19 06:18:43.392431
u000835,c009085,1.0,2025-11-04 09:10:08.084906
u000835,c006808,1.0,2025-11-04 13:14:06.913955
u000836,c009036,1.0,2024-11-30 12:01:09.137059
u000836,c008626,1.0,2024-12-21 02:18:09.678669
u000836,c006986,1.0,2025-01-18 03:13:10.365808
u000836,c009285,1.0,2025-01-26 22:27:17.186561
u000836,c008601,1.0,2025-02-22 04:55:01.354432
u000836,c008968,1.0,2025-09-27 05:38:33.584683
u000836,c008751,1.0,2025-10-10 10:23:59.913757
u000837,c009135,1.0,2024-11-15 08:04:08.271406
u000837,c008808,1.0,2024-11-16 07:00:13.473542
u000837,c008477,1.0,2024-11-19 08:00:34.796207
u000837,c008104,1.0,2024-12-15 14:15:04.479443
u000837,c009290,1.0,2024-12-19 04:17:07.634761
u000837,c009473,1.0,2025-01-20 21:51:54.222766
u000837,c009004,1.0,2025-02-02 14:10:21.591906
u000837,c007513,1.0,2025-03-16 02:44:14.652201
u000837,c007722,1.0,2025-03-29 08:10:45.059427
u000837,c007929,1.0,2025-05-30 16:37:21.669337
u000837,c009226,1.0,2025-06-08 13:40:54.208793
u000837,c009229,1.0,2025-06-17 12:42:57.180178
u000837,c009072,1.0,2025-08-07 06:49:03.247397
u000837,c009211,1.0,2025-09-08 14:22:07.958844
u000837,c007961,1.0,2025-10-25 00:10:03.367269
u000838,c008404,1.0,2025-01-28 06:42:03.717194
u000838,c008808,1.0,2025-03-09 03:20:21.703281
u000838,c008376,1.0,2025-04-25 02:01:26.159172
u000838,c008030,1.0,2025-06-18 04:02:36.078236
u000838,c008477,1.0,2025-06-19 13:11:56.076069
u000838,c006750,1.0,2025-07-04 13:19:41.575594
u000838,c006484,1.0,2025-07-21 12:27:43.648603
u000838,c007841,1.0,2025-08-08 04:40:03.752088
u000838,c008347,1.0,2025-08-19 07:50:58.574885
u000838,c007978,1.0,2025-08-30 18:32:05.311010
u000838,c008989,1.0,2025-09-05 19:19:14.971336
u000838,c007967,1.0,2025-10-13 20:57:58.467123
u000839,c008705,1.0,2024-11-18 02:55:25.905585
u000839,c007514,1.0,2025-01-22 11:02:14.363926
u000839,c006821,1.0,2025-03-12 19:23:15.287504
u000839,c006461,1.0,2025-03-16 20:55:03.854908
u000839,c008771,1.0,2025-04-04 20:46:56.826540
u000839,c006735,1.0,2025-04-11 03:55:30.086249
u000839,c006246,1.0,2025-04-16 20:03:18.672470
u000839,c006098,1.0,2025-05-09 15:17:57.462702
u000839,c006495,1.0,2025-05-10 13:18:04.043037
u000839,c006125,1.0,2025-05-11 17:29:00.184342
u000839,c006811,1.0,2025-06-13 20:09:33.424572
u000839,c009536,1.0,2025-08-09 06:44:08.920267
u000839,c007691,1.0,2025-08-29 06:02:37.987841
u000839,c006467,1.0,2025-09-15 02:48:53.460459
u000840,c007231,1.0,2024-11-13 01:22:03.443493
u000840,c007458,1.0,2024-11-15 16:36:58.260712
u000840,c007463,1.0,2024-12-03 08:18:21.440094
u000840,c007621,1.0,2025-02-03 10:32:39.447162
u000840,c007719,1.0,2025-04-24 22:41:43.231860
u000840,c007583,1.0,2025-07-29 13:20:21.855912
u000840,c007714,1.0,2025-10-08 01:23:07.490513
u000841,c008787,1.0,2025-01-23 19:46:18.358726
u000841,c008012,1.0,2025-04-10 02:17:55.966752
u000841,c007883,1.0,2025-06-13 17:25:00.622140
u000841,c008106,1.0,2025-08-11 23:20:20.989991
u000842,c007000,1.0,2025-05-25 07:23:24.520905
u000842,c006165,1.0,2025-06-10 16:25:24.669334
u000842,c006326,1.0,2025-10-01 19:12:01.676742
u000843,c009344,1.0,2024-11-26 08:52:40.240105
u000843,c009012,1.0,2025-01-23 04:38:51.670032
u000843,c007043,1.0,2025-03-11 18:10:41.962342
u000843,c006895,1.0,2025-03-16 22:44:46.784792
u000843,c006414,1.0,2025-04-04 22:05:06.673746
u000843,c007050,1.0,2025-05-21 20:18:10.821934
u000843,c006145,1.0,2025-05-25 02:03:25.175294
u000843,c008553,1.0,2025-07-09 20:50:52.684198
u000843,c007072,1.0,2025-08-11 19:21:17.826339
u000844,c008880,1.0,2024-11-27 00:09:12.543979
u000844,c009243,1.0,2024-12-24 04:18:25.625774
u000844,c006553,1.0,2025-02-01 14:34:57.466137
u000844,c009212,1.0,2025-02-02 19:36:56.746084
u000844,c008935,1.0,2025-02-25 17:21:10.067973
u000844,c009435,1.0,2025-03-02 05:31:22.388054
u000844,c009068,1.0,2025-03-11 17:53:15.160388
u000844,c008470,1.0,2025-04-05 05:31:08.485543
u000844,c007242,1.0,2025-05-25 08:09:56.044685
u000844,c007966,1.0,2025-07-06 20:14:36.282209
u000844,c006314,1.0,2025-07-19 03:16:31.115129
u000844,c009226,1.0,2025-08-02 05:22:30.527076
u000844,c006861,1.0,2025-09-10 21:23:20.875236
u000844,c008795,1.0,2025-10-26 02:29:40.757138
u000845,c008949,1.0,2024-11-10 02:49:17.083553
u000845,c007449,1.0,2024-12-25 08:52:47.225205
u000845,c008808,1.0,2025-01-03 14:45:34.860689
u000845,c007460,1.0,2025-01-31 13:44:00.296682
u000845,c007369,1.0,2025-03-12 04:34:35.483077
u000845,c007319,1.0,2025-04-05 23:23:26.621767
u000845,c007664,1.0,2025-05-01 03:20:44.776290
u000845,c007724,1.0,2025-05-31 03:33:24.750392
u000845,c007490,1.0,2025-07-09 14:41:40.048294
u000845,c007231,1.0,2025-08-14 06:45:35.358375
u000845,c007463,1.0,2025-09-20 17:38:58.132115
u000845,c007501,1.0,2025-09-26 17:19:55.573552
u000845,c007225,1.0,2025-09-30 23:57:29.974224
u000845,c007367,1.0,2025-10-08 03:55:09.938763
u000846,c008646,1.0,2025-02-20 04:45:14.776208
u000846,c007449,1.0,2025-03-06 21:04:54.214705
u000846,c006728,1.0,2025-05-26 20:17:52.191925
u000846,c006044,1.0,2025-09-22 14:46:48.692604
u000847,c008721,1.0,2025-02-07 17:38:21.246438
u000847,c008779,1.0,2025-03-12 03:12:58.166376
u000847,c008693,1.0,2025-04-17 11:36:55.024973
u000847,c009210,1.0,2025-06-09 06:12:27.839565
u000847,c008532,1.0,2025-07-02 03:34:40.966738
u000847,c008623,1.0,2025-07-10 03:16:11.055584
u000847,c008912,1.0,2025-09-12 02:49:23.466202
u000847,c008998,1.0,2025-10-09 19:48:18.130747
u000848,c006339,1.0,2024-11-18 20:24:11.717174
u000848,c006119,1.0,2025-01-21 16:05:49.480986
u000848,c009262,1.0,2025-03-22 04:39:12.762391
u000848,c008685,1.0,2025-04-27 00:45:11.953872
u000848,c006699,1.0,2025-06-29 11:09:49.031362
u000848,c006735,1.0,2025-08-04 12:15:56.446262
u000848,c008792,1.0,2025-09-10 07:27:45.009204
u000848,c006026,1.0,2025-10-28 19:35:36.879723
u000849,c007242,1.0,2024-12-09 03:11:02.960782
u000849,c008968,1.0,2024-12-27 11:27:37.720587
u000849,c008808,1.0,2025-01-17 11:25:07.333325
u000849,c007514,1.0,2025-03-02 18:28:54.574312
u000849,c008760,1.0,2025-04-06 03:35:56.873719
u000849,c007334,1.0,2025-05-25 10:22:01.303258
u000849,c009558,1.0,2025-06-30 19:56:30.946220
u000849,c007455,1.0,2025-09-27 18:39:25.474765
u000850,c007449,1.0,2024-11-16 23:26:24.593313
u000850,c007714,1.0,2024-12-09 18:48:32.589569
u000850,c007724,1.0,2025-02-03 14:29:29.288583
u000850,c007686,1.0,2025-02-18 10:45:58.453568
u000850,c007454,1.0,2025-10-01 10:18:57.920003
u000851,c009226,1.0,2024-11-30 09:07:43.103064
u000851,c009057,1.0,2025-02-06 19:44:56.809129
u000851,c008572,1.0,2025-07-25 02:14:18.086999
u000851,c009298,1.0,2025-08-24 18:39:31.870617
u000852,c007841,1.0,2025-01-02 18:50:48.023269
u000852,c008404,1.0,2025-01-04 02:14:35.315232
u000852,c009316,1.0,2025-03-08 18:52:43.612702
u000852,c006564,1.0,2025-04-05 12:26:01.816664
u000852,c008397,1.0,2025-04-13 03:55:03.327245
u000852,c006100,1.0,2025-05-30 06:26:32.107142
u000852,c009559,1.0,2025-06-15 16:05:55.347468
u000852,c007978,1.0,2025-06-21 10:41:40.528029
u000852,c007811,1.0,2025-08-25 02:39:32.468784
u000852,c008347,1.0,2025-09-28 21:33:40.586455
u000852,c009546,1.0,2025-10-28 01:46:40.521838
u000853,c006662,1.0,2024-11-09 16:08:02.788185
u000853,c008787,1.0,2024-11-19 20:37:13.005975
u000853,c007015,1.0,2024-11-21 06:55:23.149532
u000853,c006796,1.0,2024-12-15 16:28:32.534518
u000853,c006493,1.0,2024-12-19 03:09:27.242922
u000853,c008733,1.0,2025-02-07 21:45:38.739285
u000853,c006813,1.0,2025-02-18 08:42:28.479333
u000853,c008681,1.0,2025-04-22 05:15:04.725079
u000853,c006111,1.0,2025-05-20 15:51:56.711803
u000853,c006812,1.0,2025-07-05 15:22:28.699576
u000853,c009475,1.0,2025-07-29 00:52:11.974532
u000853,c008603,1.0,2025-08-07 21:08:15.838013
u000853,c006221,1.0,2025-10-27 20:15:02.794741
u000853,c008896,1.0,2025-11-02 06:15:50.007598
u000854,c006035,1.0,2025-03-27 14:37:32.993376
u000854,c008901,1.0,2025-05-12 08:20:32.263850
u000854,c006421,1.0,2025-06-25 09:31:28.471644
u000854,c006249,1.0,2025-08-14 11:23:15.580520
u000854,c006093,1.0,2025-08-22 22:33:21.622849
u000855,c009435,1.0,2025-02-20 18:55:14.365755
u000855,c007969,1.0,2025-03-31 01:05:23.960334
u000855,c008225,1.0,2025-07-20 03:02:10.234110
u000856,c008677,1.0,2024-11-19 05:17:08.965140
u000856,c009473,1.0,2024-11-23 20:48:14.357110
u000856,c008756,1.0,2024-11-24 04:42:36.739869
u000856,c008782,1.0,2024-12-10 13:57:19.759125
u000856,c007967,1.0,2024-12-30 19:28:46.801136
u000856,c009210,1.0,2025-04-20 05:46:50.352183
u000856,c009251,1.0,2025-04-23 22:33:02.640159
u000856,c008900,1.0,2025-04-30 08:39:36.200450
u000856,c009570,1.0,2025-05-23 07:59:40.668187
u000856,c009211,1.0,2025-07-07 17:23:55.729030
u000856,c009385,1.0,2025-07-20 08:30:06.192379
u000856,c008858,1.0,2025-07-22 23:34:11.034062
u000856,c008941,1.0,2025-09-05 18:26:20.370593
u000856,c007841,1.0,2025-09-12 05:43:41.734291
u000856,c008577,1.0,2025-10-06 04:36:15.916303
u000857,c006261,1.0,2024-12-31 07:06:53.832215
u000857,c009229,1.0,2025-03-24 21:01:07.542499
u000857,c009290,1.0,2025-05-01 14:47:52.527760
u000857,c008534,1.0,2025-05-14 19:49:31.009903
u000857,c008777,1.0,2025-07-11 20:01:12.615556
u000857,c009004,1.0,2025-07-21 07:40:17.480807
u000857,c007560,1.0,2025-07-23 17:02:35.161150
u000857,c008782,1.0,2025-08-17 12:49:21.597880
u000857,c008794,1.0,2025-09-04 17:06:45.164466
u000857,c008579,1.0,2025-09-07 23:31:33.022588
u000857,c009557,1.0,2025-10-05 17:53:06.409298
u000857,c008544,1.0,2025-10-31 00:44:13.052281
u000858,c008652,1.0,2025-01-29 10:39:12.289028
u000858,c008472,1.0,2025-03-29 23:17:42.399107
u000858,c009234,1.0,2025-05-07 19:28:40.700044
u000858,c009001,1.0,2025-05-08 09:28:24.459576
u000858,c009213,1.0,2025-06-01 22:02:07.255260
u000858,c009364,1.0,2025-06-18 16:56:17.305947
u000858,c009276,1.0,2025-09-26 02:55:10.718856
u000858,c008554,1.0,2025-10-13 14:50:43.985838
u000859,c009062,1.0,2024-12-14 06:54:48.005424
u000859,c008642,1.0,2024-12-20 22:09:52.719434
u000859,c009316,1.0,2025-02-01 02:13:07.062150
u000859,c009151,1.0,2025-02-07 21:02:29.737761
u000859,c009260,1.0,2025-05-22 11:31:06.798393
u000859,c009025,1.0,2025-06-14 02:42:09.373071
u000859,c009218,1.0,2025-07-04 15:19:06.029221
u000859,c006855,1.0,2025-09-09 11:26:38.087759
u000859,c008933,1.0,2025-10-29 13:54:53.907200
u000860,c008989,1.0,2024-12-05 10:05:52.606503
u000860,c009558,1.0,2025-02-26 19:05:45.873193
u000860,c007910,1.0,2025-04-02 12:33:36.990199
u000860,c008682,1.0,2025-05-06 06:02:30.461696
u000860,c008808,1.0,2025-05-07 14:33:19.094611
u000860,c008896,1.0,2025-06-01 09:11:22.865951
u000860,c008760,1.0,2025-07-06 09:33:48.646122
u000860,c009083,1.0,2025-07-10 07:37:06.558935
u000860,c009270,1.0,2025-07-31 10:13:36.571085
u000860,c009356,1.0,2025-08-24 17:18:43.652590
u000860,c008968,1.0,2025-10-01 16:25:12.072588
u000861,c006456,1.0,2025-01-04 17:50:56.162106
u000861,c006373,1.0,2025-02-08 03:53:07.214344
u000861,c006162,1.0,2025-04-11 06:05:36.822079
u000862,c006143,1.0,2024-12-16 11:02:24.165123
u000862,c006389,1.0,2024-12-24 00:06:28.727781
u000862,c006033,1.0,2025-04-19 20:59:43.211905
u000862,c006791,1.0,2025-06-04 02:55:11.339677
u000862,c007203,1.0,2025-06-16 17:43:44.376826
u000862,c006087,1.0,2025-06-18 05:19:51.705276
u000863,c008722,1.0,2024-12-14 15:04:08.412163
u000863,c008764,1.0,2025-01-17 01:33:59.730844
u000863,c007273,1.0,2025-03-01 02:19:39.644295
u000863,c009644,1.0,2025-03-04 14:27:13.056757
u000863,c008559,1.0,2025-04-27 01:17:40.923268
u000863,c009645,1.0,2025-06-27 21:54:26.994835
u000863,c009052,1.0,2025-08-23 13:35:21.221950
u000863,c008933,1.0,2025-08-25 15:14:30.725398
u000863,c008821,1.0,2025-09-14 18:19:39.046868
u000863,c008910,1.0,2025-09-23 16:33:56.719896
u000864,c008858,1.0,2024-12-03 11:00:58.973781
u000864,c009251,1.0,2024-12-09 18:18:35.088164
u000864,c008612,1.0,2024-12-31 14:48:53.059378
u000864,c006095,1.0,2025-02-01 19:01:08.454569
u000864,c007883,1.0,2025-02-01 19:06:06.506351
u000864,c009042,1.0,2025-05-22 12:21:53.370204
u000864,c006695,1.0,2025-07-01 00:39:32.157833
u000864,c008577,1.0,2025-07-26 07:34:17.797367
u000864,c009046,1.0,2025-08-06 08:29:07.611599
u000864,c009272,1.0,2025-08-16 05:22:11.459470
u000864,c008782,1.0,2025-09-25 17:05:49.932471
u000865,c009012,1.0,2024-12-17 08:09:52.153500
u000865,c007883,1.0,2025-01-15 21:44:15.130245
u000865,c006054,1.0,2025-02-02 07:30:00.367679
u000865,c009653,1.0,2025-02-26 09:57:46.869054
u000865,c006110,1.0,2025-03-24 14:45:12.821585
u000865,c009647,1.0,2025-03-27 12:07:52.480369
u000865,c007096,1.0,2025-05-23 06:30:26.535235
u000865,c008780,1.0,2025-06-01 22:12:57.441549
u000865,c006090,1.0,2025-06-10 12:43:04.115051
u000865,c006021,1.0,2025-07-26 22:27:48.624425
u000865,c008572,1.0,2025-09-04 01:11:59.035916
u000865,c006011,1.0,2025-09-11 13:49:50.228128
u000865,c007863,1.0,2025-09-17 02:15:11.294817
u000866,c008986,1.0,2024-11-23 10:43:29.366323
u000866,c006316,1.0,2024-11-26 19:51:26.408562
u000866,c009089,1.0,2024-11-28 12:05:17.890194
u000866,c008685,1.0,2024-12-29 06:23:35.113872
u000866,c009502,1.0,2024-12-31 15:08:36.917496
u000866,c008974,1.0,2025-03-18 14:19:51.326593
u000866,c008852,1.0,2025-03-24 15:36:56.596546
u000866,c008554,1.0,2025-05-18 22:38:21.363512
u000866,c008708,1.0,2025-09-12 19:16:56.162258
u000866,c006317,1.0,2025-10-16 12:42:02.199616
u000866,c009546,1.0,2025-10-27 22:53:09.031557
u000867,c009539,1.0,2024-11-10 16:21:17.005592
u000867,c008823,1.0,2024-12-22 04:15:44.428319
u000867,c009215,1.0,2025-01-22 19:02:04.592850
u000867,c009250,1.0,2025-01-29 21:25:15.959580
u000867,c009219,1.0,2025-02-06 22:50:00.485633
u000867,c008808,1.0,2025-02-08 05:24:30.383719
u000867,c009049,1.0,2025-02-11 08:09:40.920517
u000867,c008541,1.0,2025-03-08 23:45:54.420720
u000867,c009528,1.0,2025-03-21 15:06:47.439824
u000867,c009500,1.0,2025-05-02 06:16:14.025751
u000867,c009227,1.0,2025-07-27 23:35:10.536764
u000867,c009192,1.0,2025-08-25 14:14:03.658266
u000867,c009518,1.0,2025-10-03 18:08:36.178876
u000867,c009364,1.0,2025-10-16 04:51:45.993131
u000867,c008689,1.0,2025-11-04 00:04:58.804798
u000868,c006152,1.0,2024-11-09 13:40:03.608015
u000868,c008593,1.0,2024-12-11 05:33:03.365872
u000868,c006687,1.0,2025-01-23 16:56:37.588184
u000868,c008731,1.0,2025-07-08 19:55:59.860756
u000868,c006749,1.0,2025-09-06 16:47:53.769123
u000869,c006935,1.0,2024-12-08 15:21:12.561537
u000869,c007567,1.0,2025-01-26 06:18:30.002602
u000869,c007588,1.0,2025-01-28 13:57:19.514792
u000869,c007677,1.0,2025-02-14 00:46:51.767717
u000869,c009053,1.0,2025-03-24 23:32:34.988170
u000869,c006154,1.0,2025-04-22 17:19:59.854103
u000869,c009118,1.0,2025-04-23 22:20:29.824315
u000869,c007314,1.0,2025-07-12 11:11:32.745985
u000869,c008642,1.0,2025-08-03 20:13:38.535417
u000869,c007772,1.0,2025-08-17 03:06:00.975174
u000869,c008682,1.0,2025-09-28 02:08:03.735045
u000869,c009634,1.0,2025-10-04 11:02:59.407188
u000869,c006351,1.0,2025-10-18 12:03:12.903637
u000869,c007247,1.0,2025-11-02 09:52:05.892137
u000870,c009605,1.0,2024-11-16 15:30:14.757093
u000870,c007203,1.0,2025-03-02 13:18:08.407622
u000870,c009344,1.0,2025-06-21 19:16:18.642085
u000870,c009226,1.0,2025-09-28 08:18:53.726104
u000870,c009028,1.0,2025-10-14 04:07:56.576813
u000871,c008678,1.0,2024-11-09 09:31:55.547031
u000871,c009566,1.0,2024-11-10 02:02:30.918577
u000871,c008490,1.0,2024-11-25 13:34:12.022688
u000871,c008863,1.0,2024-12-07 15:18:28.939562
u000871,c009158,1.0,2024-12-09 16:43:55.922168
u000871,c009080,1.0,2025-06-04 02:25:18.436031
u000871,c008514,1.0,2025-06-11 00:35:43.519214
u000871,c008539,1.0,2025-08-11 01:31:26.445985
u000871,c008685,1.0,2025-09-19 20:52:04.116991
u000872,c008764,1.0,2025-05-06 08:48:27.548824
u000872,c006484,1.0,2025-07-22 12:50:48.062910
u000872,c006301,1.0,2025-08-02 00:31:06.789246
u000872,c008631,1.0,2025-08-18 14:39:18.099237
u000873,c009558,1.0,2024-11-18 04:50:00.156982
u000873,c008763,1.0,2025-02-13 19:21:08.445704
u000873,c008782,1.0,2025-02-27 08:11:14.798721
u000873,c009301,1.0,2025-05-02 17:13:55.810366
u000873,c008735,1.0,2025-05-11 20:47:29.883613
u000873,c008756,1.0,2025-07-27 04:53:14.465101
u000873,c009150,1.0,2025-07-30 04:06:19.389809
u000873,c008562,1.0,2025-09-03 16:55:06.964958
u000873,c009251,1.0,2025-10-01 23:47:40.591681
u000873,c008816,1.0,2025-10-03 18:58:45.057619
u000874,c009515,1.0,2024-11-10 10:11:04.317031
u000874,c009121,1.0,2024-11-13 07:34:21.069579
u000874,c009322,1.0,2025-01-04 11:30:09.756710
u000874,c008472,1.0,2025-01-06 14:27:18.896384
u000874,c009118,1.0,2025-03-30 09:56:38.307110
u000874,c009204,1.0,2025-03-31 13:45:34.275643
u000874,c008963,1.0,2025-05-28 09:19:35.774484
u000874,c008537,1.0,2025-08-01 03:23:02.473543
u000875,c008607,1.0,2025-01-02 16:26:03.780455
u000875,c009629,1.0,2025-05-09 13:45:46.732798
u000875,c008908,1.0,2025-05-25 16:06:00.073888
u000876,c008971,1.0,2024-11-07 16:56:17.224364
u000876,c008825,1.0,2024-12-16 08:51:58.639171
u000876,c008764,1.0,2024-12-20 00:38:12.584977
u000876,c006494,1.0,2024-12-24 11:51:30.215074
u000876,c008978,1.0,2025-01-22 00:24:34.443416
u000876,c009272,1.0,2025-02-13 06:34:39.922052
u000876,c008982,1.0,2025-03-16 11:38:53.064880
u000876,c008030,1.0,2025-03-19 05:32:54.749919
u000876,c009012,1.0,2025-05-02 02:46:15.128264
u000876,c008643,1.0,2025-07-02 22:27:16.329329
u000876,c009653,1.0,2025-09-16 19:16:53.477567
u000876,c008988,1.0,2025-09-22 19:50:49.759704
u000876,c009190,1.0,2025-10-31 03:22:38.661500
u000877,c008627,1.0,2025-02-17 11:56:10.289665
u000877,c008486,1.0,2025-08-30 06:28:58.695894
u000877,c008949,1.0,2025-10-16 08:02:08.144828
u000878,c006095,1.0,2025-01-07 01:17:37.519144
u000878,c006120,1.0,2025-05-19 03:14:23.156337
u000878,c006182,1.0,2025-07-28 17:30:07.315310
u000879,c007457,1.0,2025-01-02 10:28:11.311608
u000879,c007460,1.0,2025-01-23 00:04:24.499323
u000879,c007282,1.0,2025-06-13 01:55:44.232756
u000879,c007372,1.0,2025-07-02 03:19:49.513828
u000879,c007203,1.0,2025-08-19 11:31:54.477205
u000879,c007664,1.0,2025-08-21 09:12:54.239541
u000879,c007724,1.0,2025-10-27 12:54:43.060608
u000880,c008894,1.0,2025-02-01 02:20:28.803762
u000880,c009362,1.0,2025-03-04 02:44:31.855520
u000880,c008709,1.0,2025-04-11 21:05:56.678390
u000880,c009415,1.0,2025-04-21 06:51:50.221282
u000880,c009214,1.0,2025-05-23 03:43:52.818562
u000880,c009408,1.0,2025-07-11 23:27:56.229399
u000880,c008845,1.0,2025-08-13 11:29:03.151805
u000880,c008705,1.0,2025-11-04 06:14:59.617091
u000881,c009375,1.0,2024-11-22 00:04:44.376332
u000881,c009210,1.0,2024-11-29 10:36:32.623369
u000881,c009212,1.0,2024-12-24 14:27:47.691511
u000881,c009014,1.0,2024-12-26 04:29:06.734487
u000881,c008971,1.0,2025-02-05 03:15:04.381268
u000881,c009276,1.0,2025-02-14 03:35:09.826956
u000881,c008783,1.0,2025-02-20 04:19:12.491899
u000881,c008759,1.0,2025-02-21 00:47:15.830945
u000881,c008493,1.0,2025-04-22 15:30:20.359049
u000881,c008470,1.0,2025-05-01 11:56:04.314667
u000881,c008850,1.0,2025-07-15 15:59:51.907685
u000881,c008792,1.0,2025-08-31 00:41:26.475815
u000881,c008787,1.0,2025-10-03 12:17:09.834452
u000881,c008982,1.0,2025-10-26 18:53:48.871474
u000882,c008872,1.0,2024-11-19 07:30:42.461666
u000882,c008826,1.0,2025-01-31 01:52:09.054776
u000882,c007169,1.0,2025-02-22 02:51:34.334128
u000882,c009184,1.0,2025-03-07 05:20:12.077476
u000882,c006287,1.0,2025-04-10 05:38:17.138840
u000882,c008639,1.0,2025-05-06 06:35:49.133189
u000882,c006110,1.0,2025-08-28 17:37:43.913485
u000882,c006072,1.0,2025-09-08 03:19:24.989967
u000883,c007584,1.0,2024-12-20 15:54:51.444969
u000883,c008763,1.0,2024-12-21 10:03:07.690654
u000883,c009089,1.0,2025-03-03 07:11:13.653642
u000883,c007241,1.0,2025-03-27 07:32:46.590103
u000883,c008968,1.0,2025-03-31 01:14:38.008280
u000883,c007480,1.0,2025-05-13 03:30:41.838356
u000883,c007643,1.0,2025-08-31 00:26:35.801785
u000883,c007372,1.0,2025-10-07 11:39:35.033977
u000883,c007675,1.0,2025-10-30 00:36:20.521948
u000884,c008682,1.0,2024-11-30 00:08:19.912024
u000884,c006221,1.0,2024-12-31 17:55:50.005504
u000884,c006970,1.0,2025-01-18 09:20:51.215830
u000884,c006072,1.0,2025-03-13 14:28:06.555503
u000884,c006027,1.0,2025-06-23 07:42:58.181835
u000884,c006857,1.0,2025-07-11 00:37:25.176385
u000884,c006281,1.0,2025-08-18 01:57:01.261991
u000884,c007062,1.0,2025-09-02 20:54:21.801293
u000884,c009268,1.0,2025-09-24 16:54:30.727628
u000884,c006052,1.0,2025-10-05 03:31:57.507119
u000884,c006790,1.0,2025-10-24 23:41:02.284279
u000884,c009130,1.0,2025-10-25 14:41:50.413440
u000885,c009237,1.0,2024-11-16 15:10:55.482331
u000885,c008014,1.0,2024-12-05 02:01:38.626333
u000885,c007984,1.0,2025-01-22 08:35:21.090104
u000885,c009110,1.0,2025-04-13 09:50:06.644754
u000885,c008376,1.0,2025-05-18 10:43:56.681898
u000885,c007841,1.0,2025-06-07 09:01:43.303813
u000885,c007967,1.0,2025-07-13 01:30:03.171263
u000885,c007978,1.0,2025-08-05 18:13:09.931135
u000885,c007811,1.0,2025-08-31 11:53:25.124938
u000885,c008030,1.0,2025-10-09 08:26:58.143648
u000885,c007916,1.0,2025-10-15 11:45:56.893916
u000886,c008760,1.0,2024-11-12 00:23:47.445644
u000886,c009199,1.0,2024-12-30 12:45:15.646889
u000886,c009158,1.0,2025-01-24 10:27:06.268054
u000886,c008588,1.0,2025-03-03 10:09:53.202049
u000886,c008999,1.0,2025-04-13 07:00:56.040835
u000886,c009196,1.0,2025-06-25 09:40:51.627964
u000886,c009284,1.0,2025-06-30 02:27:17.253741
u000886,c008475,1.0,2025-10-17 12:08:58.022457
u000886,c008808,1.0,2025-10-24 12:31:44.494918
u000887,c009002,1.0,2024-11-17 23:02:14.284175
u000887,c009307,1.0,2024-11-27 22:50:13.916843
u000887,c008869,1.0,2025-01-04 06:26:52.917582
u000887,c008939,1.0,2025-01-21 18:19:23.293877
u000887,c009304,1.0,2025-01-27 20:37:04.392041
u000887,c006645,1.0,2025-05-02 12:31:38.422217
u000887,c009553,1.0,2025-05-06 02:50:24.901533
u000887,c006142,1.0,2025-08-23 11:19:06.499492
u000887,c008481,1.0,2025-09-03 07:09:16.234169
u000887,c006178,1.0,2025-10-19 18:37:50.486263
u000888,c009558,1.0,2024-12-03 12:47:50.875854
u000888,c008484,1.0,2024-12-07 08:17:06.920686
u000888,c008736,1.0,2025-01-23 07:16:13.597483
u000888,c006313,1.0,2025-01-25 10:34:17.933225
u000888,c006414,1.0,2025-03-11 05:29:02.105553
u000888,c009213,1.0,2025-04-28 09:57:43.489894
u000888,c006364,1.0,2025-05-03 01:08:10.712208
u000888,c009136,1.0,2025-05-13 10:23:54.101330
u000888,c009184,1.0,2025-10-27 04:23:45.830971
u000888,c009637,1.0,2025-10-27 23:37:15.351213
u000889,c008871,1.0,2025-03-23 03:54:54.833530
u000889,c009012,1.0,2025-03-30 02:42:26.383202
u000889,c009007,1.0,2025-03-30 23:54:05.699447
u000889,c008988,1.0,2025-05-29 09:31:35.579746
u000889,c008704,1.0,2025-06-18 21:06:50.230411
u000889,c008798,1.0,2025-07-31 15:45:45.490840
u000889,c009157,1.0,2025-10-02 00:16:33.181374
u000890,c008688,1.0,2024-12-30 14:30:37.555503
u000890,c009652,1.0,2025-02-08 03:12:02.993137
u000890,c009163,1.0,2025-03-05 09:57:11.512765
u000890,c009226,1.0,2025-03-15 18:43:12.024066
u000890,c009270,1.0,2025-05-10 05:36:15.937774
u000890,c009210,1.0,2025-07-07 07:59:52.151172
u000890,c008601,1.0,2025-08-03 20:12:39.208191
u000891,c001368,1.0,2024-11-09 12:00:39.842910
u000891,c008577,1.0,2024-12-30 20:12:36.524880
u000891,c006420,1.0,2025-01-05 00:48:44.814599
u000891,c003294,1.0,2025-01-25 11:09:49.388029
u000891,c006803,1.0,2025-02-12 23:05:37.158644
u000891,c008515,1.0,2025-04-20 22:23:31.370253
u000891,c006477,1.0,2025-05-31 16:34:40.046196
u000891,c009218,1.0,2025-07-12 20:04:44.769510
u000891,c009457,1.0,2025-07-31 14:43:51.319119
u000891,c006492,1.0,2025-08-31 18:18:58.933785
u000891,c003679,1.0,2025-11-01 00:30:07.399153
u000892,c009387,1.0,2025-01-23 04:33:40.749607
u000892,c009250,1.0,2025-08-22 17:09:22.915144
u000892,c009003,1.0,2025-09-30 16:01:24.763996
u000893,c007103,1.0,2024-11-06 22:00:32.853271
u000893,c006564,1.0,2024-11-20 19:35:41.011093
u000893,c006237,1.0,2024-12-12 11:03:27.978787
u000893,c009012,1.0,2025-04-04 15:30:32.204041
u000893,c006282,1.0,2025-06-02 22:25:00.936081
u000893,c007068,1.0,2025-08-25 15:15:44.012774
u000893,c005993,1.0,2025-09-11 00:34:49.944843
u000893,c007913,1.0,2025-09-22 13:30:54.877578
u000893,c006813,1.0,2025-10-28 19:52:33.674166
u000893,c006327,1.0,2025-11-01 10:05:09.775583
u000894,c009080,1.0,2024-12-02 19:28:42.869501
u000894,c009199,1.0,2025-01-06 05:22:38.515026
u000894,c009285,1.0,2025-02-11 04:42:19.091938
u000894,c008968,1.0,2025-05-18 14:04:33.983230
u000894,c008751,1.0,2025-08-09 00:15:11.452530
u000894,c008601,1.0,2025-11-03 03:11:15.703202
u000895,c004807,1.0,2024-12-03 09:17:04.248084
u000895,c007883,1.0,2025-01-14 02:27:17.687748
u000895,c008806,1.0,2025-02-03 23:06:19.174141
u000895,c004486,1.0,2025-02-11 04:59:02.702630
u000895,c008771,1.0,2025-04-30 14:57:46.255175
u000895,c009602,1.0,2025-08-22 16:13:42.978568
u000895,c004178,1.0,2025-09-18 14:17:13.917681
u000896,c009272,1.0,2024-11-10 06:17:40.473814
u000896,c009239,1.0,2024-12-31 23:14:38.847312
u000896,c008971,1.0,2025-02-01 02:06:27.481736
u000896,c008761,1.0,2025-02-06 14:09:51.549408
u000896,c008978,1.0,2025-02-11 08:39:00.049908
u000896,c008691,1.0,2025-02-23 15:17:40.492244
u000896,c009012,1.0,2025-05-15 03:44:00.658521
u000896,c009057,1.0,2025-08-21 17:05:52.951304
u000896,c008825,1.0,2025-09-13 18:47:22.856518
u000897,c009398,1.0,2024-12-18 00:22:49.015634
u000897,c008500,1.0,2024-12-30 15:46:07.938214
u000897,c008966,1.0,2025-04-19 10:43:31.508911
u000897,c009269,1.0,2025-05-08 06:19:30.110580
u000897,c007245,1.0,2025-05-21 20:00:21.145687
u000897,c006005,1.0,2025-07-06 08:01:42.535123
u000897,c007238,1.0,2025-07-18 08:15:07.840553
u000897,c008763,1.0,2025-09-24 05:12:06.629192
u000898,c008485,1.0,2024-11-16 19:35:36.818055
u000898,c009612,1.0,2025-01-03 16:11:58.830555
u000898,c008939,1.0,2025-03-29 11:12:40.916805
u000898,c009228,1.0,2025-04-07 20:11:18.758659
u000898,c008751,1.0,2025-05-03 07:08:37.658280
u000898,c008858,1.0,2025-05-14 12:29:11.572036
u000898,c009519,1.0,2025-06-22 14:31:19.563792
u000898,c008869,1.0,2025-07-29 01:27:33.773080
u000898,c009515,1.0,2025-08-25 15:18:19.744727
u000898,c009644,1.0,2025-08-30 06:59:07.694877
u000898,c009420,1.0,2025-09-17 19:16:00.437557
u000898,c009038,1.0,2025-09-23 06:37:46.459192
u000899,c007132,1.0,2024-12-16 03:47:17.073535
u000899,c006624,1.0,2025-04-29 19:25:00.192885
u000899,c006712,1.0,2025-05-14 23:34:13.662142
u000899,c006970,1.0,2025-07-06 06:42:56.999162
u000899,c006124,1.0,2025-07-20 03:38:18.824638
u000899,c007973,1.0,2025-07-24 00:03:06.082274
u000899,c006072,1.0,2025-08-17 22:13:59.645614
u000899,c006281,1.0,2025-09-10 12:51:24.963969
u000899,c007993,1.0,2025-09-11 03:15:19.918634
u000899,c006677,1.0,2025-11-03 07:19:32.130807
u000900,c008636,1.0,2024-11-17 00:52:50.200565
u000900,c009559,1.0,2024-11-18 09:55:33.773915
u000900,c009613,1.0,2024-12-10 04:07:33.832407
u000900,c009490,1.0,2024-12-25 04:39:50.339064
u000900,c009151,1.0,2025-02-05 17:20:58.969667
u000900,c007883,1.0,2025-02-27 23:37:39.550075
u000900,c008934,1.0,2025-07-14 03:03:44.522722
u000900,c008742,1.0,2025-08-04 01:44:15.945254
u000900,c008933,1.0,2025-08-08 23:01:14.052994
u000900,c009561,1.0,2025-08-12 15:30:49.701446
u000900,c008910,1.0,2025-09-11 00:00:14.192890
u000900,c008599,1.0,2025-10-31 15:54:00.276884
u000901,c008790,1.0,2024-11-22 08:14:49.299801
u000901,c008787,1.0,2024-11-24 15:23:12.351459
u000901,c008484,1.0,2024-11-28 14:19:17.120756
u000901,c008595,1.0,2025-01-17 10:18:01.748171
u000901,c009464,1.0,2025-02-02 10:23:20.561213
u000901,c009548,1.0,2025-02-17 07:34:34.320695
u000901,c008894,1.0,2025-04-10 00:57:01.982845
u000901,c009375,1.0,2025-05-09 09:46:28.645942
u000901,c009230,1.0,2025-06-19 08:52:17.883882
u000901,c008682,1.0,2025-07-16 23:19:09.384781
u000901,c008681,1.0,2025-08-20 15:44:41.772739
u000901,c008924,1.0,2025-09-09 02:46:35.544578
u000901,c008763,1.0,2025-09-09 04:25:32.600134
u000901,c009570,1.0,2025-10-10 11:15:45.180701
u000901,c009199,1.0,2025-10-15 11:02:36.496616
u000902,c009091,1.0,2024-12-02 18:28:39.057487
u000902,c008478,1.0,2025-02-28 10:06:06.759290
u000902,c008779,1.0,2025-03-16 22:49:24.224779
u000902,c006015,1.0,2025-03-22 02:54:17.395247
u000902,c009020,1.0,2025-05-02 20:47:17.392845
u000902,c008884,1.0,2025-07-08 17:26:48.853130
u000902,c008342,1.0,2025-08-12 13:04:24.753940
u000902,c008628,1.0,2025-08-17 19:14:05.838811
u000902,c008902,1.0,2025-09-12 11:12:30.067428
u000902,c006083,1.0,2025-09-23 18:32:28.490045
u000902,c008966,1.0,2025-09-26 21:31:12.698416
u000902,c007899,1.0,2025-10-04 19:09:04.907337
u000902,c009428,1.0,2025-10-28 14:57:10.766922
u000902,c009310,1.0,2025-11-01 00:00:19.131769
u000903,c007883,1.0,2025-02-08 03:45:24.578916
u000903,c007969,1.0,2025-02-25 08:48:56.291634
u000903,c009304,1.0,2025-02-27 05:26:39.877433
u000903,c006457,1.0,2025-03-14 14:06:07.507036
u000903,c008280,1.0,2025-04-07 22:34:22.149348
u000903,c009510,1.0,2025-05-17 01:23:23.616982
u000903,c008636,1.0,2025-05-18 04:20:32.018226
u000903,c009647,1.0,2025-06-26 07:05:37.936123
u000903,c008691,1.0,2025-07-08 04:49:03.088443
u000903,c008478,1.0,2025-07-11 12:54:14.978336
u000903,c008268,1.0,2025-08-06 17:02:43.374953
u000903,c007895,1.0,2025-08-30 18:13:41.141992
u000903,c008628,1.0,2025-09-15 22:32:44.802466
u000904,c009210,1.0,2024-11-18 05:38:27.292890
u000904,c009208,1.0,2024-12-25 23:54:39.202603
u000904,c009389,1.0,2025-02-17 13:49:04.674022
u000904,c008595,1.0,2025-07-04 14:53:16.475275
u000904,c009435,1.0,2025-07-24 22:12:08.177590
u000905,c008989,1.0,2025-04-06 09:47:16.830615
u000905,c008764,1.0,2025-06-11 21:50:30.655060
u000905,c008872,1.0,2025-09-27 07:33:13.917425
u000906,c006160,1.0,2024-12-21 16:36:53.546759
u000906,c006009,1.0,2024-12-26 00:52:05.480784
u000906,c008010,1.0,2025-01-11 19:35:22.011245
u000906,c006091,1.0,2025-01-18 21:00:51.382263
u000906,c006087,1.0,2025-04-22 03:19:41.227327
u000906,c006770,1.0,2025-04-29 07:21:41.730389
u000906,c006615,1.0,2025-04-30 08:11:52.171323
u000906,c006525,1.0,2025-05-19 00:33:33.740973
u000906,c006465,1.0,2025-05-27 08:24:45.008031
u000906,c009210,1.0,2025-06-07 02:12:19.229004
u000906,c006389,1.0,2025-08-03 00:00:53.862248
u000906,c009518,1.0,2025-08-16 01:56:14.071459
u000906,c009206,1.0,2025-10-20 07:43:24.320403
u000907,c009435,1.0,2025-01-04 13:28:48.636163
u000907,c009443,1.0,2025-02-03 00:19:08.275614
u000907,c008912,1.0,2025-02-12 17:04:12.515980
u000907,c007935,1.0,2025-02-25 02:55:02.338660
u000907,c008623,1.0,2025-03-02 18:56:32.303069
u000907,c008787,1.0,2025-03-03 00:56:50.521869
u000907,c008532,1.0,2025-04-18 16:26:39.498197
u000907,c007518,1.0,2025-06-03 18:37:30.685877
u000907,c007324,1.0,2025-07-03 08:26:24.372460
u000907,c008976,1.0,2025-07-13 23:38:36.684852
u000907,c008955,1.0,2025-07-15 02:04:19.173776
u000907,c007363,1.0,2025-08-15 17:45:27.074318
u000907,c008483,1.0,2025-09-23 12:18:26.616164
u000907,c008681,1.0,2025-11-02 05:56:07.074727
u000908,c008631,1.0,2024-12-15 23:43:43.631633
u000908,c009335,1.0,2025-01-20 22:34:33.249699
u000908,c006811,1.0,2025-02-07 02:24:09.373744
u000908,c006119,1.0,2025-02-15 19:39:43.781217
u000908,c006378,1.0,2025-05-20 05:48:16.212853
u000908,c007169,1.0,2025-06-03 04:01:04.284196
u000909,c009219,1.0,2025-01-06 07:13:52.538265
u000909,c006484,1.0,2025-01-17 19:40:47.236314
u000909,c008764,1.0,2025-03-03 13:26:09.579634
u000909,c008813,1.0,2025-03-16 02:33:34.086573
u000909,c008655,1.0,2025-03-19 21:56:13.876397
u000909,c009518,1.0,2025-04-27 07:30:17.471471
u000909,c008794,1.0,2025-04-28 21:12:27.110929
u000909,c008689,1.0,2025-05-14 01:18:57.074722
u000909,c008544,1.0,2025-07-02 23:04:33.216520
u000909,c008918,1.0,2025-07-16 11:57:04.317523
u000909,c008817,1.0,2025-08-12 13:40:37.759283
u000909,c009307,1.0,2025-08-22 09:45:57.832929
u000909,c008948,1.0,2025-09-09 04:49:11.273837
u000909,c008534,1.0,2025-10-24 00:45:36.935754
u000910,c008643,1.0,2025-01-17 06:21:41.128589
u000910,c006122,1.0,2025-01-22 21:18:38.064760
u000910,c006013,1.0,2025-02-04 13:02:43.978657
u000910,c006770,1.0,2025-03-10 05:55:05.987771
u000910,c006960,1.0,2025-03-12 20:52:20.814564
u000910,c006918,1.0,2025-03-18 05:44:01.061601
u000910,c006933,1.0,2025-03-18 09:28:37.099583
u000910,c006091,1.0,2025-04-22 18:25:26.803792
u000910,c006525,1.0,2025-04-29 15:22:56.539021
u000910,c006777,1.0,2025-05-14 08:06:55.291842
u000910,c006009,1.0,2025-08-15 17:43:46.803886
u000910,c008808,1.0,2025-08-30 03:25:05.299292
u000910,c006227,1.0,2025-09-02 15:06:09.195250
u000910,c006639,1.0,2025-09-17 05:53:35.874073
u000910,c006216,1.0,2025-10-02 14:28:12.018018
u000911,c006584,1.0,2024-11-10 07:35:37.870571
u000911,c007082,1.0,2024-12-03 09:36:01.375721
u000911,c006275,1.0,2025-01-30 11:10:52.584343
u000911,c007148,1.0,2025-02-15 23:01:07.162263
u000911,c006866,1.0,2025-02-22 09:01:56.728298
u000911,c008808,1.0,2025-03-27 05:18:48.362701
u000911,c006874,1.0,2025-04-18 10:35:31.619536
u000911,c007166,1.0,2025-06-17 14:27:32.241766
u000911,c006057,1.0,2025-09-11 10:53:00.155754
u000911,c007026,1.0,2025-09-22 03:08:50.435945
u000911,c008145,1.0,2025-09-22 21:37:37.867222
u000912,c008643,1.0,2025-01-17 02:41:53.489781
u000912,c008948,1.0,2025-03-17 22:56:23.804619
u000912,c006564,1.0,2025-04-04 13:55:18.030273
u000912,c008641,1.0,2025-07-29 22:37:07.308854
u000912,c008817,1.0,2025-09-25 16:12:45.248983
u000912,c009644,1.0,2025-10-13 23:38:23.384717
u000913,c009141,1.0,2024-11-19 14:06:21.180572
u000913,c008965,1.0,2024-12-18 10:52:52.316887
u000913,c009490,1.0,2025-01-03 12:08:04.453313
u000913,c008896,1.0,2025-03-26 08:06:12.930641
u000913,c007256,1.0,2025-05-03 23:56:42.579897
u000913,c008688,1.0,2025-05-12 22:35:00.330615
u000913,c008933,1.0,2025-05-25 08:11:47.422503
u000913,c008742,1.0,2025-06-03 03:55:28.202148
u000913,c008508,1.0,2025-07-12 06:50:16.546062
u000913,c009559,1.0,2025-09-28 20:57:36.304050
u000913,c009647,1.0,2025-10-13 03:14:44.460442
u000913,c009151,1.0,2025-10-15 00:10:00.922049
u000913,c009539,1.0,2025-10-16 06:12:45.830238
u000914,c007449,1.0,2025-01-06 07:19:14.375809
u000914,c009014,1.0,2025-05-13 22:18:31.558514
u000914,c009231,1.0,2025-06-22 15:42:59.144591
u000914,c008498,1.0,2025-07-12 05:40:59.831903
u000914,c008549,1.0,2025-07-19 10:30:38.322844
u000915,c009036,1.0,2024-11-26 02:33:57.881498
u000915,c007722,1.0,2024-12-05 16:02:55.823921
u000915,c007378,1.0,2025-01-04 18:24:18.277678
u000915,c008682,1.0,2025-01-16 08:05:50.927007
u000915,c007313,1.0,2025-01-16 20:55:35.252574
u000915,c007467,1.0,2025-01-19 16:41:25.288025
u000915,c007691,1.0,2025-04-10 07:04:34.384168
u000915,c007655,1.0,2025-04-17 10:15:41.893200
u000915,c007242,1.0,2025-07-19 11:53:50.835049
u000915,c008681,1.0,2025-07-20 09:34:19.552672
u000915,c007675,1.0,2025-09-01 03:07:30.972768
u000915,c007377,1.0,2025-09-10 18:15:53.052538
u000915,c007314,1.0,2025-10-10 22:50:36.504426
u000915,c008619,1.0,2025-10-15 11:46:10.012924
u000915,c007518,1.0,2025-10-29 16:21:41.524068
u000916,c006749,1.0,2024-11-12 12:56:18.302669
u000916,c006976,1.0,2025-01-27 21:47:34.694984
u000916,c006946,1.0,2025-04-04 19:04:08.746203
u000916,c006295,1.0,2025-04-29 07:20:05.543526
u000916,c006987,1.0,2025-04-29 13:34:01.444647
u000916,c006152,1.0,2025-05-14 13:10:44.683862
u000916,c007180,1.0,2025-07-02 07:39:47.291006
u000916,c006041,1.0,2025-08-22 06:01:27.785202
u000916,c006468,1.0,2025-08-22 19:46:29.074651
u000916,c006593,1.0,2025-11-05 18:42:46.800319
u000917,c009547,1.0,2025-03-05 10:45:40.782905
u000917,c006899,1.0,2025-09-06 17:26:05.479562
u000917,c009468,1.0,2025-10-03 22:52:00.506683
u000917,c008684,1.0,2025-10-08 02:19:40.020363
u000918,c006483,1.0,2024-12-23 06:54:34.634258
u000918,c006054,1.0,2025-02-09 16:07:43.289515
u000918,c008527,1.0,2025-02-09 22:31:12.289714
u000918,c006691,1.0,2025-04-03 19:02:26.841640
u000918,c006339,1.0,2025-07-26 00:34:30.365548
u000918,c009051,1.0,2025-09-16 18:16:51.004286
u000918,c006467,1.0,2025-10-06 13:32:10.892950
u000919,c007518,1.0,2025-03-21 06:50:20.988874
u000919,c006047,1.0,2025-04-28 11:45:54.394065
u000919,c006057,1.0,2025-04-28 12:36:20.829387
u000919,c008031,1.0,2025-05-10 12:03:37.132040
u000919,c008509,1.0,2025-05-13 18:30:11.175603
u000919,c006351,1.0,2025-05-15 21:26:02.420586
u000919,c009124,1.0,2025-05-22 15:24:45.278923
u000919,c006268,1.0,2025-07-25 05:04:46.405394
u000919,c008987,1.0,2025-08-15 10:20:38.544396
u000919,c006033,1.0,2025-08-30 00:33:03.512718
u000919,c008538,1.0,2025-09-21 00:34:06.025180
u000919,c006429,1.0,2025-10-16 03:38:29.023130
u000919,c006851,1.0,2025-10-26 10:01:00.639358
u000920,c009213,1.0,2024-11-15 19:26:49.461794
u000920,c008756,1.0,2025-03-04 11:31:10.208684
u000920,c009564,1.0,2025-03-14 11:38:15.991338
u000920,c009359,1.0,2025-03-18 07:57:12.546965
u000920,c009553,1.0,2025-04-10 07:42:44.494233
u000920,c008871,1.0,2025-04-25 06:35:55.854217
u000920,c009592,1.0,2025-04-30 06:25:35.146387
u000920,c007991,1.0,2025-05-06 23:42:48.457972
u000920,c008982,1.0,2025-06-06 20:08:20.017960
u000921,c009335,1.0,2025-05-17 16:30:12.997919
u000921,c009413,1.0,2025-05-28 13:32:06.760620
u000921,c009475,1.0,2025-08-04 23:58:37.024461
u000921,c008681,1.0,2025-08-12 15:15:56.631751
u000921,c009102,1.0,2025-08-17 04:50:23.504041
u000921,c009164,1.0,2025-09-10 14:18:05.017338
u000921,c008580,1.0,2025-09-26 05:11:31.824117
u000921,c009293,1.0,2025-10-15 15:15:02.434570
u000921,c008763,1.0,2025-10-19 13:57:50.186950
u000922,c008707,1.0,2024-11-16 19:48:20.765767
u000922,c009295,1.0,2024-11-26 08:28:52.649571
u000922,c008705,1.0,2024-12-08 11:45:44.033890
u000922,c009031,1.0,2025-01-17 19:49:35.388641
u000922,c008541,1.0,2025-03-10 14:27:52.021769
u000922,c008897,1.0,2025-03-30 01:07:58.358560
u000922,c008562,1.0,2025-06-15 11:05:08.787085
u000922,c009175,1.0,2025-06-23 14:22:31.147302
u000922,c009464,1.0,2025-07-11 15:52:17.884866
u000922,c009190,1.0,2025-08-29 09:21:11.503824
u000922,c008996,1.0,2025-09-22 03:03:14.152655
u000922,c008643,1.0,2025-10-02 16:44:50.725754
u000922,c008987,1.0,2025-10-09 03:52:35.196385
u000922,c009049,1.0,2025-11-04 09:23:05.220121
u000923,c009645,1.0,2024-11-10 10:02:33.251382
u000923,c008506,1.0,2025-01-11 20:30:44.475651
u000923,c008933,1.0,2025-05-09 10:29:40.228829
u000923,c009151,1.0,2025-07-05 09:47:31.816988
u000923,c009605,1.0,2025-07-08 04:49:29.411224
u000923,c008910,1.0,2025-08-11 04:02:57.039015
u000923,c009640,1.0,2025-09-14 21:02:51.830742
u000923,c009474,1.0,2025-11-05 02:52:45.563557
u000924,c008641,1.0,2025-04-13 17:37:33.721493
u000924,c008544,1.0,2025-05-31 16:08:04.066774
u000924,c009623,1.0,2025-06-01 22:32:57.097839
u000924,c008794,1.0,2025-08-04 06:17:36.215149
u000924,c009530,1.0,2025-08-17 10:04:56.984817
u000924,c009476,1.0,2025-08-23 10:57:09.579156
u000924,c009021,1.0,2025-08-29 12:29:32.065213
u000924,c009497,1.0,2025-09-13 16:46:10.253514
u000924,c008957,1.0,2025-10-19 15:05:21.606358
u000924,c008643,1.0,2025-11-03 12:08:04.177705
u000925,c006791,1.0,2024-11-21 03:05:18.681234
u000925,c007098,1.0,2025-01-29 17:02:56.328230
u000925,c009184,1.0,2025-02-14 15:12:10.408792
u000925,c008610,1.0,2025-02-23 06:48:25.883880
u000925,c007288,1.0,2025-07-14 06:39:17.188691
u000925,c006190,1.0,2025-07-19 20:28:13.968865
u000925,c006061,1.0,2025-08-15 20:09:57.215910
u000925,c006389,1.0,2025-08-21 23:54:05.713833
u000925,c009119,1.0,2025-08-23 12:13:16.338951
u000926,c007819,1.0,2024-11-19 22:07:11.711776
u000926,c008104,1.0,2024-12-09 03:19:49.813963
u000926,c006098,1.0,2025-01-03 16:35:53.238439
u000926,c006499,1.0,2025-01-27 00:58:16.428558
u000926,c009036,1.0,2025-01-30 17:51:11.386236
u000926,c008027,1.0,2025-02-02 04:08:49.110028
u000926,c007961,1.0,2025-02-21 04:27:58.781189
u000926,c006618,1.0,2025-02-26 07:57:14.114055
u000926,c008060,1.0,2025-03-01 16:47:02.948955
u000926,c009081,1.0,2025-03-10 04:28:23.469332
u000926,c006461,1.0,2025-03-17 19:26:06.461479
u000926,c006026,1.0,2025-07-09 17:56:30.203028
u000926,c007902,1.0,2025-08-29 21:17:46.006623
u000926,c008683,1.0,2025-10-29 17:38:24.708729
u000927,c008656,1.0,2024-11-10 19:14:27.867223
u000927,c009359,1.0,2025-03-10 08:22:56.714220
u000927,c008601,1.0,2025-04-25 14:46:01.539264
u000927,c009139,1.0,2025-06-28 19:36:07.916065
u000927,c009135,1.0,2025-07-10 09:13:24.853177
u000927,c008720,1.0,2025-07-15 18:52:38.090332
u000927,c009470,1.0,2025-08-20 05:29:30.995922
u000927,c008751,1.0,2025-11-05 10:29:18.979625
u000927,c009352,1.0,2025-11-06 20:00:24.849230
u000928,c008751,1.0,2024-12-17 23:39:34.505545
u000928,c009215,1.0,2025-01-01 23:51:24.536001
u000928,c007210,1.0,2025-02-11 11:07:01.495883
u000928,c007674,1.0,2025-03-01 14:59:41.150908
u000928,c008601,1.0,2025-03-12 10:15:32.823426
u000928,c008477,1.0,2025-04-14 18:00:26.851914
u000928,c009558,1.0,2025-04-17 09:50:08.525667
u000928,c009199,1.0,2025-07-01 23:57:23.331029
u000928,c008878,1.0,2025-07-08 11:34:40.901443
u000928,c008639,1.0,2025-07-11 02:06:38.371087
u000928,c008608,1.0,2025-07-22 08:18:50.449910
u000928,c008763,1.0,2025-08-09 12:27:41.157944
u000928,c008808,1.0,2025-08-18 16:04:38.724105
u000928,c008823,1.0,2025-09-15 18:45:35.803697
u000928,c009524,1.0,2025-11-04 09:39:03.799383
u000929,c008867,1.0,2024-12-25 03:22:05.299940
u000929,c009238,1.0,2025-01-01 22:08:44.577798
u000929,c009478,1.0,2025-02-25 14:58:48.630837
u000929,c009218,1.0,2025-05-19 17:53:08.030462
u000929,c009476,1.0,2025-07-05 06:54:07.017002
u000929,c009199,1.0,2025-08-05 04:21:52.778643
u000929,c008572,1.0,2025-08-21 20:49:34.064188
u000929,c008959,1.0,2025-09-28 20:37:03.343554
u000930,c008961,1.0,2024-12-16 01:20:52.096624
u000930,c008475,1.0,2025-02-21 00:35:07.794268
u000930,c007991,1.0,2025-05-23 05:00:27.237004
u000930,c007966,1.0,2025-07-26 17:05:43.823285
u000930,c009226,1.0,2025-08-11 17:40:37.956189
u000930,c009467,1.0,2025-09-01 01:20:16.358392
u000930,c008602,1.0,2025-10-16 21:50:39.887099
u000931,c007302,1.0,2024-11-07 14:32:46.694693
u000931,c007695,1.0,2025-01-28 20:13:02.624113
u000931,c008492,1.0,2025-06-13 08:06:50.351345
u000931,c007207,1.0,2025-08-21 06:08:59.731057
u000931,c009570,1.0,2025-08-31 03:17:04.503470
u000931,c008712,1.0,2025-09-26 23:56:18.956260
u000932,c008787,1.0,2024-11-06 21:12:26.736155
u000932,c009212,1.0,2024-11-27 01:32:28.380252
u000932,c009336,1.0,2025-01-15 20:27:34.880315
u000932,c008981,1.0,2025-04-02 03:58:53.319609
u000932,c006066,1.0,2025-05-07 07:47:54.425174
u000932,c009210,1.0,2025-05-24 20:20:10.645679
u000932,c009180,1.0,2025-07-05 16:37:34.454287
u000932,c009644,1.0,2025-08-22 00:23:10.766944
u000932,c009435,1.0,2025-08-30 15:22:58.136079
u000933,c009080,1.0,2024-11-18 23:06:04.135416
u000933,c005998,1.0,2024-12-20 13:03:47.677010
u000933,c008808,1.0,2025-01-15 22:55:10.704552
u000933,c006143,1.0,2025-01-30 03:03:10.718061
u000933,c008477,1.0,2025-02-13 18:19:58.392889
u000933,c006236,1.0,2025-03-17 07:34:15.919889
u000933,c006995,1.0,2025-04-03 05:21:36.057653
u000933,c007139,1.0,2025-04-04 01:05:17.475984
u000933,c006110,1.0,2025-05-02 07:02:15.917549
u000933,c006061,1.0,2025-05-14 17:20:43.653282
u000933,c006984,1.0,2025-07-17 19:31:13.267246
u000933,c008751,1.0,2025-07-29 10:48:30.105808
u000934,c008764,1.0,2024-11-08 06:30:45.576754
u000934,c008948,1.0,2024-11-14 22:49:19.300883
u000934,c007294,1.0,2025-02-24 13:29:29.337181
u000934,c001012,1.0,2025-03-03 18:15:10.193193
u000934,c006955,1.0,2025-08-13 21:31:07.190277
u000934,c006325,1.0,2025-10-03 14:24:19.185604
u000935,c008974,1.0,2024-12-14 15:41:34.516518
u000935,c008539,1.0,2025-01-13 22:01:53.322039
u000935,c009502,1.0,2025-04-01 03:50:15.940370
u000935,c008626,1.0,2025-09-24 16:52:09.447199
u000936,c009055,1.0,2024-12-04 00:48:58.435322
u000936,c009170,1.0,2024-12-06 05:23:29.104446
u000936,c008834,1.0,2025-01-25 08:17:33.490908
u000936,c008873,1.0,2025-01-31 16:00:10.559029
u000936,c008534,1.0,2025-02-02 15:26:40.965838
u000936,c008815,1.0,2025-03-06 18:47:00.526598
u000936,c008664,1.0,2025-03-11 22:20:36.146050
u000936,c008582,1.0,2025-04-12 18:20:10.772812
u000936,c009299,1.0,2025-07-23 11:44:23.732496
u000936,c008495,1.0,2025-09-15 21:27:45.347346
u000936,c009359,1.0,2025-10-08 14:10:10.344923
u000936,c006556,1.0,2025-10-12 12:42:57.163964
u000936,c009481,1.0,2025-10-21 07:13:40.835526
u000937,c008580,1.0,2024-11-12 00:30:53.757799
u000937,c009173,1.0,2024-11-25 23:34:55.511522
u000937,c009057,1.0,2024-11-27 11:32:01.717820
u000937,c008638,1.0,2024-12-16 12:42:55.783739
u000937,c009185,1.0,2025-01-09 14:36:07.984567
u000937,c009413,1.0,2025-04-06 11:37:07.835142
u000937,c008981,1.0,2025-05-06 03:16:55.351677
u000937,c008496,1.0,2025-06-05 05:03:00.825179
u000937,c009209,1.0,2025-07-31 19:34:49.725724
u000937,c008921,1.0,2025-08-11 06:56:45.928209
u000937,c008881,1.0,2025-08-14 12:49:35.412547
u000937,c008625,1.0,2025-08-25 19:36:10.422309
u000937,c009038,1.0,2025-09-07 20:06:08.572863
u000937,c009201,1.0,2025-09-09 07:02:50.719915
u000937,c008490,1.0,2025-10-09 05:58:30.108848
u000938,c008707,1.0,2024-11-22 06:24:54.683745
u000938,c009548,1.0,2025-01-24 13:36:31.561431
u000938,c007449,1.0,2025-02-01 09:07:00.490921
u000938,c006562,1.0,2025-02-13 03:44:18.275256
u000938,c009057,1.0,2025-02-22 14:33:23.964022
u000938,c007149,1.0,2025-03-12 21:07:19.864930
u000938,c007463,1.0,2025-04-02 08:09:07.657438
u000938,c008608,1.0,2025-04-07 21:30:35.759486
u000938,c009537,1.0,2025-04-29 12:35:58.416753
u000938,c006484,1.0,2025-06-14 14:44:59.779348
u000938,c008484,1.0,2025-08-11 02:32:32.771860
u000938,c008736,1.0,2025-08-21 11:10:49.477449
u000938,c008612,1.0,2025-09-06 07:49:47.769559
u000938,c007714,1.0,2025-10-16 07:10:12.361832
u000939,c008854,1.0,2024-11-06 23:18:45.245576
u000939,c008686,1.0,2025-01-10 09:23:03.260505
u000939,c009187,1.0,2025-03-31 23:02:46.445763
u000939,c008845,1.0,2025-04-24 07:27:34.595790
u000939,c009004,1.0,2025-09-06 02:57:47.629463
u000940,c007575,1.0,2024-11-19 12:24:20.444611
u000940,c008480,1.0,2024-12-08 14:08:43.212277
u000940,c007485,1.0,2025-01-05 08:25:56.369278
u000940,c007251,1.0,2025-02-11 09:00:33.820355
u000940,c008627,1.0,2025-02-21 19:46:19.130898
u000940,c009208,1.0,2025-03-19 00:51:07.801570
u000940,c007248,1.0,2025-04-01 11:29:06.085282
u000940,c008509,1.0,2025-05-18 15:46:42.425956
u000940,c009184,1.0,2025-07-04 19:31:51.365575
u000940,c008994,1.0,2025-08-03 08:13:08.620011
u000940,c009301,1.0,2025-10-08 01:29:36.174992
u000941,c008707,1.0,2024-12-24 07:40:48.237941
u000941,c009001,1.0,2025-02-05 13:59:42.158434
u000941,c009364,1.0,2025-03-01 00:59:57.981918
u000941,c009210,1.0,2025-03-19 04:39:31.717938
u000941,c007276,1.0,2025-03-22 17:53:23.974908
u000941,c008808,1.0,2025-04-20 22:06:42.452780
u000941,c009570,1.0,2025-04-25 18:29:11.750823
u000941,c008677,1.0,2025-06-24 06:07:14.524603
u000941,c009212,1.0,2025-07-15 23:37:31.096445
u000941,c008996,1.0,2025-07-23 21:37:26.380051
u000941,c009226,1.0,2025-10-21 05:03:16.836059
u000941,c008998,1.0,2025-11-05 05:56:36.211159
u000942,c008492,1.0,2025-01-19 20:59:47.974656
u000942,c009269,1.0,2025-03-03 00:18:58.830413
u000942,c008478,1.0,2025-03-07 02:23:54.693732
u000942,c003256,1.0,2025-03-13 21:47:22.759025
u000942,c009213,1.0,2025-03-18 02:53:14.966115
u000942,c009012,1.0,2025-05-14 23:43:04.283647
u000942,c009581,1.0,2025-07-26 04:23:15.921787
u000942,c009165,1.0,2025-08-05 16:10:40.027029
u000942,c002327,1.0,2025-08-16 15:15:40.205674
u000942,c007397,1.0,2025-10-05 17:15:03.015961
u000942,c003107,1.0,2025-10-26 08:00:47.439955
u000942,c008591,1.0,2025-11-02 18:46:50.430992
u000943,c006095,1.0,2025-01-29 09:40:47.644987
u000943,c006680,1.0,2025-05-01 12:29:53.383850
u000943,c006135,1.0,2025-06-16 20:57:48.453413
u000943,c006120,1.0,2025-10-28 00:39:12.804674
u000944,c009344,1.0,2025-02-07 11:31:03.495482
u000944,c009032,1.0,2025-02-13 14:01:26.121154
u000944,c007518,1.0,2025-03-01 03:09:28.399133
u000944,c009180,1.0,2025-03-08 12:16:56.160167
u000944,c008023,1.0,2025-04-13 07:48:46.017560
u000944,c008474,1.0,2025-07-12 07:29:14.298447
u000944,c009605,1.0,2025-07-25 14:07:09.906800
u000944,c008575,1.0,2025-07-28 11:12:48.658158
u000944,c009151,1.0,2025-08-03 19:27:19.381972
u000944,c008933,1.0,2025-09-03 10:01:16.635300
u000945,c007099,1.0,2024-11-26 21:03:32.534942
u000945,c007043,1.0,2025-04-13 22:21:46.374338
u000945,c007276,1.0,2025-05-15 12:48:49.076970
u000945,c008787,1.0,2025-08-18 08:23:47.067165
u000945,c007881,1.0,2025-08-26 21:23:07.165892
u000945,c007185,1.0,2025-10-16 11:42:31.927300
u000946,c008537,1.0,2025-02-27 13:57:06.941022
u000946,c008772,1.0,2025-04-30 11:00:43.227062
u000946,c009267,1.0,2025-08-01 03:48:23.639621
u000946,c008891,1.0,2025-09-21 02:44:53.487571
u000947,c007210,1.0,2025-01-15 18:35:45.187830
u000947,c009470,1.0,2025-01-18 05:38:37.619430
u000947,c009285,1.0,2025-02-07 01:42:58.088046
u000947,c007756,1.0,2025-02-10 09:53:56.123877
u000947,c007221,1.0,2025-04-22 23:29:46.353831
u000947,c007335,1.0,2025-04-28 00:45:11.672166
u000947,c009307,1.0,2025-05-27 00:34:49.715961
u000947,c008601,1.0,2025-05-31 14:07:46.244480
u000947,c006191,1.0,2025-07-21 16:14:25.837676
u000947,c007204,1.0,2025-07-23 13:04:31.811437
u000947,c009652,1.0,2025-07-26 19:47:48.608576
u000947,c007185,1.0,2025-10-01 18:32:00.588751
u000947,c007645,1.0,2025-10-22 18:21:05.445433
u000948,c008478,1.0,2024-11-12 05:33:09.769643
u000948,c008884,1.0,2025-03-04 02:57:11.497333
u000948,c008620,1.0,2025-06-04 20:04:37.379370
u000948,c009091,1.0,2025-07-04 06:11:30.226927
u000948,c008691,1.0,2025-07-20 20:57:22.356901
u000948,c008143,1.0,2025-07-23 11:36:03.034223
u000948,c009232,1.0,2025-08-13 19:15:16.035873
u000949,c009556,1.0,2025-02-02 21:06:32.836905
u000949,c008494,1.0,2025-03-07 08:40:08.925873
u000949,c009238,1.0,2025-03-24 02:14:34.954455
u000949,c008643,1.0,2025-04-13 15:58:31.305169
u000949,c008867,1.0,2025-05-21 04:03:17.333488
u000949,c008826,1.0,2025-05-22 13:56:10.281644
u000949,c008720,1.0,2025-07-31 20:59:26.725602
u000949,c009169,1.0,2025-08-04 17:38:47.951514
u000949,c009186,1.0,2025-08-09 15:38:49.757487
u000949,c009222,1.0,2025-08-30 21:35:53.000726
u000949,c008612,1.0,2025-10-21 15:28:24.671661
u000949,c008528,1.0,2025-11-04 18:06:23.019263
u000950,c009487,1.0,2024-12-05 15:15:51.701789
u000950,c008982,1.0,2025-03-07 01:32:39.560975
u000950,c008699,1.0,2025-10-10 14:38:05.333921
u000951,c007510,1.0,2025-01-17 18:35:20.445109
u000951,c007277,1.0,2025-02-02 11:35:01.750477
u000951,c007756,1.0,2025-04-12 21:05:26.937805
u000951,c007185,1.0,2025-05-18 08:14:17.154745
u000951,c007276,1.0,2025-07-19 05:12:08.622718
u000952,c008708,1.0,2024-11-08 22:35:26.678410
u000952,c006158,1.0,2024-11-12 09:29:23.713470
u000952,c009089,1.0,2024-11-29 06:39:14.955543
u000952,c006096,1.0,2025-01-21 08:51:30.645628
u000952,c009409,1.0,2025-01-28 13:40:25.475321
u000952,c008974,1.0,2025-06-03 00:02:45.554409
u000952,c008852,1.0,2025-09-10 08:24:05.040277
u000952,c008545,1.0,2025-10-18 16:29:27.239545
u000952,c007077,1.0,2025-10-28 22:51:57.124467
u000953,c001402,1.0,2024-12-25 07:48:38.366331
u000953,c008801,1.0,2024-12-31 21:06:39.336492
u000953,c009518,1.0,2025-01-01 11:00:32.757285
u000953,c008987,1.0,2025-01-20 04:24:03.668990
u000953,c009146,1.0,2025-03-03 19:19:35.819371
u000953,c008688,1.0,2025-04-28 06:11:34.930707
u000953,c008696,1.0,2025-05-08 21:00:25.688754
u000953,c008769,1.0,2025-06-22 11:14:30.077810
u000953,c009108,1.0,2025-07-22 11:54:15.687977
u000953,c009234,1.0,2025-08-02 08:28:44.814846
u000953,c009226,1.0,2025-08-14 20:08:25.893845
u000953,c009510,1.0,2025-08-25 19:28:41.926004
u000953,c008718,1.0,2025-09-19 20:55:18.217417
u000953,c009379,1.0,2025-10-12 19:49:50.380966
u000953,c009294,1.0,2025-10-14 03:37:43.187111
u000954,c008968,1.0,2024-12-15 07:49:21.394718
u000954,c009135,1.0,2025-04-16 15:53:58.962019
u000954,c008808,1.0,2025-08-17 11:22:27.526160
u000954,c009268,1.0,2025-11-01 08:49:32.912011
u000955,c009004,1.0,2024-12-24 01:07:59.574854
u000955,c009103,1.0,2025-09-07 09:54:32.455580
u000955,c008808,1.0,2025-09-29 14:22:06.448345
u000956,c008896,1.0,2024-12-21 15:42:39.235661
u000956,c009475,1.0,2024-12-27 03:12:11.292154
u000956,c009413,1.0,2025-01-15 10:35:38.992781
u000956,c008710,1.0,2025-01-30 16:59:46.112684
u000956,c009327,1.0,2025-02-13 20:40:51.034547
u000956,c008656,1.0,2025-02-23 03:40:31.005801
u000956,c009466,1.0,2025-03-22 16:30:27.289341
u000956,c008981,1.0,2025-04-02 16:14:39.405655
u000956,c008643,1.0,2025-04-10 19:35:11.206166
u000956,c008513,1.0,2025-04-27 13:05:38.323670
u000956,c009038,1.0,2025-06-05 15:27:32.858820
u000956,c009445,1.0,2025-07-22 22:59:36.644128
u000956,c007980,1.0,2025-08-19 16:03:01.023175
u000956,c009002,1.0,2025-08-26 00:09:37.997425
u000957,c006342,1.0,2024-11-18 22:10:46.328022
u000957,c009301,1.0,2024-11-26 13:50:24.150902
u000957,c009487,1.0,2024-12-01 17:06:59.272730
u000957,c008586,1.0,2024-12-17 13:08:26.831152
u000957,c009268,1.0,2024-12-22 14:22:40.496176
u000957,c009289,1.0,2024-12-30 04:54:21.387801
u000957,c008978,1.0,2025-01-02 09:30:48.164423
u000957,c009359,1.0,2025-03-13 16:57:52.974770
u000957,c009011,1.0,2025-04-15 19:15:01.902686
u000957,c008971,1.0,2025-04-17 11:18:41.733995
u000957,c008699,1.0,2025-04-26 10:54:31.054673
u000957,c008467,1.0,2025-07-04 21:56:06.734319
u000957,c008677,1.0,2025-07-31 02:56:41.238450
u000957,c009348,1.0,2025-08-01 19:49:35.745378
u000957,c008686,1.0,2025-10-05 21:42:34.332358
u000958,c008577,1.0,2025-02-02 06:09:46.457836
u000958,c008858,1.0,2025-04-03 10:41:19.186633
u000958,c008713,1.0,2025-08-28 20:00:18.701668
u000958,c009012,1.0,2025-10-11 21:44:10.061234
u000959,c008997,1.0,2024-11-11 17:25:32.875256
u000959,c008808,1.0,2024-11-15 06:45:46.664154
u000959,c008682,1.0,2024-11-30 10:00:55.833058
u000959,c008968,1.0,2024-12-07 04:59:37.784686
u000959,c009558,1.0,2025-01-23 06:43:18.801830
u000959,c009080,1.0,2025-02-12 00:01:44.552470
u000959,c008751,1.0,2025-02-24 16:33:07.459576
u000959,c009508,1.0,2025-04-14 06:59:27.757948
u000959,c009199,1.0,2025-06-20 12:18:56.786020
u000959,c009150,1.0,2025-06-24 02:47:15.386834
u000959,c008608,1.0,2025-06-28 07:39:57.413353
u000959,c009004,1.0,2025-07-20 05:53:31.004754
u000959,c009270,1.0,2025-07-22 09:15:09.046115
u000959,c008878,1.0,2025-09-03 00:31:02.828793
u000959,c008989,1.0,2025-10-22 09:34:55.360920
u000960,c006120,1.0,2024-11-11 15:38:01.128665
u000960,c009214,1.0,2025-02-04 00:45:51.999291
u000960,c006209,1.0,2025-02-15 09:36:50.552736
u000960,c006170,1.0,2025-03-02 16:18:27.480646
u000960,c008612,1.0,2025-03-10 14:57:18.729472
u000960,c009464,1.0,2025-03-28 11:02:44.177002
u000960,c008709,1.0,2025-05-22 03:48:42.884160
u000960,c009379,1.0,2025-05-25 16:00:42.218533
u000960,c009523,1.0,2025-08-29 20:55:18.491884
u000960,c006366,1.0,2025-09-05 11:53:56.242221
u000961,c007911,1.0,2024-11-15 16:52:40.555110
u000961,c007883,1.0,2024-11-19 06:17:35.316489
u000961,c008101,1.0,2024-12-19 17:50:04.672333
u000961,c007302,1.0,2025-01-25 12:52:47.604373
u000961,c008348,1.0,2025-01-30 03:12:49.496045
u000961,c008950,1.0,2025-02-10 05:44:33.715529
u000961,c008871,1.0,2025-03-13 05:22:26.085428
u000961,c008326,1.0,2025-03-15 16:36:50.507096
u000961,c007924,1.0,2025-06-13 16:28:01.259601
u000961,c008340,1.0,2025-07-26 20:39:23.893746
u000961,c007966,1.0,2025-07-29 03:13:44.726610
u000962,c008808,1.0,2025-03-09 22:07:23.841954
u000962,c008648,1.0,2025-03-14 04:54:48.966950
u000962,c008636,1.0,2025-04-09 11:27:57.796752
u000962,c006281,1.0,2025-05-14 23:43:30.123999
u000962,c007200,1.0,2025-05-29 07:26:28.608363
u000962,c007138,1.0,2025-05-29 14:23:21.822522
u000962,c006857,1.0,2025-06-19 11:47:26.480665
u000962,c006520,1.0,2025-07-05 18:41:57.607147
u000962,c006409,1.0,2025-07-13 20:36:29.192321
u000962,c006348,1.0,2025-07-15 07:50:24.601490
u000962,c006970,1.0,2025-08-30 12:24:10.525574
u000962,c006712,1.0,2025-09-13 02:48:35.103058
u000962,c006677,1.0,2025-09-24 21:00:55.960695
u000962,c007099,1.0,2025-10-22 02:00:06.757948
u000963,c009398,1.0,2025-01-06 15:35:09.091006
u000963,c009020,1.0,2025-04-01 18:46:00.752023
u000963,c008628,1.0,2025-05-04 12:28:49.327487
u000963,c008691,1.0,2025-07-23 15:27:19.315734
u000963,c009464,1.0,2025-09-09 06:26:19.682049
u000963,c009232,1.0,2025-09-16 08:51:58.559979
u000964,c008617,1.0,2025-01-01 16:38:55.732424
u000964,c009416,1.0,2025-02-10 05:10:44.448662
u000964,c009206,1.0,2025-06-18 16:53:00.140724
u000964,c009388,1.0,2025-10-01 06:39:19.716721
u000964,c009121,1.0,2025-10-06 23:14:15.564380
u000964,c008900,1.0,2025-11-05 09:15:32.750804
u000965,c007483,1.0,2024-11-19 19:42:30.694618
u000965,c009502,1.0,2025-02-27 19:35:37.506567
u000965,c007747,1.0,2025-03-19 00:34:41.277041
u000965,c007437,1.0,2025-04-07 08:01:57.325833
u000965,c008586,1.0,2025-04-15 03:10:31.683169
u000965,c006056,1.0,2025-06-13 02:49:29.045147
u000965,c008661,1.0,2025-08-06 14:27:34.005692
u000965,c009408,1.0,2025-08-17 17:29:14.113593
u000965,c009268,1.0,2025-09-02 18:57:29.765455
u000965,c009186,1.0,2025-09-09 20:04:58.459816
u000965,c008708,1.0,2025-09-16 10:08:21.796314
u000965,c007881,1.0,2025-10-04 23:35:41.134753
u000965,c009362,1.0,2025-10-05 18:40:21.523420
u000965,c007217,1.0,2025-10-22 12:40:16.670781
u000966,c008682,1.0,2024-12-27 18:15:45.945499
u000966,c008490,1.0,2025-01-19 23:47:01.589273
u000966,c009210,1.0,2025-03-13 20:10:11.314887
u000966,c008603,1.0,2025-06-07 00:05:15.018270
u000966,c009429,1.0,2025-07-23 22:32:25.446259
u000966,c009570,1.0,2025-10-22 04:11:37.739048
u000967,c009239,1.0,2024-12-08 01:35:06.599981
u000967,c007175,1.0,2025-01-08 21:26:14.381234
u000967,c008800,1.0,2025-01-11 03:54:51.243740
u000967,c008394,1.0,2025-02-11 20:19:36.991970
u000967,c009437,1.0,2025-05-15 10:30:12.104111
u000967,c009132,1.0,2025-07-01 11:56:47.584800
u000967,c009109,1.0,2025-08-04 10:43:33.308448
u000967,c006438,1.0,2025-08-07 10:57:01.021927
u000967,c006395,1.0,2025-09-11 23:26:19.305081
u000968,c008709,1.0,2024-12-23 19:44:33.544066
u000968,c008503,1.0,2025-02-06 17:22:29.114208
u000968,c008656,1.0,2025-06-09 14:57:41.297026
u000968,c009295,1.0,2025-07-19 02:11:50.007825
u000969,c008478,1.0,2024-12-23 19:19:55.910248
u000969,c008628,1.0,2024-12-31 13:36:21.517739
u000969,c008779,1.0,2025-03-16 03:26:41.679983
u000969,c008820,1.0,2025-03-27 21:50:08.653615
u000969,c009510,1.0,2025-04-16 16:02:47.078023
u000969,c009539,1.0,2025-05-24 01:33:15.496153
u000969,c009392,1.0,2025-06-24 21:53:22.517763
u000969,c008596,1.0,2025-07-17 13:09:19.026916
u000969,c008884,1.0,2025-07-25 14:40:03.878403
u000969,c008720,1.0,2025-08-25 11:46:08.404661
u000969,c008691,1.0,2025-08-26 14:26:42.263517
u000969,c009020,1.0,2025-10-16 17:16:58.179307
u000969,c009398,1.0,2025-10-22 17:13:28.771886
u000969,c006183,1.0,2025-11-06 20:25:04.757590
u000970,c008032,1.0,2024-12-07 04:30:48.023300
u000970,c009293,1.0,2025-02-25 23:41:21.484034
u000970,c007978,1.0,2025-03-11 13:44:52.468575
u000970,c009416,1.0,2025-03-17 14:07:32.672628
u000970,c009354,1.0,2025-04-08 06:45:28.480464
u000970,c007515,1.0,2025-04-09 14:56:17.307395
u000970,c008763,1.0,2025-04-17 04:16:46.520285
u000970,c007967,1.0,2025-05-05 13:28:33.168794
u000970,c008921,1.0,2025-07-03 18:51:29.606331
u000970,c009321,1.0,2025-09-28 16:14:41.339449
u000970,c009475,1.0,2025-10-09 17:47:30.995066
u000971,c008680,1.0,2025-03-24 07:39:13.119556
u000971,c007099,1.0,2025-03-31 11:37:57.142222
u000971,c008787,1.0,2025-04-19 09:19:25.259577
u000972,c008897,1.0,2025-04-20 22:49:57.038284
u000972,c008857,1.0,2025-06-07 02:23:19.890583
u000972,c008685,1.0,2025-07-25 01:55:40.953932
u000972,c009314,1.0,2025-09-17 18:52:28.133464
u000973,c008708,1.0,2024-11-22 15:49:22.417255
u000973,c006528,1.0,2024-11-28 02:10:31.746280
u000973,c009641,1.0,2025-06-11 00:43:06.623770
u000973,c006374,1.0,2025-08-12 16:05:30.952656
u000973,c008507,1.0,2025-09-12 07:26:51.283696
u000974,c008088,1.0,2024-11-19 09:45:49.234215
u000974,c008682,1.0,2025-01-09 16:33:43.870321
u000974,c009065,1.0,2025-01-30 17:04:45.471653
u000974,c009204,1.0,2025-03-08 17:43:42.721568
u000974,c009228,1.0,2025-04-24 23:50:10.246064
u000974,c009566,1.0,2025-05-30 13:58:10.958273
u000974,c008058,1.0,2025-07-19 06:13:50.714418
u000974,c008013,1.0,2025-09-03 15:09:24.130750
u000974,c008901,1.0,2025-10-01 18:41:12.466275
u000975,c007966,1.0,2025-01-03 14:50:38.146327
u000975,c006344,1.0,2025-04-28 17:06:16.771145
u000975,c009360,1.0,2025-05-03 18:43:45.648260
u000975,c008572,1.0,2025-05-11 13:00:05.175798
u000975,c008005,1.0,2025-05-16 15:00:20.532955
u000975,c009533,1.0,2025-07-03 05:24:36.370733
u000975,c009403,1.0,2025-07-04 11:35:01.609665
u000975,c008839,1.0,2025-07-20 01:53:44.534259
u000975,c008992,1.0,2025-08-01 17:55:05.564010
u000975,c006027,1.0,2025-09-01 12:17:20.882190
u000975,c008340,1.0,2025-10-04 12:59:41.691940
u000975,c008586,1.0,2025-10-11 04:35:35.568161
u000975,c008816,1.0,2025-10-29 11:16:51.773816
u000976,c009213,1.0,2025-02-07 10:34:36.454482
u000976,c008596,1.0,2025-02-08 16:19:57.769590
u000976,c006068,1.0,2025-02-22 12:19:36.407152
u000977,c009258,1.0,2025-03-31 22:35:34.630436
u000977,c009233,1.0,2025-07-14 11:07:20.111177
u000977,c009268,1.0,2025-07-15 01:03:32.884874
u000978,c008572,1.0,2024-12-19 04:10:09.697035
u000978,c008987,1.0,2024-12-30 13:16:58.982701
u000978,c009079,1.0,2025-01-02 22:55:32.674504
u000978,c008996,1.0,2025-02-08 12:08:26.535601
u000978,c008808,1.0,2025-03-10 23:09:54.427298
u000978,c008601,1.0,2025-05-06 01:01:50.424570
u000978,c009063,1.0,2025-06-01 18:20:09.668470
u000978,c009028,1.0,2025-06-29 07:16:19.756222
u000978,c008707,1.0,2025-07-25 00:36:20.179331
u000978,c009173,1.0,2025-09-20 16:17:12.970353
u000978,c008541,1.0,2025-09-29 17:54:17.363729
u000979,c006556,1.0,2024-12-09 12:44:02.204283
u000979,c008478,1.0,2024-12-28 19:10:25.312688
u000979,c006336,1.0,2025-04-01 05:53:24.971092
u000979,c006343,1.0,2025-04-26 15:04:02.232908
u000979,c009396,1.0,2025-05-19 10:39:57.598741
u000979,c009647,1.0,2025-06-20 01:10:08.377710
u000979,c008942,1.0,2025-06-25 17:56:57.764736
u000979,c006887,1.0,2025-06-30 12:18:36.828167
u000979,c008886,1.0,2025-10-25 12:52:18.635910
u000979,c006074,1.0,2025-10-31 03:48:14.789990
u000980,c009028,1.0,2024-12-03 08:51:59.367368
u000980,c008541,1.0,2025-01-15 02:45:47.901896
u000980,c009510,1.0,2025-01-15 22:11:02.569541
u000980,c008534,1.0,2025-04-17 05:36:57.897507
u000980,c008764,1.0,2025-05-16 16:31:28.170817
u000980,c008691,1.0,2025-07-24 12:19:54.995537
u000980,c009503,1.0,2025-09-01 11:50:49.964525
u000980,c008707,1.0,2025-10-11 17:17:23.681058
u000980,c009232,1.0,2025-10-12 12:19:01.528801
u000981,c008971,1.0,2024-12-03 00:04:32.493250
u000981,c009272,1.0,2024-12-25 10:20:06.448004
u000981,c008782,1.0,2025-05-08 08:40:08.514199
u000981,c008958,1.0,2025-06-19 04:13:59.477992
u000981,c009457,1.0,2025-08-11 19:53:10.113358
u000981,c008577,1.0,2025-09-01 02:58:16.344714
u000982,c009253,1.0,2024-11-24 20:20:47.907704
u000982,c008719,1.0,2024-12-10 20:20:46.522092
u000982,c008978,1.0,2025-01-03 00:36:03.191349
u000982,c007931,1.0,2025-01-21 03:43:01.561620
u000982,c009334,1.0,2025-03-06 05:55:24.272109
u000982,c008894,1.0,2025-04-07 07:33:48.730662
u000982,c009352,1.0,2025-04-11 04:05:36.416058
u000982,c008971,1.0,2025-09-15 20:22:37.028398
u000982,c009359,1.0,2025-10-08 13:34:31.998173
u000982,c009295,1.0,2025-10-14 03:22:18.396598
u000982,c008564,1.0,2025-10-24 21:08:29.802407
u000983,c008734,1.0,2025-01-20 21:25:37.374397
u000983,c009408,1.0,2025-02-01 06:55:03.837764
u000983,c008497,1.0,2025-03-04 04:17:13.369535
u000983,c009362,1.0,2025-05-17 04:10:32.957220
u000983,c008686,1.0,2025-06-20 04:04:24.903262
u000983,c008984,1.0,2025-07-18 04:37:37.672405
u000983,c008835,1.0,2025-08-22 20:14:02.020004
u000983,c008725,1.0,2025-08-23 18:52:54.766974
u000983,c008891,1.0,2025-08-26 04:10:48.601203
u000983,c008572,1.0,2025-09-23 15:51:08.049364
u000984,c009208,1.0,2024-12-14 20:21:16.193619
u000984,c009324,1.0,2025-01-23 04:06:18.496424
u000984,c008896,1.0,2025-02-08 01:07:13.876571
u000984,c007836,1.0,2025-03-24 20:02:25.297842
u000984,c008290,1.0,2025-04-26 10:01:30.339656
u000984,c009513,1.0,2025-05-31 08:37:07.663084
u000984,c008286,1.0,2025-06-10 05:25:46.501289
u000984,c008302,1.0,2025-07-11 20:35:39.966939
u000984,c009475,1.0,2025-08-10 22:40:25.727461
u000984,c008170,1.0,2025-10-08 04:38:29.509413
u000985,c008811,1.0,2024-11-25 11:40:59.602602
u000985,c009479,1.0,2024-11-29 09:45:17.330562
u000985,c009344,1.0,2024-12-02 17:26:21.368626
u000985,c009227,1.0,2025-01-06 11:12:02.355396
u000985,c009341,1.0,2025-01-14 21:31:23.076251
u000985,c009190,1.0,2025-01-29 21:37:49.852544
u000985,c008575,1.0,2025-01-31 16:51:46.789594
u000985,c008267,1.0,2025-02-23 12:15:27.686322
u000985,c008749,1.0,2025-05-24 08:32:16.100618
u000985,c009226,1.0,2025-06-28 00:56:46.082690
u000985,c009210,1.0,2025-07-02 15:04:15.757771
u000985,c009211,1.0,2025-08-06 10:00:04.586070
u000985,c008935,1.0,2025-10-10 17:04:46.531726
u000985,c008013,1.0,2025-10-27 01:54:19.051945
u000986,c009012,1.0,2024-11-07 22:55:28.731585
u000986,c008887,1.0,2024-11-18 01:05:17.521759
u000986,c008691,1.0,2024-12-05 19:37:43.574099
u000986,c008483,1.0,2025-02-11 05:41:01.526314
u000986,c008680,1.0,2025-02-19 09:59:17.937615
u000986,c008899,1.0,2025-02-21 16:04:00.909110
u000986,c009476,1.0,2025-03-07 04:34:58.413997
u000986,c008602,1.0,2025-03-11 13:51:40.509038
u000986,c008842,1.0,2025-05-23 02:42:55.977326
u000986,c009020,1.0,2025-05-24 13:24:16.450523
u000986,c008958,1.0,2025-07-11 15:57:43.907326
u000986,c008659,1.0,2025-07-25 13:48:50.046753
u000986,c009434,1.0,2025-08-11 08:21:48.020702
u000986,c008577,1.0,2025-09-06 23:55:37.843618
u000986,c009354,1.0,2025-10-11 09:36:43.790896
u000987,c009185,1.0,2024-11-17 04:04:53.658446
u000987,c009047,1.0,2024-12-28 23:43:08.298014
u000987,c009413,1.0,2025-01-11 16:04:58.903521
u000987,c009128,1.0,2025-01-22 11:18:40.650625
u000987,c008692,1.0,2025-02-26 12:33:46.607530
u000987,c009327,1.0,2025-04-02 13:23:55.822754
u000987,c006301,1.0,2025-06-03 16:33:54.658021
u000987,c008475,1.0,2025-06-09 15:07:08.414285
u000987,c008981,1.0,2025-06-16 05:02:28.952021
u000987,c009466,1.0,2025-07-22 03:29:49.085255
u000987,c009106,1.0,2025-07-25 05:26:57.308839
u000987,c008598,1.0,2025-08-06 19:34:29.521523
u000987,c009304,1.0,2025-09-22 14:34:02.858259
u000987,c002313,1.0,2025-09-24 18:09:47.340559
u000987,c006022,1.0,2025-09-25 13:29:38.705056
u000988,c008724,1.0,2025-01-11 11:09:47.368762
u000988,c009162,1.0,2025-04-08 03:24:06.473364
u000988,c008575,1.0,2025-04-24 23:03:23.744063
u000988,c008272,1.0,2025-04-27 09:04:10.818620
u000988,c007969,1.0,2025-07-09 19:59:47.802335
u000988,c009341,1.0,2025-07-16 16:07:56.903835
u000988,c009611,1.0,2025-10-02 03:09:51.418947
u000989,c008808,1.0,2025-02-14 21:29:59.189548
u000989,c009558,1.0,2025-08-17 08:46:24.082049
u000989,c008968,1.0,2025-08-22 07:38:47.027644
u000989,c009199,1.0,2025-10-03 19:24:49.489273
u000989,c008751,1.0,2025-10-30 20:47:01.907706
u000990,c009212,1.0,2025-01-04 17:45:37.740240
u000990,c008787,1.0,2025-01-08 08:34:02.798471
u000990,c008717,1.0,2025-01-30 15:15:18.601777
u000990,c009336,1.0,2025-04-23 20:31:19.027379
u000990,c008976,1.0,2025-05-27 01:03:10.171849
u000991,c007260,1.0,2024-11-14 10:28:19.710385
u000991,c009307,1.0,2025-01-06 16:46:51.172266
u000991,c009328,1.0,2025-02-13 13:49:56.526710
u000991,c007375,1.0,2025-02-15 22:05:19.374875
u000991,c008589,1.0,2025-03-20 04:31:40.707288
u000991,c007196,1.0,2025-05-27 11:18:51.329989
u000991,c007357,1.0,2025-06-15 00:52:12.175102
u000991,c007382,1.0,2025-08-06 14:38:12.916555
u000992,c008572,1.0,2024-12-01 14:17:41.888814
u000992,c008839,1.0,2024-12-01 20:57:56.794450
u000992,c006797,1.0,2024-12-04 03:46:12.924774
u000992,c007460,1.0,2025-02-24 21:37:24.886405
u000992,c007367,1.0,2025-03-04 18:31:53.170157
u000992,c007203,1.0,2025-03-06 17:03:17.691632
u000992,c007375,1.0,2025-03-14 19:27:04.257647
u000992,c007664,1.0,2025-05-12 07:21:55.539754
u000992,c007714,1.0,2025-06-16 15:31:29.207843
u000992,c007693,1.0,2025-07-05 20:58:35.911868
u000992,c006438,1.0,2025-07-09 00:12:52.718293
u000992,c007369,1.0,2025-08-06 06:57:16.587792
u000992,c009123,1.0,2025-08-12 18:55:32.956388
u000992,c007360,1.0,2025-08-23 19:40:17.197605
u000992,c007379,1.0,2025-09-02 02:43:30.128597
u000993,c007991,1.0,2025-01-12 08:12:01.815532
u000993,c008997,1.0,2025-01-21 07:46:34.804606
u000993,c009158,1.0,2025-02-20 11:54:31.391810
u000993,c009207,1.0,2025-03-05 15:41:17.983258
u000993,c006280,1.0,2025-03-17 21:25:32.600580
u000993,c007250,1.0,2025-04-17 05:29:00.029723
u000993,c008555,1.0,2025-05-14 00:37:11.125465
u000993,c009169,1.0,2025-05-25 21:18:07.061541
u000993,c008477,1.0,2025-08-06 04:47:11.897257
u000993,c009210,1.0,2025-09-14 06:44:33.188026
u000993,c009080,1.0,2025-09-22 11:23:19.370868
u000993,c008041,1.0,2025-11-04 19:11:33.511708
u000994,c007490,1.0,2024-12-10 11:24:10.346673
u000994,c009210,1.0,2025-05-03 15:57:46.866425
u000994,c007360,1.0,2025-05-06 07:26:01.914924
u000994,c007397,1.0,2025-06-29 17:30:45.952399
u000994,c007203,1.0,2025-07-08 06:31:35.684673
u000994,c007379,1.0,2025-07-14 23:37:41.630231
u000994,c007693,1.0,2025-09-08 10:16:08.511383
u000994,c009435,1.0,2025-09-28 23:38:09.914451
u000995,c009435,1.0,2025-01-15 17:33:55.321295
u000995,c009276,1.0,2025-04-06 21:49:24.961900
u000995,c009484,1.0,2025-04-09 01:38:02.996744
u000995,c008787,1.0,2025-04-29 07:54:54.532541
u000995,c009212,1.0,2025-08-01 01:57:38.972686
u000995,c008495,1.0,2025-08-01 09:06:33.179482
u000995,c008603,1.0,2025-10-02 07:58:04.693898
u000996,c008487,1.0,2024-12-05 03:17:59.479563
u000996,c007313,1.0,2025-02-26 20:44:12.800474
u000996,c007588,1.0,2025-03-22 11:34:34.779354
u000996,c007378,1.0,2025-05-04 10:27:56.429693
u000996,c007234,1.0,2025-06-18 16:19:24.577749
u000996,c007618,1.0,2025-07-28 21:57:53.023181
u000996,c007341,1.0,2025-09-11 03:48:18.093659
u000996,c007467,1.0,2025-09-18 03:44:51.220237
u000996,c008588,1.0,2025-10-17 07:05:47.984586
u000997,c007454,1.0,2024-11-08 11:40:47.476036
u000997,c009270,1.0,2024-11-12 15:42:23.841409
u000997,c007842,1.0,2025-01-02 00:40:48.300116
u000997,c007960,1.0,2025-01-25 02:38:19.883925
u000997,c007203,1.0,2025-04-11 08:02:33.289373
u000997,c006126,1.0,2025-04-13 00:24:18.189481
u000997,c008295,1.0,2025-05-19 02:34:10.723760
u000997,c006965,1.0,2025-07-13 15:30:58.335006
u000997,c007367,1.0,2025-08-12 05:53:47.380120
u000997,c009488,1.0,2025-08-15 14:15:25.390953
u000997,c007641,1.0,2025-09-24 05:14:35.859097
u000997,c006605,1.0,2025-09-27 10:19:02.957643
u000997,c008107,1.0,2025-09-29 07:14:37.771017
u000997,c007273,1.0,2025-10-12 08:20:40.644954
u000998,c008653,1.0,2024-11-24 17:55:31.636288
u000998,c009340,1.0,2025-02-24 02:04:51.299811
u000998,c009155,1.0,2025-05-18 06:53:21.043307
u000998,c008989,1.0,2025-06-12 19:46:13.870805
u000998,c008867,1.0,2025-10-04 14:28:56.344982
u000998,c008808,1.0,2025-10-26 03:45:15.162571
u000999,c009324,1.0,2025-01-22 06:06:19.933145
u000999,c008691,1.0,2025-01-30 17:03:56.683826
u000999,c008779,1.0,2025-04-05 02:43:13.028146
u000999,c009103,1.0,2025-04-06 16:55:58.813163
u000999,c009204,1.0,2025-06-24 20:02:03.426299
u000999,c009091,1.0,2025-06-29 09:45:44.004074
u000999,c009231,1.0,2025-08-12 13:36:01.829147
u000999,c009398,1.0,2025-08-17 13:55:36.467758
u000999,c008963,1.0,2025-08-26 11:22:52.586206
u001000,c007917,1.0,2024-12-21 23:02:52.606308
u001000,c008012,1.0,2025-04-06 17:51:29.645438
u001000,c008326,1.0,2025-04-17 07:51:55.531400
u001000,c007859,1.0,2025-07-20 18:04:50.836894
u001001,c009111,1.0,2024-12-03 20:49:04.399939
u001001,c009476,1.0,2024-12-08 10:24:48.062616
u001001,c008556,1.0,2024-12-15 00:46:22.611166
u001001,c008721,1.0,2025-01-03 16:37:21.940843
u001001,c006562,1.0,2025-01-29 16:04:17.747547
u001001,c009560,1.0,2025-03-14 10:19:23.119812
u001001,c008680,1.0,2025-04-07 21:19:10.324299
u001001,c009082,1.0,2025-06-09 18:46:16.825996
u001001,c008483,1.0,2025-06-14 07:20:37.132429
u001001,c008791,1.0,2025-06-16 10:58:37.310826
u001001,c009530,1.0,2025-06-16 19:29:25.356576
u001001,c009471,1.0,2025-07-04 06:56:23.250952
u001001,c008532,1.0,2025-07-29 01:36:54.891987
u001001,c008567,1.0,2025-09-10 22:33:09.260830
u001001,c006599,1.0,2025-10-04 23:57:51.891683
u001002,c008763,1.0,2025-01-27 04:57:13.527537
u001002,c009080,1.0,2025-03-01 09:04:08.571931
u001002,c008989,1.0,2025-04-19 06:22:06.238882
u001002,c008477,1.0,2025-07-08 01:14:46.182717
u001003,c007772,1.0,2024-12-01 01:00:34.630097
u001003,c007513,1.0,2024-12-25 23:08:48.213558
u001003,c007341,1.0,2025-01-02 10:59:04.315731
u001003,c007310,1.0,2025-02-17 11:00:29.432647
u001003,c007985,1.0,2025-03-23 14:11:38.663123
u001003,c006135,1.0,2025-04-16 09:10:23.097762
u001003,c008659,1.0,2025-06-02 19:10:42.612454
u001003,c008677,1.0,2025-06-09 15:51:18.665312
u001003,c007378,1.0,2025-07-13 00:33:32.594056
u001003,c009570,1.0,2025-08-14 18:44:38.817122
u001003,c006072,1.0,2025-10-28 01:48:20.307531
u001003,c008955,1.0,2025-10-30 15:07:35.022508
u001004,c008935,1.0,2024-12-19 20:54:48.822528
u001004,c008655,1.0,2025-01-08 02:40:07.817217
u001004,c008764,1.0,2025-05-09 04:03:19.296607
u001004,c009376,1.0,2025-07-19 01:08:00.248820
u001004,c009290,1.0,2025-08-06 15:43:34.451539
u001004,c006120,1.0,2025-10-30 07:23:20.568728
u001005,c006288,1.0,2024-11-10 22:40:28.677500
u001005,c008523,1.0,2025-02-17 02:30:08.357502
u001005,c009094,1.0,2025-03-03 12:36:27.273700
u001005,c008937,1.0,2025-03-19 23:54:34.484026
u001005,c007057,1.0,2025-04-07 09:00:00.578228
u001005,c009513,1.0,2025-04-20 16:00:41.825649
u001005,c006095,1.0,2025-04-23 07:18:50.875306
u001005,c008587,1.0,2025-05-18 19:45:14.067085
u001005,c009234,1.0,2025-06-11 21:01:06.492235
u001005,c002337,1.0,2025-06-29 22:18:19.220817
u001005,c009222,1.0,2025-07-08 04:18:24.906870
u001005,c008822,1.0,2025-07-27 07:15:17.236114
u001005,c006182,1.0,2025-09-08 17:58:26.940228
u001005,c008845,1.0,2025-09-08 22:28:16.155091
u001006,c009388,1.0,2024-11-07 17:48:20.182616
u001006,c009462,1.0,2025-02-25 09:18:21.876843
u001006,c008888,1.0,2025-04-26 03:03:57.282477
u001006,c008593,1.0,2025-07-09 05:18:56.542594
u001007,c008471,1.0,2024-11-27 00:35:50.395933
u001007,c008764,1.0,2024-12-03 18:36:36.319865
u001007,c008933,1.0,2024-12-03 20:37:52.883749
u001007,c008965,1.0,2025-01-05 02:17:56.277008
u001007,c009283,1.0,2025-04-30 15:24:20.167788
u001007,c009025,1.0,2025-05-23 12:23:06.858621
u001007,c009605,1.0,2025-07-04 17:41:02.981967
u001007,c008544,1.0,2025-07-08 00:39:28.412248
u001007,c008935,1.0,2025-07-18 10:55:37.430732
u001007,c009497,1.0,2025-07-25 14:48:14.501136
u001007,c009490,1.0,2025-09-26 23:19:06.545097
u001007,c008946,1.0,2025-10-06 04:26:13.404348
u001008,c008761,1.0,2025-01-31 13:10:12.236482
u001008,c008560,1.0,2025-02-09 03:42:40.518648
u001008,c008478,1.0,2025-04-11 20:29:26.334840
u001008,c009232,1.0,2025-07-06 06:31:39.893207
u001008,c009510,1.0,2025-07-10 07:06:53.116805
u001008,c009199,1.0,2025-07-20 13:00:51.889851
u001008,c008711,1.0,2025-08-29 10:09:11.820529
u001008,c008779,1.0,2025-09-27 15:42:56.878420
u001008,c009092,1.0,2025-09-30 00:22:11.781587
u001009,c009209,1.0,2025-04-09 22:02:54.174140
u001009,c008696,1.0,2025-05-09 09:22:12.271426
u001009,c009325,1.0,2025-05-15 01:01:14.322600
u001009,c009546,1.0,2025-06-17 03:51:39.983377
u001009,c008923,1.0,2025-08-14 08:39:33.350567
u001010,c009159,1.0,2024-12-27 18:29:09.931616
u001010,c009277,1.0,2025-03-11 15:01:36.192517
u001010,c009021,1.0,2025-05-31 03:16:36.893207
u001010,c008654,1.0,2025-07-28 00:48:04.921166
u001010,c009550,1.0,2025-08-29 19:55:26.888646
u001010,c009654,1.0,2025-08-31 10:25:58.986966
u001011,c009618,1.0,2024-12-08 03:53:12.390976
u001011,c007191,1.0,2025-03-17 08:59:50.775471
u001011,c009212,1.0,2025-03-18 20:45:57.556577
u001011,c009553,1.0,2025-03-19 06:28:15.775613
u001011,c009389,1.0,2025-03-25 22:24:10.387771
u001011,c008933,1.0,2025-04-03 14:28:50.797775
u001011,c009646,1.0,2025-04-14 04:09:03.977755
u001011,c009273,1.0,2025-06-10 12:34:27.205159
u001011,c006484,1.0,2025-09-27 18:43:27.227635
u001012,c008805,1.0,2025-01-30 18:25:14.175135
u001012,c008519,1.0,2025-04-11 16:36:34.098830
u001012,c009046,1.0,2025-07-04 20:41:40.778804
u001012,c007212,1.0,2025-07-24 09:53:52.661254
u001012,c007572,1.0,2025-08-29 16:13:55.241567
u001012,c008623,1.0,2025-10-22 00:25:03.703927
u001013,c007855,1.0,2024-11-28 15:45:18.263870
u001013,c007841,1.0,2025-02-21 00:31:07.015255
u001013,c008586,1.0,2025-06-08 17:29:51.573126
u001013,c006998,1.0,2025-09-01 09:46:06.600151
u001013,c008839,1.0,2025-09-07 07:00:04.221067
u001013,c006245,1.0,2025-09-26 06:19:53.337755
u001013,c008572,1.0,2025-10-12 17:07:16.654847
u001013,c007967,1.0,2025-10-23 05:01:51.820212
u001014,c008899,1.0,2024-11-30 10:31:39.220770
u001014,c009164,1.0,2024-12-30 06:22:03.283854
u001014,c008546,1.0,2025-01-01 22:37:43.181420
u001014,c009012,1.0,2025-01-04 12:59:54.156234
u001014,c008594,1.0,2025-01-09 01:52:50.414303
u001014,c009365,1.0,2025-03-29 08:06:11.811135
u001014,c008976,1.0,2025-08-09 20:52:56.135612
u001015,c009088,1.0,2024-12-19 07:09:06.470784
u001015,c007854,1.0,2025-01-19 05:57:46.531165
u001015,c006839,1.0,2025-07-03 08:51:48.678389
u001015,c006983,1.0,2025-09-22 14:41:40.991074
u001015,c008013,1.0,2025-09-24 02:06:01.971106
u001015,c006820,1.0,2025-09-27 11:54:12.104361
u001015,c007144,1.0,2025-10-01 07:36:05.807348
u001016,c009268,1.0,2024-11-08 17:40:07.199123
u001016,c007662,1.0,2024-12-05 00:28:18.316340
u001016,c009502,1.0,2025-01-07 03:10:38.451224
u001016,c006437,1.0,2025-02-01 19:42:57.191203
u001016,c009411,1.0,2025-02-24 21:15:11.695103
u001016,c007360,1.0,2025-04-12 06:56:03.667809
u001016,c007423,1.0,2025-04-20 12:33:49.256155
u001016,c007535,1.0,2025-05-12 15:40:46.439904
u001016,c007379,1.0,2025-05-16 06:44:40.834803
u001016,c009041,1.0,2025-07-23 11:34:49.301060
u001016,c007375,1.0,2025-09-07 01:09:47.913476
u001016,c008691,1.0,2025-10-02 20:10:56.689822
u001016,c007717,1.0,2025-10-10 00:47:46.700351
u001016,c007397,1.0,2025-10-14 04:16:11.593470
u001017,c009303,1.0,2024-11-09 03:02:05.324826
u001017,c009235,1.0,2024-11-24 06:02:28.440336
u001017,c008627,1.0,2025-02-18 09:49:30.038145
u001017,c009124,1.0,2025-02-18 14:07:03.286114
u001017,c008927,1.0,2025-06-20 22:18:38.370230
u001017,c008699,1.0,2025-07-10 23:20:50.589723
u001017,c008509,1.0,2025-08-04 20:10:32.595093
u001017,c008486,1.0,2025-09-17 20:33:13.133194
u001017,c008683,1.0,2025-09-22 10:34:35.386742
u001018,c008572,1.0,2024-12-11 20:38:31.624193
u001018,c009606,1.0,2024-12-12 02:20:53.363380
u001018,c009057,1.0,2025-02-28 16:19:31.668169
u001018,c009656,1.0,2025-03-25 23:56:18.453329
u001018,c008586,1.0,2025-07-28 06:10:57.043391
u001018,c008596,1.0,2025-08-29 13:07:57.657561
u001019,c006007,1.0,2024-11-10 14:42:08.766950
u001019,c008553,1.0,2024-11-25 05:54:24.006768
u001019,c008772,1.0,2024-12-07 06:28:03.834604
u001019,c008600,1.0,2024-12-09 11:54:32.331415
u001019,c006384,1.0,2024-12-24 12:49:26.629325
u001019,c008566,1.0,2025-03-14 18:27:06.233122
u001019,c009234,1.0,2025-05-04 12:08:55.342822
u001019,c001402,1.0,2025-08-17 03:24:41.312754
u001019,c009167,1.0,2025-08-23 10:36:27.580145
u001019,c008473,1.0,2025-08-30 06:52:19.095484
u001019,c006366,1.0,2025-09-20 15:11:21.075420
u001020,c008659,1.0,2024-11-24 02:57:43.108647
u001020,c008968,1.0,2024-12-06 00:21:02.224327
u001020,c008751,1.0,2025-08-21 07:39:05.196981
u001020,c008915,1.0,2025-09-24 03:36:32.238027
u001021,c006348,1.0,2024-11-12 00:49:24.634788
u001021,c007062,1.0,2024-11-14 21:04:54.334045
u001021,c008779,1.0,2024-11-15 23:53:21.763445
u001021,c009232,1.0,2024-11-18 10:53:15.259418
u001021,c009258,1.0,2024-12-10 05:46:03.333747
u001021,c006281,1.0,2024-12-31 11:12:58.188327
u001021,c007793,1.0,2025-02-19 19:56:47.439514
u001021,c009199,1.0,2025-06-15 00:44:50.326008
u001021,c006135,1.0,2025-07-31 04:46:50.132699
u001021,c007055,1.0,2025-09-03 15:18:48.502060
u001021,c008937,1.0,2025-09-29 08:27:09.817239
u001021,c008149,1.0,2025-10-03 02:06:48.095973
u001021,c009462,1.0,2025-10-29 06:25:51.406302
u001022,c008651,1.0,2025-01-11 02:57:03.824797
u001022,c008815,1.0,2025-02-28 07:51:44.192621
u001022,c007398,1.0,2025-03-20 15:35:56.349582
u001022,c009245,1.0,2025-04-14 07:44:58.676424
u001022,c008970,1.0,2025-05-07 07:15:54.064700
u001022,c009443,1.0,2025-06-10 21:51:45.606645
u001022,c008794,1.0,2025-09-07 17:31:24.615145
u001022,c008839,1.0,2025-09-10 08:28:35.451932
u001022,c009507,1.0,2025-10-24 14:31:18.606086
u001023,c008948,1.0,2025-02-20 04:13:05.195979
u001023,c007036,1.0,2025-02-25 00:39:12.631558
u001023,c007100,1.0,2025-05-01 13:13:57.298653
u001023,c008764,1.0,2025-07-09 16:54:06.877364
u001023,c006390,1.0,2025-07-21 15:11:59.608698
u001024,c007234,1.0,2025-02-06 20:41:49.275813
u001024,c008086,1.0,2025-03-06 17:04:06.384835
u001024,c007831,1.0,2025-03-15 07:27:53.315747
u001024,c008157,1.0,2025-04-07 05:37:10.997778
u001024,c008577,1.0,2025-04-15 14:55:41.798789
u001024,c008301,1.0,2025-05-16 18:53:32.208505
u001024,c008504,1.0,2025-06-01 13:40:56.217359
u001024,c007416,1.0,2025-06-10 20:21:04.859349
u001024,c007584,1.0,2025-07-26 20:57:20.528194
u001024,c007312,1.0,2025-09-23 14:56:34.153591
u001024,c008958,1.0,2025-10-09 14:17:23.043293
u001024,c009251,1.0,2025-10-09 23:56:05.228618
u001025,c008477,1.0,2024-11-22 21:59:13.128904
u001025,c009518,1.0,2025-01-03 13:02:16.556927
u001025,c008808,1.0,2025-01-29 15:37:46.281124
u001025,c009443,1.0,2025-07-05 12:18:48.936149
u001025,c009304,1.0,2025-10-13 14:18:16.153792
u001026,c008640,1.0,2025-01-05 06:04:45.380843
u001026,c009452,1.0,2025-01-05 21:59:23.264651
u001026,c009003,1.0,2025-02-09 19:33:42.827172
u001026,c009292,1.0,2025-02-14 11:39:38.176541
u001026,c009020,1.0,2025-02-18 01:35:32.321481
u001026,c008628,1.0,2025-03-20 21:58:43.765313
u001026,c009428,1.0,2025-04-22 07:38:11.984670
u001026,c009231,1.0,2025-05-10 05:07:32.294619
u001026,c008024,1.0,2025-05-23 07:23:16.365677
u001026,c009304,1.0,2025-06-20 01:49:48.905090
u001026,c009647,1.0,2025-06-24 04:16:08.810954
u001026,c008711,1.0,2025-11-05 05:51:19.481933
u001026,c009339,1.0,2025-11-05 06:12:44.079053
u001027,c009140,1.0,2025-01-04 13:14:41.476002
u001027,c009515,1.0,2025-03-03 19:54:48.519266
u001027,c008603,1.0,2025-09-04 07:38:40.318941
u001027,c009228,1.0,2025-10-20 00:17:37.672246
u001027,c009203,1.0,2025-11-03 10:18:02.969139
u001028,c006752,1.0,2025-01-27 18:35:35.342180
u001028,c007234,1.0,2025-04-26 00:33:18.827246
u001028,c007333,1.0,2025-07-27 06:23:49.330842
u001028,c006148,1.0,2025-08-20 20:08:25.347470
u001028,c007621,1.0,2025-09-12 14:26:36.823535
u001028,c007404,1.0,2025-09-21 14:43:57.769640
u001028,c007583,1.0,2025-10-07 13:49:18.740347
u001028,c006297,1.0,2025-11-04 04:32:50.287689
u001029,c008729,1.0,2025-04-14 20:42:23.972902
u001029,c008593,1.0,2025-06-02 19:18:25.937120
u001029,c008900,1.0,2025-06-20 03:27:11.104317
u001029,c008617,1.0,2025-07-05 02:05:08.826697
u001029,c009261,1.0,2025-08-19 16:44:10.445785
u001030,c007637,1.0,2025-03-03 18:40:08.078695
u001030,c007751,1.0,2025-05-21 20:58:20.189619
u001030,c008636,1.0,2025-05-25 11:47:13.085879
u001030,c007331,1.0,2025-07-02 05:37:54.388844
u001030,c007764,1.0,2025-08-14 09:15:03.628237
u001030,c007277,1.0,2025-09-25 01:55:20.145517
u001030,c007204,1.0,2025-10-17 22:51:09.131841
u001031,c008581,1.0,2025-01-19 04:11:34.522072
u001031,c005992,1.0,2025-02-06 13:00:53.346020
u001031,c008817,1.0,2025-03-03 14:42:05.752377
u001031,c006260,1.0,2025-08-19 06:00:15.035952
u001031,c006135,1.0,2025-08-21 17:01:26.982682
u001031,c007518,1.0,2025-09-01 00:42:04.143311
u001032,c006268,1.0,2025-01-06 11:05:54.129746
u001032,c008478,1.0,2025-04-21 09:59:49.719765
u001032,c006034,1.0,2025-04-27 21:44:17.416864
u001032,c009339,1.0,2025-05-01 03:47:09.105338
u001032,c009428,1.0,2025-06-11 21:43:19.414081
u001032,c006139,1.0,2025-09-02 19:09:56.671920
u001032,c008988,1.0,2025-09-19 05:28:36.359299
u001032,c008711,1.0,2025-10-23 09:23:25.253856
u001032,c009012,1.0,2025-10-25 09:33:25.122097
u001032,c007883,1.0,2025-11-02 18:34:43.088094
u001033,c009533,1.0,2024-11-08 04:04:05.262004
u001033,c008640,1.0,2024-12-30 03:44:20.213558
u001033,c009268,1.0,2025-01-12 21:47:45.840459
u001033,c009646,1.0,2025-01-25 16:27:28.552885
u001033,c008766,1.0,2025-01-31 18:29:48.192317
u001033,c009443,1.0,2025-02-06 01:31:39.655211
u001033,c009481,1.0,2025-02-07 00:43:23.891151
u001033,c009089,1.0,2025-03-11 18:49:30.606452
u001033,c007172,1.0,2025-03-13 17:53:37.736722
u001033,c009251,1.0,2025-05-03 00:23:20.752541
u001033,c009106,1.0,2025-07-02 04:43:14.978992
u001033,c008981,1.0,2025-08-03 09:37:54.688685
u001033,c009396,1.0,2025-08-16 09:41:50.118472
u001033,c009509,1.0,2025-08-30 09:52:30.600698
u001033,c008974,1.0,2025-09-12 01:03:45.633719
u001034,c007641,1.0,2024-12-12 15:33:08.445704
u001034,c009083,1.0,2025-01-29 22:47:47.793120
u001034,c009558,1.0,2025-05-11 14:47:18.226321
u001034,c009199,1.0,2025-06-19 09:40:42.239923
u001034,c009080,1.0,2025-08-02 00:10:49.867859
u001034,c008751,1.0,2025-08-11 10:19:31.624820
u001034,c007231,1.0,2025-09-19 03:50:33.797247
u001034,c008608,1.0,2025-10-11 19:59:16.256376
u001034,c008915,1.0,2025-10-27 05:57:16.568968
u001035,c009510,1.0,2024-11-11 01:52:43.647202
u001035,c008965,1.0,2024-12-30 05:47:23.938245
u001035,c009073,1.0,2024-12-30 13:44:57.171320
u001035,c009007,1.0,2025-01-13 13:29:03.416674
u001035,c008541,1.0,2025-01-20 08:24:07.460235
u001035,c008644,1.0,2025-02-05 12:52:47.325240
u001035,c008935,1.0,2025-04-10 10:32:35.979323
u001035,c009364,1.0,2025-05-05 20:07:54.655941
u001035,c009184,1.0,2025-05-23 18:54:13.777547
u001035,c009375,1.0,2025-08-18 17:24:12.532008
u001035,c009243,1.0,2025-09-10 15:21:31.623092
u001036,c008251,1.0,2024-12-05 20:50:27.770048
u001036,c008190,1.0,2024-12-20 12:09:59.207616
u001036,c007966,1.0,2025-02-17 14:36:33.496920
u001036,c008283,1.0,2025-03-01 09:33:42.803498
u001036,c008327,1.0,2025-04-01 08:52:23.242139
u001036,c008311,1.0,2025-04-26 12:41:36.738145
u001036,c009207,1.0,2025-05-05 05:41:25.294337
u001036,c008495,1.0,2025-05-18 09:09:14.772851
u001036,c008195,1.0,2025-07-04 16:12:36.939553
u001036,c007911,1.0,2025-07-09 02:57:41.480359
u001036,c007887,1.0,2025-07-12 08:46:24.428058
u001036,c008717,1.0,2025-10-15 00:08:11.817667
u001037,c008945,1.0,2025-03-31 22:05:10.751523
u001037,c008546,1.0,2025-04-21 14:40:18.897312
u001037,c008520,1.0,2025-06-18 03:55:40.415905
u001037,c006043,1.0,2025-07-03 01:59:04.356615
u001038,c009440,1.0,2024-11-13 12:41:04.390571
u001038,c006533,1.0,2024-12-09 04:35:34.995614
u001038,c008691,1.0,2025-02-01 15:49:41.266763
u001038,c008552,1.0,2025-02-13 07:04:16.942036
u001038,c006679,1.0,2025-03-16 11:06:45.123856
u001038,c008793,1.0,2025-03-27 17:44:11.184779
u001038,c009196,1.0,2025-04-07 23:22:13.725391
u001038,c008779,1.0,2025-04-14 22:50:50.217768
u001038,c006144,1.0,2025-07-23 10:06:37.759051
u001038,c008720,1.0,2025-08-01 21:57:28.834337
u001038,c006095,1.0,2025-08-17 03:09:26.086013
u001038,c006170,1.0,2025-08-19 09:07:54.289500
u001038,c009091,1.0,2025-08-30 21:38:15.018295
u001038,c008884,1.0,2025-09-08 10:35:30.068304
u001038,c006104,1.0,2025-09-16 18:51:48.312017
u001039,c008921,1.0,2024-12-28 20:51:24.309679
u001039,c009057,1.0,2025-02-19 14:19:12.774670
u001039,c008594,1.0,2025-06-27 23:55:50.179557
u001039,c009493,1.0,2025-06-30 12:52:54.364211
u001039,c008486,1.0,2025-08-08 23:13:27.189543
u001039,c008679,1.0,2025-08-12 09:32:19.257688
u001039,c008546,1.0,2025-09-05 13:47:18.851639
u001039,c008509,1.0,2025-11-03 21:14:09.073874
u001040,c007761,1.0,2024-11-15 16:53:35.497940
u001040,c006465,1.0,2025-01-07 23:30:10.502352
u001040,c007021,1.0,2025-01-20 02:22:06.913968
u001040,c009211,1.0,2025-02-06 03:45:43.778304
u001040,c006770,1.0,2025-02-12 21:50:25.462426
u001040,c007170,1.0,2025-02-20 06:02:36.605791
u001040,c008890,1.0,2025-03-03 06:08:30.558077
u001040,c006603,1.0,2025-03-29 12:05:00.999441
u001040,c007518,1.0,2025-04-01 20:08:32.968085
u001040,c006615,1.0,2025-08-02 02:08:15.701992
u001040,c009364,1.0,2025-09-01 21:51:03.136239
u001040,c007193,1.0,2025-09-16 08:50:27.002492
u001041,c008640,1.0,2024-11-08 18:29:37.616912
u001041,c007910,1.0,2024-12-05 22:58:48.314573
u001041,c008101,1.0,2025-01-02 19:10:20.100342
u001041,c008098,1.0,2025-01-26 07:01:22.799365
u001041,c008348,1.0,2025-03-11 00:15:53.373684
u001041,c008896,1.0,2025-03-17 07:40:21.566145
u001041,c007887,1.0,2025-08-02 13:17:06.392401
u001041,c008692,1.0,2025-08-11 02:33:23.613554
u001041,c008327,1.0,2025-09-17 21:28:35.220547
u001041,c008591,1.0,2025-10-04 09:38:19.937467
u001041,c008302,1.0,2025-10-25 04:02:51.930314
u001042,c009251,1.0,2025-06-23 22:27:08.491310
u001042,c009042,1.0,2025-07-02 05:05:53.707539
u001042,c008588,1.0,2025-08-15 14:37:44.158700
u001043,c008462,1.0,2024-11-22 13:59:45.518321
u001043,c009497,1.0,2025-05-26 06:25:15.833392
u001043,c008764,1.0,2025-05-27 11:30:19.639487
u001043,c008655,1.0,2025-06-03 07:47:53.397171
u001043,c009128,1.0,2025-07-30 02:36:51.045756
u001043,c008541,1.0,2025-08-08 07:36:03.066850
u001043,c008579,1.0,2025-08-28 18:26:08.055693
u001043,c009004,1.0,2025-09-07 15:40:11.996222
u001043,c008948,1.0,2025-10-11 08:17:27.562780
u001044,c006541,1.0,2024-11-15 00:54:56.833785
u001044,c006573,1.0,2025-01-15 13:09:16.468602
u001044,c006025,1.0,2025-02-08 08:08:47.965645
u001044,c006125,1.0,2025-02-28 07:20:05.731838
u001044,c008539,1.0,2025-03-22 13:00:32.796620
u001044,c008490,1.0,2025-05-17 07:20:53.356295
u001044,c008863,1.0,2025-07-21 05:26:15.356893
u001044,c005997,1.0,2025-08-29 19:08:59.389536
u001044,c006351,1.0,2025-09-30 23:17:45.622643
u001044,c009209,1.0,2025-10-03 04:12:02.639280
u001045,c009103,1.0,2024-11-09 16:28:12.357624
u001045,c008682,1.0,2024-12-05 00:04:38.693540
u001045,c009635,1.0,2025-01-03 01:53:29.691980
u001045,c009324,1.0,2025-03-13 09:30:35.085441
u001045,c008555,1.0,2025-04-28 05:06:16.094727
u001045,c008546,1.0,2025-07-03 16:14:01.646486
u001046,c008935,1.0,2025-03-25 16:30:06.022098
u001046,c008933,1.0,2025-04-21 21:59:56.926705
u001046,c008472,1.0,2025-10-17 12:44:14.471295
u001046,c008965,1.0,2025-10-25 06:01:45.084272
u001047,c007044,1.0,2024-12-13 15:58:01.022319
u001047,c009199,1.0,2025-02-04 15:56:19.772717
u001047,c008477,1.0,2025-04-27 17:03:41.001444
u001047,c008837,1.0,2025-06-06 23:13:16.135896
u001047,c009558,1.0,2025-06-15 17:45:31.168295
u001047,c009131,1.0,2025-08-07 02:37:20.209175
u001047,c007027,1.0,2025-09-11 06:48:48.019228
u001048,c009363,1.0,2024-11-12 13:03:32.429388
u001048,c008760,1.0,2024-12-05 06:37:38.240992
u001048,c009102,1.0,2025-03-20 20:53:25.611905
u001048,c006484,1.0,2025-05-06 16:28:30.314008
u001048,c008681,1.0,2025-06-24 02:30:33.501767
u001048,c009110,1.0,2025-08-02 10:13:47.480049
u001048,c008618,1.0,2025-08-17 03:42:47.990636
u001048,c009135,1.0,2025-11-06 12:17:17.859971
u001049,c006484,1.0,2025-01-19 15:03:02.690372
u001049,c006188,1.0,2025-02-09 20:01:54.430160
u001049,c008806,1.0,2025-02-26 13:43:19.394123
u001049,c008900,1.0,2025-05-20 10:19:14.489583
u001049,c006662,1.0,2025-06-29 19:08:01.469810
u001049,c009128,1.0,2025-09-24 17:35:45.825989
u001049,c006631,1.0,2025-10-14 03:49:00.879378
u001050,c008301,1.0,2025-01-07 12:18:46.718490
u001050,c008000,1.0,2025-01-16 17:50:28.232863
u001050,c007838,1.0,2025-02-20 14:53:08.008183
u001050,c008398,1.0,2025-02-25 23:25:11.072770
u001050,c007991,1.0,2025-07-08 17:51:23.516351
u001050,c008041,1.0,2025-07-29 12:40:22.762369
u001050,c008296,1.0,2025-08-21 23:02:54.059225
u001051,c007697,1.0,2024-11-07 19:57:48.170942
u001051,c009269,1.0,2024-11-29 01:28:59.647905
u001051,c007269,1.0,2024-12-21 15:48:37.811518
u001051,c008966,1.0,2025-01-01 21:12:35.687960
u001051,c007277,1.0,2025-01-16 06:35:11.793096
u001051,c007645,1.0,2025-05-07 04:11:42.520164
u001051,c007201,1.0,2025-05-07 06:07:32.995734
u001051,c007221,1.0,2025-06-10 08:23:14.754628
u001051,c007744,1.0,2025-10-18 22:34:47.174410
u001051,c007756,1.0,2025-10-24 02:02:44.420495
u001051,c009522,1.0,2025-10-25 05:24:37.465924
u001052,c009222,1.0,2025-02-18 19:56:49.686951
u001052,c009296,1.0,2025-02-26 10:11:21.234850
u001052,c008783,1.0,2025-03-18 01:00:44.751102
u001052,c009006,1.0,2025-05-20 01:56:49.411473
u001052,c007304,1.0,2025-08-06 22:50:49.842852
u001053,c006470,1.0,2024-12-26 06:05:18.023891
u001053,c006598,1.0,2025-01-19 11:48:22.608784
u001053,c009091,1.0,2025-01-21 21:48:44.719530
u001053,c006898,1.0,2025-02-21 15:34:57.539013
u001053,c006678,1.0,2025-02-23 02:49:35.585335
u001053,c008812,1.0,2025-03-09 13:40:12.815889
u001053,c002817,1.0,2025-04-03 00:24:56.442040
u001053,c005953,1.0,2025-04-04 15:50:08.570846
u001053,c009398,1.0,2025-05-06 03:52:58.415001
u001053,c006031,1.0,2025-07-03 18:33:53.812026
u001053,c009294,1.0,2025-07-15 23:28:18.581686
u001053,c008856,1.0,2025-07-25 01:02:30.360558
u001053,c006619,1.0,2025-09-06 00:50:03.131275
u001053,c006726,1.0,2025-10-01 18:51:32.080097
u001054,c008808,1.0,2025-07-11 06:28:20.902158
u001054,c008221,1.0,2025-08-04 00:51:14.908903
u001054,c007855,1.0,2025-10-24 09:12:36.284977
u001055,c008707,1.0,2025-01-19 02:46:58.809406
u001055,c009227,1.0,2025-04-23 10:51:26.376171
u001055,c006496,1.0,2025-08-19 14:16:25.532300
u001056,c008548,1.0,2024-11-10 00:26:01.001133
u001056,c008785,1.0,2024-11-12 12:37:03.906167
u001056,c009209,1.0,2024-12-13 09:10:09.820403
u001056,c008852,1.0,2025-01-02 08:39:06.557265
u001056,c009128,1.0,2025-03-08 04:57:25.699270
u001056,c008783,1.0,2025-03-25 16:15:05.173460
u001056,c009546,1.0,2025-03-28 12:30:34.507464
u001056,c009492,1.0,2025-05-03 21:30:24.090427
u001056,c009106,1.0,2025-05-08 23:54:37.542351
u001056,c008827,1.0,2025-05-22 22:48:32.433297
u001056,c008555,1.0,2025-05-30 12:38:28.338287
u001056,c008615,1.0,2025-08-19 16:30:10.020528
u001056,c009233,1.0,2025-10-16 19:59:09.333552
u001056,c008678,1.0,2025-10-27 08:23:40.875910
u001056,c008600,1.0,2025-11-02 08:31:24.017137
u001057,c009367,1.0,2024-12-18 10:27:27.711183
u001057,c008816,1.0,2025-01-31 02:01:56.016674
u001057,c009415,1.0,2025-02-23 16:13:52.724036
u001057,c006440,1.0,2025-03-11 03:17:50.706208
u001057,c008825,1.0,2025-05-10 12:40:02.985499
u001057,c006108,1.0,2025-05-15 22:26:46.353380
u001057,c006340,1.0,2025-05-21 03:14:36.893814
u001057,c008705,1.0,2025-05-31 01:08:10.297666
u001057,c009375,1.0,2025-09-13 08:54:47.385180
u001058,c009507,1.0,2025-01-18 15:59:57.084340
u001058,c008596,1.0,2025-02-07 06:41:00.012768
u001058,c008839,1.0,2025-04-15 21:07:56.556904
u001058,c009403,1.0,2025-05-13 11:58:36.665203
u001058,c008572,1.0,2025-07-25 13:40:08.275968
u001058,c006104,1.0,2025-10-24 06:10:16.986675
u001059,c009202,1.0,2024-11-09 03:03:20.740966
u001059,c009210,1.0,2025-02-27 07:45:20.714399
u001059,c008764,1.0,2025-05-09 12:31:10.318951
u001059,c008579,1.0,2025-07-03 15:40:20.808729
u001059,c008677,1.0,2025-08-12 09:53:42.174651
u001059,c008681,1.0,2025-10-10 00:26:44.558270
u001060,c008145,1.0,2024-11-29 05:27:06.031570
u001060,c009128,1.0,2024-12-04 17:07:08.706699
u001060,c008378,1.0,2025-01-02 12:00:12.663331
u001061,c009558,1.0,2024-11-11 21:52:26.397656
u001061,c009475,1.0,2024-12-12 21:11:16.758190
u001061,c009057,1.0,2025-01-24 13:39:33.790341
u001061,c008034,1.0,2025-02-16 08:37:11.979991
u001061,c008202,1.0,2025-04-06 22:32:35.977808
u001061,c008540,1.0,2025-04-09 07:56:18.199397
u001061,c008643,1.0,2025-04-10 23:20:38.764205
u001061,c007817,1.0,2025-06-03 14:16:24.160906
u001061,c007800,1.0,2025-06-28 10:18:40.230090
u001061,c009234,1.0,2025-07-13 23:14:30.992260
u001061,c009309,1.0,2025-07-17 00:45:06.172857
u001061,c008505,1.0,2025-08-05 23:26:46.147165
u001061,c009184,1.0,2025-08-08 11:54:02.015424
u001061,c009199,1.0,2025-08-27 00:23:04.857728
u001061,c009569,1.0,2025-09-27 10:32:57.945111
u001062,c007189,1.0,2024-11-24 17:15:33.813992
u001062,c007693,1.0,2024-11-27 12:26:48.448545
u001062,c009093,1.0,2024-12-26 10:12:40.535425
u001062,c007379,1.0,2025-01-06 11:44:20.347301
u001062,c007449,1.0,2025-02-20 09:51:56.126487
u001062,c009367,1.0,2025-04-03 14:15:40.997906
u001062,c006130,1.0,2025-06-09 08:54:22.555830
u001062,c000317,1.0,2025-07-23 09:26:53.970395
u001062,c009371,1.0,2025-07-25 11:07:25.874507
u001062,c009293,1.0,2025-08-26 06:57:33.105175
u001062,c007464,1.0,2025-09-10 04:39:40.394970
u001063,c009521,1.0,2024-12-10 16:29:57.989699
u001063,c009106,1.0,2024-12-26 16:54:12.092444
u001063,c008547,1.0,2025-02-02 04:38:36.531085
u001063,c009047,1.0,2025-05-24 17:47:06.575114
u001064,c009184,1.0,2025-05-14 03:37:04.481119
u001064,c008509,1.0,2025-08-28 09:15:37.731148
u001064,c008645,1.0,2025-09-13 23:11:29.020629
u001065,c009222,1.0,2025-02-14 04:29:49.885885
u001065,c008515,1.0,2025-04-12 06:19:16.128009
u001065,c008959,1.0,2025-10-28 15:40:40.609417
u001066,c009322,1.0,2024-11-21 07:22:07.397290
u001066,c009118,1.0,2024-12-25 23:29:14.940700
u001066,c008789,1.0,2025-02-02 03:32:38.034691
u001066,c008596,1.0,2025-04-05 12:39:12.545546
u001066,c009348,1.0,2025-05-06 05:44:46.632021
u001066,c008850,1.0,2025-06-19 08:29:09.830989
u001066,c008631,1.0,2025-07-02 08:12:00.101329
u001066,c008755,1.0,2025-08-09 16:43:21.067919
u001066,c009564,1.0,2025-09-04 14:06:19.828014
u001067,c009169,1.0,2024-12-01 17:30:45.487675
u001067,c008958,1.0,2025-01-16 23:57:54.049794
u001067,c009222,1.0,2025-01-20 23:47:01.833302
u001067,c009087,1.0,2025-01-26 02:51:32.058168
u001067,c008653,1.0,2025-02-06 21:23:46.108753
u001067,c009258,1.0,2025-03-14 10:49:02.759676
u001067,c009556,1.0,2025-03-28 03:24:32.072691
u001067,c008631,1.0,2025-05-22 06:56:01.083030
u001067,c009270,1.0,2025-06-14 21:37:47.948984
u001067,c008596,1.0,2025-07-05 00:25:07.474841
u001067,c008528,1.0,2025-07-18 04:10:41.630207
u001067,c009357,1.0,2025-07-18 08:19:54.103219
u001067,c009083,1.0,2025-08-02 06:04:49.498086
u001067,c008699,1.0,2025-09-25 13:21:50.380778
u001067,c009633,1.0,2025-09-27 12:03:10.066295
u001068,c009226,1.0,2024-11-11 09:23:34.341924
u001068,c008707,1.0,2025-01-22 17:05:03.182987
u001068,c009220,1.0,2025-04-07 08:22:48.026298
u001068,c008823,1.0,2025-04-10 06:07:07.227602
u001068,c009554,1.0,2025-04-24 15:34:48.107083
u001068,c008575,1.0,2025-04-29 16:19:42.223301
u001068,c009104,1.0,2025-05-12 16:10:04.387978
u001068,c009231,1.0,2025-05-29 18:42:14.310054
u001068,c006355,1.0,2025-06-20 03:08:26.213637
u001068,c009159,1.0,2025-06-29 00:43:47.745006
u001068,c009373,1.0,2025-08-26 19:53:39.013495
u001068,c006193,1.0,2025-09-12 07:04:53.096513
u001068,c009598,1.0,2025-10-03 02:26:08.532301
u001069,c007112,1.0,2025-01-30 02:33:16.966225
u001069,c006513,1.0,2025-02-10 03:26:50.676876
u001069,c006956,1.0,2025-02-12 06:42:10.178961
u001069,c006932,1.0,2025-04-22 20:32:16.966197
u001069,c009184,1.0,2025-05-11 13:13:58.985002
u001069,c006075,1.0,2025-06-21 03:51:47.124977
u001069,c007084,1.0,2025-07-07 22:34:38.817533
u001069,c009235,1.0,2025-11-06 11:15:56.463119
u001070,c009222,1.0,2024-11-13 11:38:11.989290
u001070,c007378,1.0,2024-12-24 18:56:32.902649
u001070,c007584,1.0,2025-01-12 22:29:53.562501
u001070,c009478,1.0,2025-01-27 16:57:50.109578
u001070,c007372,1.0,2025-01-30 03:52:21.839889
u001070,c007224,1.0,2025-02-11 02:20:51.529334
u001070,c007588,1.0,2025-03-14 03:26:58.651186
u001070,c007209,1.0,2025-04-12 20:30:11.909292
u001070,c007376,1.0,2025-05-05 17:37:48.762038
u001070,c007772,1.0,2025-10-04 04:25:39.075906
u001070,c007316,1.0,2025-10-05 09:46:40.310466
u001070,c007310,1.0,2025-10-14 07:43:27.268400
u001071,c006098,1.0,2024-11-21 00:08:58.064080
u001071,c009246,1.0,2024-12-25 02:36:41.540096
u001071,c009290,1.0,2025-02-03 06:08:05.534216
u001071,c008777,1.0,2025-02-26 01:08:03.528839
u001071,c008579,1.0,2025-04-18 10:40:48.155371
u001071,c008764,1.0,2025-05-30 17:26:21.440198
u001071,c008794,1.0,2025-06-20 12:42:57.337369
u001071,c009210,1.0,2025-06-25 19:49:46.825943
u001071,c008890,1.0,2025-07-01 19:47:17.682842
u001071,c008817,1.0,2025-09-08 00:13:32.990573
u001071,c008808,1.0,2025-09-08 21:20:37.164324
u001071,c009245,1.0,2025-10-12 10:42:08.099448
u001072,c008560,1.0,2024-12-18 08:25:45.952139
u001072,c009422,1.0,2024-12-24 09:40:31.613598
u001072,c007584,1.0,2024-12-31 22:44:40.860779
u001072,c007310,1.0,2025-01-15 16:00:34.146827
u001072,c007507,1.0,2025-02-14 14:07:48.870289
u001072,c007189,1.0,2025-04-06 09:12:31.768853
u001072,c006072,1.0,2025-04-21 17:15:54.931247
u001072,c007379,1.0,2025-08-08 04:51:12.529353
u001072,c009079,1.0,2025-09-01 13:46:21.236559
u001072,c007476,1.0,2025-10-14 16:57:58.713466
u001073,c009372,1.0,2024-12-02 11:42:46.449314
u001073,c009213,1.0,2024-12-04 05:23:13.642144
u001073,c009544,1.0,2025-03-09 14:02:53.426346
u001073,c009478,1.0,2025-05-08 07:01:10.830608
u001073,c008484,1.0,2025-07-09 18:38:41.061035
u001073,c009364,1.0,2025-07-20 04:57:12.707244
u001073,c008541,1.0,2025-08-02 16:55:51.738442
u001074,c009235,1.0,2024-11-14 06:56:21.240096
u001074,c009493,1.0,2024-12-23 17:22:33.563069
u001074,c009184,1.0,2024-12-28 08:01:44.780867
u001074,c008486,1.0,2025-01-19 06:44:06.054516
u001074,c009303,1.0,2025-01-27 09:23:38.659357
u001074,c009163,1.0,2025-03-15 06:13:16.026108
u001074,c009207,1.0,2025-04-10 01:01:26.445680
u001074,c008509,1.0,2025-04-25 23:17:32.460627
u001074,c008552,1.0,2025-05-06 18:51:03.014395
u001074,c008627,1.0,2025-05-07 16:15:08.065912
u001074,c008949,1.0,2025-06-06 20:29:44.160542
u001074,c008769,1.0,2025-08-15 08:30:22.950084
u001074,c006686,1.0,2025-09-23 06:42:11.403032
u001075,c007485,1.0,2024-12-17 13:10:19.310477
u001075,c007479,1.0,2025-02-15 02:59:40.732559
u001075,c007740,1.0,2025-04-30 13:40:17.268246
u001075,c007908,1.0,2025-05-03 08:25:36.667541
u001075,c007744,1.0,2025-06-01 14:11:10.910571
u001075,c007185,1.0,2025-06-06 08:37:48.760844
u001075,c008917,1.0,2025-06-08 19:05:44.437677
u001075,c009007,1.0,2025-08-16 06:10:40.847083
u001075,c009307,1.0,2025-08-21 06:55:40.782979
u001075,c007978,1.0,2025-08-25 14:04:11.179713
u001075,c008779,1.0,2025-09-02 02:42:12.673274
u001075,c007967,1.0,2025-09-15 06:13:11.063814
u001075,c007400,1.0,2025-09-22 13:58:25.015073
u001075,c007709,1.0,2025-10-20 16:25:21.936240
u001076,c009521,1.0,2024-11-19 13:08:07.171019
u001076,c008462,1.0,2024-12-06 18:37:24.707797
u001076,c008649,1.0,2025-02-13 06:50:57.666221
u001076,c009212,1.0,2025-05-27 20:21:41.202861
u001076,c009466,1.0,2025-07-17 11:01:40.611720
u001076,c008896,1.0,2025-07-21 00:58:41.404769
u001076,c006026,1.0,2025-08-09 16:42:26.126366
u001076,c009098,1.0,2025-08-17 20:08:06.239629
u001076,c009002,1.0,2025-08-18 11:49:37.643806
u001076,c008717,1.0,2025-09-17 19:47:01.094676
u001076,c009106,1.0,2025-10-24 00:47:29.355663
u001076,c009644,1.0,2025-10-31 19:25:02.061020
u001077,c006331,1.0,2025-01-31 04:06:21.642939
u001077,c007146,1.0,2025-02-11 21:48:29.317410
u001077,c006105,1.0,2025-03-03 14:31:28.412350
u001077,c006361,1.0,2025-04-11 18:42:10.810265
u001077,c006067,1.0,2025-05-01 06:21:20.600447
u001077,c006342,1.0,2025-05-05 03:29:36.875178
u001077,c006170,1.0,2025-08-06 07:56:29.132972
u001078,c008966,1.0,2024-11-12 02:44:37.299513
u001078,c007714,1.0,2025-01-04 20:00:00.127408
u001078,c007369,1.0,2025-01-28 09:41:07.587871
u001078,c007367,1.0,2025-02-15 19:28:19.733663
u001078,c009121,1.0,2025-02-19 22:48:04.851665
u001078,c007664,1.0,2025-02-27 00:57:46.175767
u001078,c007231,1.0,2025-03-25 01:55:02.938635
u001078,c007385,1.0,2025-08-16 22:19:12.172282
u001078,c008719,1.0,2025-08-21 06:27:47.194040
u001078,c007243,1.0,2025-09-20 07:08:27.409248
u001079,c008938,1.0,2024-12-20 12:07:48.715688
u001079,c008900,1.0,2025-01-16 02:53:43.763065
u001079,c008808,1.0,2025-02-19 18:45:30.366867
u001079,c009226,1.0,2025-03-04 00:37:35.055676
u001079,c008951,1.0,2025-03-15 08:17:17.795102
u001079,c008977,1.0,2025-03-29 07:25:37.739495
u001079,c008593,1.0,2025-04-12 14:22:48.263286
u001079,c008501,1.0,2025-05-06 16:36:53.724733
u001079,c008462,1.0,2025-05-20 18:48:01.312928
u001079,c009340,1.0,2025-05-31 07:22:16.816052
u001079,c008565,1.0,2025-06-09 12:32:25.097302
u001079,c008760,1.0,2025-06-28 07:34:15.272121
u001079,c009298,1.0,2025-07-02 23:10:36.775023
u001079,c008731,1.0,2025-10-27 08:22:58.582734
u001080,c007714,1.0,2024-11-18 15:07:13.352344
u001080,c009268,1.0,2024-11-28 23:02:31.166153
u001080,c008655,1.0,2024-12-03 19:18:03.170528
u001080,c009000,1.0,2024-12-07 02:19:01.833314
u001080,c009290,1.0,2025-01-24 12:35:29.394991
u001080,c008817,1.0,2025-02-20 05:47:52.082629
u001080,c009004,1.0,2025-04-06 19:58:28.804256
u001080,c007449,1.0,2025-05-08 06:01:02.630448
u001080,c009644,1.0,2025-05-09 22:01:37.738772
u001080,c008681,1.0,2025-05-14 19:27:57.506853
u001080,c008579,1.0,2025-06-30 01:18:34.974892
u001080,c008764,1.0,2025-07-24 00:36:01.437408
u001080,c008948,1.0,2025-07-28 03:09:06.813498
u001081,c008682,1.0,2025-01-19 09:19:27.099702
u001081,c008538,1.0,2025-04-27 12:35:18.933058
u001081,c009191,1.0,2025-06-11 03:20:21.628500
u001081,c008961,1.0,2025-08-19 08:50:41.722292
u001082,c009155,1.0,2025-04-01 23:18:15.994158
u001082,c008691,1.0,2025-04-28 11:00:07.612523
u001082,c009231,1.0,2025-10-02 05:56:29.802310
u001082,c009226,1.0,2025-10-20 21:17:49.742719
u001083,c006726,1.0,2024-11-08 10:02:22.546844
u001083,c009213,1.0,2024-11-14 15:47:10.384411
u001083,c006436,1.0,2024-11-29 06:34:22.405854
u001083,c006016,1.0,2025-01-01 08:11:27.067434
u001083,c006162,1.0,2025-01-19 06:25:43.596821
u001083,c006557,1.0,2025-04-21 09:01:51.522650
u001083,c009518,1.0,2025-04-30 20:01:50.792596
u001083,c006338,1.0,2025-08-02 19:26:13.638862
u001083,c006008,1.0,2025-08-19 23:33:45.492535
u001083,c007013,1.0,2025-08-27 04:33:37.470914
u001083,c007194,1.0,2025-09-19 21:07:06.647739
u001083,c009287,1.0,2025-10-10 14:29:10.139123
u001084,c007904,1.0,2024-12-18 10:27:41.829961
u001084,c009048,1.0,2025-03-15 06:35:11.455025
u001084,c009349,1.0,2025-03-27 17:12:29.697947
u001084,c008976,1.0,2025-03-30 21:55:32.119547
u001084,c008720,1.0,2025-04-03 14:29:29.606390
u001084,c008375,1.0,2025-05-21 14:48:07.543947
u001084,c008572,1.0,2025-05-29 05:14:22.899254
u001084,c009628,1.0,2025-07-11 06:54:37.105246
u001084,c009057,1.0,2025-07-19 15:34:14.281812
u001084,c008999,1.0,2025-07-21 23:16:33.153814
u001084,c009451,1.0,2025-08-03 17:51:59.931397
u001084,c008719,1.0,2025-08-11 12:17:56.962269
u001084,c009009,1.0,2025-08-14 17:43:46.722940
u001084,c009038,1.0,2025-09-13 15:42:56.310577
u001085,c008794,1.0,2024-11-27 08:34:41.025058
u001085,c007554,1.0,2024-12-19 03:56:18.212148
u001085,c006104,1.0,2025-01-14 19:21:35.723924
u001085,c008641,1.0,2025-02-02 04:10:27.652492
u001085,c007239,1.0,2025-02-12 11:39:40.390705
u001085,c009631,1.0,2025-05-03 22:33:01.806964
u001085,c008948,1.0,2025-05-07 12:06:19.449347
u001085,c006006,1.0,2025-05-19 19:06:48.667145
u001085,c008890,1.0,2025-06-02 07:33:23.354407
u001085,c008466,1.0,2025-06-19 13:38:20.101733
u001085,c009290,1.0,2025-08-27 13:57:59.203663
u001085,c008595,1.0,2025-11-02 00:45:21.872055
u001086,c006486,1.0,2024-11-23 10:13:35.279248
u001086,c007841,1.0,2024-11-26 12:46:10.544574
u001086,c007967,1.0,2025-01-12 22:45:48.188975
u001086,c007970,1.0,2025-01-15 19:41:44.871370
u001086,c008154,1.0,2025-02-11 23:07:13.326493
u001086,c008293,1.0,2025-03-30 01:29:35.745338
u001086,c007972,1.0,2025-04-18 10:22:29.357136
u001086,c008397,1.0,2025-05-07 21:32:23.383450
u001086,c008174,1.0,2025-09-03 19:40:32.330599
u001086,c008347,1.0,2025-11-03 01:03:00.767140
u001087,c008586,1.0,2024-11-26 14:41:22.140732
u001087,c008839,1.0,2025-04-05 07:34:36.309173
u001087,c009103,1.0,2025-05-03 18:55:16.680005
u001087,c009367,1.0,2025-05-24 17:24:34.925650
u001087,c006639,1.0,2025-06-07 19:03:22.814068
u001087,c008535,1.0,2025-06-13 09:58:44.425291
u001087,c009268,1.0,2025-07-16 16:37:34.312821
u001087,c009606,1.0,2025-07-19 02:06:46.136455
u001088,c009212,1.0,2024-11-17 19:24:24.421597
u001088,c009379,1.0,2024-12-15 09:23:07.893766
u001088,c009132,1.0,2025-02-06 11:11:43.198081
u001088,c008894,1.0,2025-02-08 23:52:30.162640
u001088,c009068,1.0,2025-02-08 23:53:50.434685
u001088,c008470,1.0,2025-04-20 18:16:06.737873
u001088,c009176,1.0,2025-05-09 18:36:13.094115
u001088,c008603,1.0,2025-05-27 23:18:50.353385
u001088,c009295,1.0,2025-09-12 19:57:44.124890
u001088,c009504,1.0,2025-09-15 13:35:34.086933
u001088,c009415,1.0,2025-09-21 12:39:28.939683
u001088,c009375,1.0,2025-09-24 23:34:13.886936
u001089,c008761,1.0,2025-01-25 10:26:04.919147
u001089,c008628,1.0,2025-02-22 16:41:55.312491
u001089,c009392,1.0,2025-03-22 23:26:29.007155
u001089,c008798,1.0,2025-03-30 18:50:31.130302
u001089,c009322,1.0,2025-04-18 17:39:02.793020
u001089,c008711,1.0,2025-04-19 22:27:19.684062
u001089,c008820,1.0,2025-05-04 02:33:51.749493
u001089,c008478,1.0,2025-05-24 03:47:24.722330
u001089,c007883,1.0,2025-06-14 11:33:16.402344
u001089,c009428,1.0,2025-08-08 10:27:43.256541
u001089,c008691,1.0,2025-10-17 22:49:44.432720
u001089,c009647,1.0,2025-10-18 11:59:38.890265
u001090,c008579,1.0,2024-11-25 07:30:14.355707
u001090,c009364,1.0,2024-12-09 08:53:44.643293
u001090,c008777,1.0,2024-12-27 13:44:56.783517
u001090,c009080,1.0,2025-01-09 18:29:11.122022
u001090,c008989,1.0,2025-01-27 22:31:08.560322
u001090,c009558,1.0,2025-02-03 05:27:46.004280
u001090,c008462,1.0,2025-03-31 02:25:41.873080
u001090,c009290,1.0,2025-07-15 05:38:19.665527
u001090,c008808,1.0,2025-07-30 17:47:49.053687
u001091,c007363,1.0,2024-11-25 02:37:22.310399
u001091,c009155,1.0,2024-11-30 20:22:05.285513
u001091,c008280,1.0,2024-12-30 21:21:01.325827
u001091,c007518,1.0,2025-01-25 13:43:35.454495
u001091,c009118,1.0,2025-02-03 05:02:05.429397
u001091,c007883,1.0,2025-03-11 20:13:31.491707
u001091,c007193,1.0,2025-04-24 19:25:33.186699
u001091,c007695,1.0,2025-05-31 03:28:59.759519
u001091,c007761,1.0,2025-06-09 19:35:31.878323
u001091,c009227,1.0,2025-06-24 04:41:09.467537
u001091,c007387,1.0,2025-07-03 11:15:10.862172
u001091,c007218,1.0,2025-07-07 16:30:09.609031
u001091,c007285,1.0,2025-07-09 03:06:00.124554
u001091,c007434,1.0,2025-07-21 03:24:10.690165
u001092,c009619,1.0,2025-01-20 16:50:23.445445
u001092,c009025,1.0,2025-02-10 01:41:14.782457
u001092,c009316,1.0,2025-03-25 08:29:32.665174
u001092,c009151,1.0,2025-06-23 21:08:59.854712
u001093,c006061,1.0,2024-12-22 06:35:31.733856
u001093,c006056,1.0,2025-01-12 00:53:14.406021
u001093,c007991,1.0,2025-03-23 04:43:22.978882
u001093,c006830,1.0,2025-04-17 14:02:19.469913
u001094,c009253,1.0,2024-11-08 03:02:35.111715
u001094,c009430,1.0,2024-12-15 06:47:40.676399
u001094,c008989,1.0,2024-12-18 08:46:51.969615
u001094,c008923,1.0,2024-12-22 13:57:59.187829
u001094,c009415,1.0,2025-01-07 23:15:09.576054
u001094,c008968,1.0,2025-02-17 19:27:37.988623
u001094,c009375,1.0,2025-02-19 12:59:43.685665
u001094,c008597,1.0,2025-03-15 04:51:40.971803
u001094,c008543,1.0,2025-04-07 19:23:48.141849
u001094,c008477,1.0,2025-05-02 23:06:16.274214
u001094,c008682,1.0,2025-05-26 22:04:26.012701
u001094,c008878,1.0,2025-06-11 16:45:08.754462
u001094,c006291,1.0,2025-06-24 14:45:04.733913
u001094,c008872,1.0,2025-08-25 00:45:17.872972
u001094,c000317,1.0,2025-11-04 08:06:00.477392
u001095,c008620,1.0,2024-11-20 09:41:09.451284
u001095,c007819,1.0,2025-02-19 05:27:50.617472
u001095,c009131,1.0,2025-04-11 12:46:25.763596
u001095,c009173,1.0,2025-06-02 16:00:35.658486
u001095,c008141,1.0,2025-10-25 16:36:39.821300
u001096,c008711,1.0,2024-11-19 11:16:09.669535
u001096,c008869,1.0,2024-12-12 07:06:48.805766
u001096,c009443,1.0,2024-12-17 20:27:59.156305
u001096,c009349,1.0,2025-01-23 13:08:12.239415
u001096,c008978,1.0,2025-03-30 14:48:55.188312
u001096,c008873,1.0,2025-05-31 19:15:51.763512
u001096,c009524,1.0,2025-06-07 04:48:42.770975
u001096,c008825,1.0,2025-08-13 15:03:29.344645
u001096,c009084,1.0,2025-08-27 10:18:17.777153
u001096,c008780,1.0,2025-09-01 05:07:13.933783
u001096,c006350,1.0,2025-10-16 15:36:07.485219
u001096,c008478,1.0,2025-10-19 13:17:31.783122
u001097,c009499,1.0,2025-01-31 13:41:13.523775
u001097,c009321,1.0,2025-02-11 17:45:46.481068
u001097,c008513,1.0,2025-02-15 01:06:14.949166
u001097,c008865,1.0,2025-02-21 03:44:29.025093
u001097,c008896,1.0,2025-03-10 10:29:28.343861
u001097,c008559,1.0,2025-03-20 21:55:13.552646
u001097,c009124,1.0,2025-04-18 18:15:59.568240
u001097,c009169,1.0,2025-04-25 23:40:25.914625
u001097,c009304,1.0,2025-04-30 20:14:34.196231
u001097,c008494,1.0,2025-05-17 19:51:27.184485
u001097,c009186,1.0,2025-06-01 13:48:34.883266
u001097,c006056,1.0,2025-06-06 11:21:19.805559
u001097,c009222,1.0,2025-06-09 10:50:29.903160
u001097,c006389,1.0,2025-06-11 06:12:00.595768
u001097,c006728,1.0,2025-09-11 16:16:07.175673
u001098,c008775,1.0,2024-12-21 00:59:04.582428
u001098,c009001,1.0,2025-01-05 14:26:11.172412
u001098,c006228,1.0,2025-03-17 01:49:21.842093
u001098,c008781,1.0,2025-04-05 11:15:15.796923
u001098,c008703,1.0,2025-04-11 18:05:32.513270
u001098,c009464,1.0,2025-05-13 02:33:43.231054
u001098,c006135,1.0,2025-07-24 13:32:27.625371
u001098,c008996,1.0,2025-08-31 18:39:31.738372
u001098,c009250,1.0,2025-09-16 19:46:26.678263
u001098,c009427,1.0,2025-10-05 11:22:25.624451
u001098,c006149,1.0,2025-10-07 10:02:19.514638
u001099,c006116,1.0,2024-12-01 11:55:55.434611
u001099,c006487,1.0,2025-07-07 01:34:34.763556
u001099,c006094,1.0,2025-10-29 10:02:51.200179
u001100,c007150,1.0,2024-12-23 11:04:25.728445
u001100,c006969,1.0,2025-01-12 19:01:31.522540
u001100,c006009,1.0,2025-01-17 16:37:20.602438
u001100,c006904,1.0,2025-02-22 06:20:14.943328
u001100,c007100,1.0,2025-03-08 07:30:00.180915
u001100,c008764,1.0,2025-04-07 05:51:26.163337
u001100,c008890,1.0,2025-09-08 08:47:59.363728
u001100,c006770,1.0,2025-09-16 00:19:50.960374
u001100,c007042,1.0,2025-09-24 14:21:49.823952
u001101,c009637,1.0,2024-11-22 06:24:31.078262
u001101,c009057,1.0,2024-11-25 11:48:33.927079
u001101,c007643,1.0,2024-11-28 17:18:25.540858
u001101,c007644,1.0,2025-01-08 22:20:07.811386
u001101,c009213,1.0,2025-02-14 06:51:16.551067
u001101,c008484,1.0,2025-03-10 20:32:22.690083
u001101,c007210,1.0,2025-06-06 14:40:52.573897
u001101,c008839,1.0,2025-07-26 07:27:56.489782
u001102,c009283,1.0,2024-11-15 06:11:30.508584
u001102,c009281,1.0,2024-12-22 18:39:57.170872
u001102,c008920,1.0,2025-05-12 19:05:48.856687
u001102,c006150,1.0,2025-06-20 01:03:26.039905
u001102,c008487,1.0,2025-08-07 21:05:27.104709
u001102,c009443,1.0,2025-09-18 15:46:07.798598
u001102,c008602,1.0,2025-10-23 00:36:16.560832
u001103,c007674,1.0,2024-11-13 01:18:07.788453
u001103,c007480,1.0,2024-11-23 04:19:34.851413
u001103,c007350,1.0,2025-01-25 01:38:49.305311
u001103,c007709,1.0,2025-02-20 22:23:06.616780
u001103,c007643,1.0,2025-03-11 13:44:39.627839
u001103,c007214,1.0,2025-03-22 21:28:08.556552
u001103,c007241,1.0,2025-09-24 04:02:08.351118
u001104,c009184,1.0,2025-01-22 10:45:47.842297
u001104,c009086,1.0,2025-03-15 03:57:53.111983
u001104,c008896,1.0,2025-05-21 14:12:54.015749
u001104,c009413,1.0,2025-07-25 19:48:44.389953
u001104,c009512,1.0,2025-07-27 20:37:57.653966
u001104,c009321,1.0,2025-09-20 08:58:20.290276
u001104,c008643,1.0,2025-10-30 15:34:32.496336
u001105,c009232,1.0,2024-11-08 05:03:20.708704
u001105,c009556,1.0,2024-11-10 08:17:12.371898
u001105,c008833,1.0,2025-01-28 15:28:43.350556
u001105,c009094,1.0,2025-02-09 23:13:22.380014
u001105,c008691,1.0,2025-02-15 07:03:12.711720
u001105,c009381,1.0,2025-04-08 14:04:49.208464
u001105,c009202,1.0,2025-05-19 03:39:20.436641
u001105,c009513,1.0,2025-05-22 04:02:26.690593
u001105,c009398,1.0,2025-06-11 03:19:58.027129
u001105,c009231,1.0,2025-06-14 04:23:46.813351
u001105,c008963,1.0,2025-08-18 07:04:46.776948
u001105,c009464,1.0,2025-10-07 16:17:11.000166
u001105,c008720,1.0,2025-10-26 04:19:20.270950
u001106,c006957,1.0,2024-12-11 06:01:53.901686
u001106,c006553,1.0,2025-03-10 06:12:29.229176
u001106,c009398,1.0,2025-03-25 06:45:25.902081
u001106,c008628,1.0,2025-04-13 15:06:25.840879
u001106,c006439,1.0,2025-04-30 08:31:35.067756
u001106,c009510,1.0,2025-06-12 11:06:42.933502
u001106,c006585,1.0,2025-06-26 05:07:09.921083
u001106,c006314,1.0,2025-07-16 16:54:32.402237
u001106,c006953,1.0,2025-08-07 15:20:42.037553
u001106,c006002,1.0,2025-09-25 22:17:04.917450
u001106,c008560,1.0,2025-10-04 04:41:22.184464
u001107,c009227,1.0,2025-01-04 02:19:55.660022
u001107,c007091,1.0,2025-04-09 06:31:43.915613
u001107,c008623,1.0,2025-05-31 23:30:04.124968
u001107,c006035,1.0,2025-06-22 14:15:32.882005
u001107,c006093,1.0,2025-07-09 17:29:00.427618
u001107,c006566,1.0,2025-09-15 22:20:43.973654
u001108,c007883,1.0,2024-11-16 03:03:40.699491
u001108,c009012,1.0,2024-12-04 09:40:03.187021
u001108,c007120,1.0,2024-12-10 04:52:50.719881
u001108,c006336,1.0,2025-01-11 16:43:22.834141
u001108,c006799,1.0,2025-01-15 10:22:03.167147
u001108,c009184,1.0,2025-03-23 20:11:20.976893
u001108,c006556,1.0,2025-04-02 14:16:15.503931
u001108,c009210,1.0,2025-04-05 05:59:33.573138
u001108,c006725,1.0,2025-05-05 05:42:28.015898
u001108,c008063,1.0,2025-05-20 23:32:29.782156
u001108,c006087,1.0,2025-05-25 05:12:31.706516
u001108,c006026,1.0,2025-09-16 03:39:50.846728
u001109,c006679,1.0,2024-11-10 23:38:23.813351
u001109,c009420,1.0,2024-12-01 16:52:46.622729
u001109,c006837,1.0,2024-12-30 20:38:36.752434
u001109,c006346,1.0,2025-01-26 02:57:22.195032
u001109,c009497,1.0,2025-02-03 20:24:43.975744
u001109,c009507,1.0,2025-02-07 00:18:30.218626
u001109,c006825,1.0,2025-02-20 02:29:05.505250
u001109,c006484,1.0,2025-03-11 17:27:36.414729
u001109,c008815,1.0,2025-03-22 19:36:04.495152
u001109,c008957,1.0,2025-04-01 06:05:26.568378
u001109,c006095,1.0,2025-05-10 14:09:14.549537
u001109,c009281,1.0,2025-05-15 09:29:46.191698
u001109,c009656,1.0,2025-06-27 02:52:24.188649
u001109,c006288,1.0,2025-06-29 03:28:22.292251
u001109,c006338,1.0,2025-07-27 01:05:23.989922
u001110,c009163,1.0,2024-11-17 18:49:13.460825
u001110,c009493,1.0,2025-01-28 23:31:39.958569
u001110,c009184,1.0,2025-02-27 23:21:58.515220
u001110,c008769,1.0,2025-03-24 07:37:44.431239
u001110,c008594,1.0,2025-04-07 19:51:05.955764
u001110,c008533,1.0,2025-04-27 15:03:44.449559
u001110,c009540,1.0,2025-05-02 10:16:16.094078
u001111,c008497,1.0,2025-01-11 21:10:10.280388
u001111,c007966,1.0,2025-02-07 18:21:03.410410
u001111,c009187,1.0,2025-03-05 06:54:45.770883
u001111,c009188,1.0,2025-04-22 12:36:29.155150
u001111,c008686,1.0,2025-06-04 23:38:47.454334
u001111,c008835,1.0,2025-06-18 01:33:06.260652
u001111,c009138,1.0,2025-06-29 02:53:15.294227
u001111,c009580,1.0,2025-09-07 11:08:02.526025
u001111,c009408,1.0,2025-10-22 07:57:07.351808
u001112,c006512,1.0,2024-12-04 14:14:31.975674
u001112,c008326,1.0,2024-12-26 13:57:57.379994
u001112,c007883,1.0,2025-03-05 01:19:22.811770
u001112,c007114,1.0,2025-04-23 15:00:01.421209
u001112,c009240,1.0,2025-04-23 15:06:17.550387
u001112,c006768,1.0,2025-07-30 07:37:58.553871
u001113,c009272,1.0,2024-12-22 21:23:20.574310
u001113,c009051,1.0,2025-01-24 14:30:14.190614
u001113,c008649,1.0,2025-01-29 13:36:21.976461
u001113,c007460,1.0,2025-02-06 00:43:07.651401
u001113,c006263,1.0,2025-02-09 04:38:31.459545
u001113,c007510,1.0,2025-02-20 21:22:49.450140
u001113,c009646,1.0,2025-02-28 05:35:00.487803
u001113,c008756,1.0,2025-05-16 15:40:23.400322
u001113,c008615,1.0,2025-05-18 10:15:37.861462
u001113,c008826,1.0,2025-07-03 18:47:48.224769
u001113,c008923,1.0,2025-07-14 16:33:22.660972
u001113,c008873,1.0,2025-08-06 04:11:04.087564
u001113,c009592,1.0,2025-08-07 01:52:31.492619
u001113,c008858,1.0,2025-08-14 19:33:33.317428
u001113,c009199,1.0,2025-09-25 07:43:07.623674
u001114,c007591,1.0,2024-12-26 00:33:02.523885
u001114,c007232,1.0,2025-01-13 08:45:29.412394
u001114,c007396,1.0,2025-06-25 19:05:05.824148
u001114,c007547,1.0,2025-07-18 05:46:15.394460
u001114,c007969,1.0,2025-11-04 01:41:02.103364
u001115,c009273,1.0,2025-04-20 11:07:38.689039
u001115,c008775,1.0,2025-08-22 16:18:09.356744
u001115,c007910,1.0,2025-08-24 16:57:45.273903
u001115,c009540,1.0,2025-08-25 11:15:03.572716
u001115,c008935,1.0,2025-10-17 17:39:09.948464
u001116,c006294,1.0,2024-11-19 00:56:27.577481
u001116,c007062,1.0,2024-12-22 07:35:34.806861
u001116,c006027,1.0,2024-12-30 13:11:31.381106
u001116,c008779,1.0,2025-01-22 01:38:34.047635
u001116,c006712,1.0,2025-01-24 05:30:38.723263
u001116,c006135,1.0,2025-04-09 07:57:12.275467
u001116,c007234,1.0,2025-04-15 08:58:43.479133
u001116,c006986,1.0,2025-04-20 20:14:33.956227
u001116,c007055,1.0,2025-06-07 21:30:35.745137
u001116,c006632,1.0,2025-06-14 12:08:14.765759
u001116,c009214,1.0,2025-06-23 18:15:04.623021
u001116,c006970,1.0,2025-07-15 04:46:32.653133
u001116,c009231,1.0,2025-08-25 02:03:08.981902
u001116,c006493,1.0,2025-09-04 10:53:57.780260
u001116,c006281,1.0,2025-10-31 22:11:06.228296
u001117,c007803,1.0,2024-12-30 11:33:14.100652
u001117,c007880,1.0,2025-03-28 22:56:31.816019
u001117,c006064,1.0,2025-09-08 16:46:15.708658
u001118,c009204,1.0,2024-12-25 13:41:07.898359
u001118,c008397,1.0,2025-01-19 10:28:18.713878
u001118,c008833,1.0,2025-05-20 23:45:53.350761
u001118,c008395,1.0,2025-06-04 02:17:22.639906
u001118,c007988,1.0,2025-06-06 15:41:16.244199
u001118,c009063,1.0,2025-06-23 06:46:42.747412
u001118,c009237,1.0,2025-07-21 19:49:01.292078
u001118,c009202,1.0,2025-08-17 20:24:38.914282
u001119,c009218,1.0,2024-12-01 04:07:37.205870
u001119,c009442,1.0,2025-02-11 02:18:03.994151
u001119,c009102,1.0,2025-02-12 00:50:57.199070
u001119,c006363,1.0,2025-04-10 03:34:20.181842
u001119,c006424,1.0,2025-04-17 05:36:22.901143
u001119,c008577,1.0,2025-05-13 04:32:38.874448
u001119,c008685,1.0,2025-05-14 22:38:06.384024
u001119,c007210,1.0,2025-06-07 04:25:00.737415
u001119,c009205,1.0,2025-08-03 06:48:00.412370
u001119,c006821,1.0,2025-08-07 05:26:26.182217
u001119,c008959,1.0,2025-08-07 16:53:26.632629
u001119,c009585,1.0,2025-09-14 20:57:48.401293
u001119,c007335,1.0,2025-09-22 01:11:20.439427
u001120,c009553,1.0,2024-11-13 21:13:43.521608
u001120,c008146,1.0,2024-12-21 10:05:09.154309
u001120,c007929,1.0,2025-01-25 02:26:51.685966
u001120,c008040,1.0,2025-02-10 07:06:59.200659
u001120,c008874,1.0,2025-05-05 16:50:59.483082
u001120,c009354,1.0,2025-06-01 00:18:00.176117
u001120,c008477,1.0,2025-06-12 14:36:39.192787
u001120,c008859,1.0,2025-07-08 06:39:57.722421
u001120,c008403,1.0,2025-07-11 08:05:31.308851
u001120,c008713,1.0,2025-08-28 09:55:52.554923
u001120,c009621,1.0,2025-09-01 15:08:18.460275
u001120,c008941,1.0,2025-09-28 06:50:17.677222
u001120,c009646,1.0,2025-10-01 15:05:49.298197
u001120,c009607,1.0,2025-10-07 18:48:55.560851
u001121,c007710,1.0,2024-11-14 04:06:36.045767
u001121,c008763,1.0,2024-12-17 08:28:02.804457
u001121,c007470,1.0,2024-12-24 15:17:32.490039
u001121,c007326,1.0,2025-01-04 02:04:19.484973
u001121,c007273,1.0,2025-01-04 09:51:07.575102
u001121,c007627,1.0,2025-01-06 18:25:38.976295
u001121,c008593,1.0,2025-03-23 09:09:40.572865
u001121,c009189,1.0,2025-04-24 06:43:18.901422
u001121,c007487,1.0,2025-06-14 01:45:45.241913
u001121,c007208,1.0,2025-08-12 09:52:40.586578
u001121,c008938,1.0,2025-10-24 14:18:59.980000
u001122,c008717,1.0,2024-11-19 16:46:36.656822
u001122,c009389,1.0,2024-12-27 15:38:53.453048
u001122,c006255,1.0,2025-03-09 23:40:14.438062
u001123,c008727,1.0,2024-11-10 01:51:21.355909
u001123,c008971,1.0,2025-08-08 19:13:22.933955
u001123,c007718,1.0,2025-08-14 22:26:04.811345
u001124,c009022,1.0,2024-11-26 18:36:49.622231
u001124,c009486,1.0,2025-01-19 06:58:39.751511
u001124,c009613,1.0,2025-02-23 12:23:48.325460
u001124,c009260,1.0,2025-03-27 04:00:42.326411
u001124,c008987,1.0,2025-04-29 19:41:28.146802
u001124,c008857,1.0,2025-04-30 16:59:26.696048
u001124,c009559,1.0,2025-05-05 18:59:41.529499
u001124,c008711,1.0,2025-07-31 07:39:20.407255
u001124,c009316,1.0,2025-08-06 03:59:31.729976
u001124,c009127,1.0,2025-08-16 04:43:58.909526
u001124,c009339,1.0,2025-09-05 16:13:52.047563
u001124,c007449,1.0,2025-09-19 15:34:25.578533
u001125,c008513,1.0,2024-11-17 12:17:06.265776
u001125,c009002,1.0,2024-12-23 19:49:17.593249
u001125,c009413,1.0,2024-12-30 19:11:28.787976
u001125,c006588,1.0,2025-01-12 06:35:17.905805
u001125,c008580,1.0,2025-01-12 16:14:50.474957
u001125,c008763,1.0,2025-01-14 01:25:35.853496
u001125,c009123,1.0,2025-01-25 00:47:07.763989
u001125,c009304,1.0,2025-01-30 13:17:29.689144
u001125,c008631,1.0,2025-04-13 01:08:12.196371
u001125,c008710,1.0,2025-05-28 23:44:09.961768
u001125,c008475,1.0,2025-06-11 12:42:53.146792
u001125,c008881,1.0,2025-07-09 20:40:20.572017
u001125,c009521,1.0,2025-07-18 21:22:19.557051
u001125,c008981,1.0,2025-10-20 09:39:06.671120
u001126,c005992,1.0,2024-11-11 07:27:00.109481
u001126,c009231,1.0,2024-11-14 20:15:45.555175
u001126,c008733,1.0,2025-01-09 02:04:37.941547
u001126,c008751,1.0,2025-02-18 15:57:59.207962
u001126,c008691,1.0,2025-03-03 03:06:32.472146
u001126,c006813,1.0,2025-03-16 14:58:15.379420
u001126,c007015,1.0,2025-03-18 03:47:48.062600
u001126,c008787,1.0,2025-05-28 02:28:48.363925
u001126,c009212,1.0,2025-08-13 03:25:18.974351
u001126,c008601,1.0,2025-08-27 13:02:58.358433
u001126,c008779,1.0,2025-09-05 10:25:07.464081
u001126,c006028,1.0,2025-10-14 07:35:08.855285
u001127,c006327,1.0,2025-01-23 18:35:25.040623
u001127,c007042,1.0,2025-01-26 08:23:20.828419
u001127,c006664,1.0,2025-03-05 19:24:12.071339
u001127,c007888,1.0,2025-03-13 00:54:28.186767
u001127,c006056,1.0,2025-04-05 09:12:29.931077
u001127,c006666,1.0,2025-05-17 00:00:50.725334
u001127,c008764,1.0,2025-07-07 00:21:17.960551
u001127,c006275,1.0,2025-08-28 22:56:29.273931
u001127,c006481,1.0,2025-09-29 19:21:54.777774
u001127,c006420,1.0,2025-10-23 04:54:13.125436
u001127,c007166,1.0,2025-10-23 12:45:50.699267
u001128,c008777,1.0,2024-11-21 21:31:21.058118
u001128,c009004,1.0,2024-11-26 10:40:09.881794
u001128,c008582,1.0,2024-11-28 00:02:38.070256
u001128,c009530,1.0,2024-11-29 03:17:53.844142
u001128,c008544,1.0,2024-12-04 20:41:14.750722
u001128,c008495,1.0,2024-12-24 16:59:02.020475
u001128,c008948,1.0,2024-12-31 21:42:32.498023
u001128,c007966,1.0,2025-01-21 18:48:36.576893
u001128,c008641,1.0,2025-04-11 00:20:01.844819
u001128,c009644,1.0,2025-05-31 00:53:37.724329
u001128,c006154,1.0,2025-08-01 04:23:03.860720
u001128,c008764,1.0,2025-08-08 05:51:13.817679
u001128,c008808,1.0,2025-10-02 12:13:48.143586
u001129,c008742,1.0,2025-03-21 08:08:15.657146
u001129,c006029,1.0,2025-05-11 18:06:47.814567
u001129,c006447,1.0,2025-08-26 12:42:19.183175
u001129,c005995,1.0,2025-09-08 13:46:24.831922
u001130,c009180,1.0,2025-08-11 09:14:37.419181
u001130,c009212,1.0,2025-08-19 04:35:16.833171
u001130,c008940,1.0,2025-09-07 06:55:52.292786
u001130,c009210,1.0,2025-10-23 11:55:56.985785
u001131,c007967,1.0,2025-01-22 15:07:31.939952
u001131,c008397,1.0,2025-02-03 10:00:53.096597
u001131,c009518,1.0,2025-02-05 07:55:25.280732
u001131,c009231,1.0,2025-02-12 19:00:24.645177
u001131,c009399,1.0,2025-04-06 12:56:51.104865
u001131,c007837,1.0,2025-06-06 07:46:32.335279
u001131,c007398,1.0,2025-06-27 11:42:37.756840
u001131,c008376,1.0,2025-08-24 09:38:31.614130
u001131,c007908,1.0,2025-08-29 00:20:42.634949
u001131,c009184,1.0,2025-10-04 08:12:59.683642
u001131,c006484,1.0,2025-10-26 22:44:08.919371
u001131,c007841,1.0,2025-10-28 20:42:35.316345
u001131,c007811,1.0,2025-11-03 00:22:31.749694
u001132,c009289,1.0,2024-11-24 01:24:45.906870
u001132,c008982,1.0,2025-01-25 12:37:57.992429
u001132,c009295,1.0,2025-06-27 12:57:43.249146
u001132,c009253,1.0,2025-06-28 02:49:20.179018
u001132,c008971,1.0,2025-07-14 14:30:39.134113
u001132,c009477,1.0,2025-07-26 04:53:30.966979
u001132,c008543,1.0,2025-07-31 18:45:49.601323
u001132,c008894,1.0,2025-09-06 18:21:21.610909
u001132,c009250,1.0,2025-10-31 16:02:01.352013
u001133,c009396,1.0,2024-11-19 15:23:54.041173
u001133,c009413,1.0,2024-12-31 10:41:02.673845
u001133,c008475,1.0,2025-01-02 08:03:17.397744
u001133,c007026,1.0,2025-01-07 22:59:30.901001
u001133,c007160,1.0,2025-03-26 05:05:24.309207
u001133,c009092,1.0,2025-05-10 22:26:06.156069
u001133,c006098,1.0,2025-06-26 12:22:44.879081
u001133,c009003,1.0,2025-07-14 13:30:03.838093
u001133,c009475,1.0,2025-07-30 00:23:07.043478
u001133,c008711,1.0,2025-09-23 03:30:51.605198
u001133,c008740,1.0,2025-10-20 11:56:43.362449
u001134,c008493,1.0,2024-12-10 17:47:14.835255
u001134,c007675,1.0,2025-02-04 14:05:38.874894
u001134,c007316,1.0,2025-02-09 13:01:37.637820
u001134,c008760,1.0,2025-02-27 15:25:03.254538
u001134,c007234,1.0,2025-02-28 16:06:49.918175
u001134,c009443,1.0,2025-03-09 07:31:48.448597
u001134,c006185,1.0,2025-03-26 14:48:06.413730
u001134,c007584,1.0,2025-04-24 04:54:19.038073
u001134,c007331,1.0,2025-06-15 15:28:27.985996
u001134,c009513,1.0,2025-07-07 09:45:26.516512
u001134,c007191,1.0,2025-10-16 15:24:59.272666
u001135,c008808,1.0,2024-11-29 19:50:08.605750
u001135,c008524,1.0,2024-12-01 08:00:16.386818
u001135,c008469,1.0,2024-12-30 07:02:59.237274
u001135,c009184,1.0,2025-03-14 15:22:36.173212
u001135,c008803,1.0,2025-03-15 21:29:30.270424
u001135,c008769,1.0,2025-03-29 05:36:45.275614
u001135,c009294,1.0,2025-04-09 09:30:15.290105
u001135,c009493,1.0,2025-05-06 22:09:48.053956
u001135,c006028,1.0,2025-06-28 12:36:38.481418
u001135,c008575,1.0,2025-07-02 03:10:45.968003
u001135,c009135,1.0,2025-10-20 01:36:56.930030
u001135,c009004,1.0,2025-10-28 06:56:44.345114
u001136,c008628,1.0,2024-12-13 01:08:58.644454
u001136,c009210,1.0,2025-01-02 06:02:04.902180
u001136,c008620,1.0,2025-02-26 15:17:07.989363
u001136,c008709,1.0,2025-03-07 13:19:01.625755
u001136,c000990,1.0,2025-05-09 01:33:07.168914
u001136,c009398,1.0,2025-05-14 20:21:39.602860
u001136,c009214,1.0,2025-07-07 12:56:46.965973
u001137,c007046,1.0,2024-12-29 07:15:47.071480
u001137,c007282,1.0,2024-12-31 21:21:59.312317
u001137,c009057,1.0,2025-01-16 19:59:35.447576
u001137,c006599,1.0,2025-01-25 01:20:16.596781
u001137,c006562,1.0,2025-03-30 21:53:53.553068
u001137,c007991,1.0,2025-04-22 21:27:11.881621
u001137,c006022,1.0,2025-05-28 15:37:42.686602
u001137,c006484,1.0,2025-07-17 07:49:54.998675
u001137,c007643,1.0,2025-07-24 04:23:57.246441
u001137,c006808,1.0,2025-07-24 16:26:22.411720
u001137,c008891,1.0,2025-08-05 17:18:37.914102
u001137,c009155,1.0,2025-10-06 05:20:58.419635
u001138,c009363,1.0,2024-12-06 21:09:31.762059
u001138,c008728,1.0,2025-01-27 04:46:42.027950
u001138,c009269,1.0,2025-03-16 19:10:33.494318
u001138,c008608,1.0,2025-06-25 01:32:56.656671
u001138,c008663,1.0,2025-08-18 01:14:38.696955
u001138,c009181,1.0,2025-09-09 12:52:57.547920
u001138,c008478,1.0,2025-10-02 10:37:07.776904
u001138,c009390,1.0,2025-10-08 10:38:21.986859
u001138,c009474,1.0,2025-10-09 21:03:35.265926
u001139,c008586,1.0,2024-12-24 19:16:48.157275
u001139,c008981,1.0,2025-01-27 14:46:30.290108
u001139,c008839,1.0,2025-02-07 08:03:12.585004
u001139,c008845,1.0,2025-04-05 09:28:14.191218
u001139,c009367,1.0,2025-05-01 20:51:56.505584
u001139,c009466,1.0,2025-07-17 11:58:33.700480
u001139,c008572,1.0,2025-08-11 22:06:02.107832
u001139,c009227,1.0,2025-08-29 20:24:34.572921
u001139,c009185,1.0,2025-10-21 12:48:54.334072
u001140,c009189,1.0,2024-11-20 21:14:02.216489
u001140,c008808,1.0,2025-06-25 01:50:32.793416
u001140,c008968,1.0,2025-08-17 02:15:12.497295
u001141,c006486,1.0,2024-12-04 05:49:12.504418
u001141,c009427,1.0,2025-02-04 12:45:09.186049
u001141,c009379,1.0,2025-02-05 23:37:00.164667
u001141,c008808,1.0,2025-02-12 02:05:17.257072
u001141,c009375,1.0,2025-02-17 20:24:58.663123
u001141,c008894,1.0,2025-02-25 03:22:47.774912
u001141,c009297,1.0,2025-04-01 12:35:29.376512
u001141,c009464,1.0,2025-04-27 12:58:08.534539
u001141,c008601,1.0,2025-05-20 16:40:13.823518
u001141,c009415,1.0,2025-05-28 11:18:24.807409
u001141,c008760,1.0,2025-06-10 11:46:59.601206
u001141,c007696,1.0,2025-07-08 12:53:34.663493
u001141,c009199,1.0,2025-07-13 03:59:06.092222
u001141,c007276,1.0,2025-08-04 09:51:22.772367
u001142,c008601,1.0,2025-05-06 01:11:15.976732
u001142,c008602,1.0,2025-07-28 03:27:34.765991
u001142,c008968,1.0,2025-07-30 19:45:00.670115
u001142,c008639,1.0,2025-08-01 09:21:01.501519
u001142,c008751,1.0,2025-08-03 18:18:17.681744
u001143,c008627,1.0,2024-11-20 15:47:54.885221
u001143,c009184,1.0,2024-12-06 03:19:47.264573
u001143,c007074,1.0,2024-12-08 18:46:19.468647
u001143,c009235,1.0,2024-12-28 01:05:51.369314
u001143,c009290,1.0,2025-03-03 03:29:35.107092
u001143,c009124,1.0,2025-03-31 13:06:16.734254
u001143,c007168,1.0,2025-04-05 11:16:12.925576
u001143,c007088,1.0,2025-04-17 12:41:33.126711
u001143,c008594,1.0,2025-04-28 09:04:05.092868
u001143,c006035,1.0,2025-05-17 01:38:15.532131
u001143,c008629,1.0,2025-06-14 00:08:27.950129
u001143,c007100,1.0,2025-08-15 22:11:15.308158
u001143,c008462,1.0,2025-09-23 22:17:24.097693
u001143,c008540,1.0,2025-10-08 11:45:02.353306
u001143,c009004,1.0,2025-11-04 20:34:20.338656
u001144,c009234,1.0,2024-11-28 23:05:28.437969
u001144,c009233,1.0,2025-01-29 12:46:19.699899
u001144,c009325,1.0,2025-02-15 01:33:11.664546
u001144,c009256,1.0,2025-05-29 17:14:35.745077
u001144,c008554,1.0,2025-06-18 06:47:33.837988
u001145,c008577,1.0,2025-01-18 09:26:37.174287
u001145,c009644,1.0,2025-02-21 09:06:07.578434
u001145,c009314,1.0,2025-04-24 07:56:46.228853
u001145,c008958,1.0,2025-06-28 13:53:28.377735
u001145,c009563,1.0,2025-07-20 05:36:13.550329
u001145,c007207,1.0,2025-08-06 11:40:10.717879
u001145,c009358,1.0,2025-08-12 07:57:05.842941
u001145,c009253,1.0,2025-09-10 10:55:47.393165
u001145,c008808,1.0,2025-10-06 06:49:46.949261
u001145,c009012,1.0,2025-11-02 12:54:29.719251
u001146,c009118,1.0,2024-12-06 01:10:50.214769
u001146,c007558,1.0,2024-12-14 23:10:02.454512
u001146,c009337,1.0,2025-01-02 07:54:00.915384
u001146,c009338,1.0,2025-01-03 04:36:09.995629
u001146,c009316,1.0,2025-01-05 01:44:17.996377
u001146,c009020,1.0,2025-04-05 04:53:47.116503
u001146,c007709,1.0,2025-04-08 17:54:37.918040
u001146,c009017,1.0,2025-06-25 15:43:29.994847
u001146,c009157,1.0,2025-09-18 06:33:20.158553
u001147,c009402,1.0,2024-12-12 08:37:05.435838
u001147,c009124,1.0,2025-01-14 02:22:49.798947
u001147,c009136,1.0,2025-04-26 12:27:36.524735
u001147,c008787,1.0,2025-05-02 08:22:38.471063
u001147,c009210,1.0,2025-06-05 05:53:02.875872
u001147,c009429,1.0,2025-08-10 13:35:42.425847
u001147,c008712,1.0,2025-09-04 15:14:29.624053
u001147,c008486,1.0,2025-09-18 06:22:32.839849
u001148,c006095,1.0,2024-11-25 16:25:01.215681
u001148,c006259,1.0,2025-03-17 21:23:50.316581
u001148,c009233,1.0,2025-03-30 19:55:29.079809
u001148,c008566,1.0,2025-05-27 07:08:49.564452
u001148,c008616,1.0,2025-06-19 00:45:17.484472
u001148,c009237,1.0,2025-07-04 14:36:47.268051
u001148,c008963,1.0,2025-08-10 03:22:39.519979
u001148,c008575,1.0,2025-09-01 21:37:03.234727
u001148,c006751,1.0,2025-09-12 07:30:49.673783
u001148,c009349,1.0,2025-10-12 01:33:02.414673
u001148,c008600,1.0,2025-11-03 00:12:29.991481
u001149,c006562,1.0,2024-11-08 07:10:26.246086
u001149,c007474,1.0,2025-01-11 06:20:26.856928
u001149,c009510,1.0,2025-02-24 01:00:33.864125
u001149,c009214,1.0,2025-03-16 12:56:01.826035
u001149,c009199,1.0,2025-05-21 20:59:53.353337
u001149,c008968,1.0,2025-07-04 06:06:44.899428
u001149,c006030,1.0,2025-07-29 13:01:44.970551
u001149,c008601,1.0,2025-08-21 03:08:29.265917
u001150,c006712,1.0,2024-11-25 04:10:45.660035
u001150,c009409,1.0,2025-06-02 05:01:02.120208
u001150,c008463,1.0,2025-07-13 02:06:07.215973
u001150,c008609,1.0,2025-09-07 21:44:49.526161
u001151,c009518,1.0,2025-05-18 17:10:22.209713
u001151,c006889,1.0,2025-08-06 01:02:57.359132
u001151,c007189,1.0,2025-09-03 20:07:07.178168
u001151,c006527,1.0,2025-09-21 20:43:23.331368
u001152,c008575,1.0,2024-11-20 10:13:22.473747
u001152,c007464,1.0,2025-04-15 09:38:28.451818
u001152,c007511,1.0,2025-06-17 01:46:38.698071
u001152,c007334,1.0,2025-07-24 19:01:44.181123
u001152,c009443,1.0,2025-09-25 18:02:07.674356
u001153,c006388,1.0,2024-12-07 15:56:37.255755
u001153,c008462,1.0,2025-01-14 11:34:53.521175
u001153,c006125,1.0,2025-01-22 15:00:21.170441
u001153,c006246,1.0,2025-03-04 07:59:14.407711
u001153,c006467,1.0,2025-03-09 07:05:08.856035
u001153,c006339,1.0,2025-04-03 18:45:32.392070
u001153,c006026,1.0,2025-04-20 04:38:56.001901
u001153,c006699,1.0,2025-04-23 02:27:43.061355
u001153,c006053,1.0,2025-05-17 04:56:56.262205
u001153,c006287,1.0,2025-07-07 01:43:51.607103
u001153,c006098,1.0,2025-09-15 04:24:08.859636
u001153,c006735,1.0,2025-09-23 06:07:02.638557
u001153,c006821,1.0,2025-11-06 18:50:50.305995
u001154,c008680,1.0,2024-12-24 19:33:01.336287
u001154,c009258,1.0,2025-01-25 05:28:12.200769
u001154,c008623,1.0,2025-02-21 12:57:56.982219
u001154,c008607,1.0,2025-04-04 02:47:14.620376
u001154,c008976,1.0,2025-08-12 19:41:28.518328
u001155,c009226,1.0,2024-11-08 15:26:14.252786
u001155,c009048,1.0,2024-11-09 11:00:08.595535
u001155,c009533,1.0,2025-01-29 17:31:32.736970
u001155,c008719,1.0,2025-03-01 18:01:55.747240
u001155,c009232,1.0,2025-04-30 05:29:43.297971
u001155,c008709,1.0,2025-05-24 04:36:08.884728
u001155,c009464,1.0,2025-07-11 05:39:42.555558
u001155,c009398,1.0,2025-09-26 21:00:13.496823
u001156,c008462,1.0,2024-11-25 03:43:26.083461
u001156,c007738,1.0,2024-12-02 20:16:09.802543
u001156,c007388,1.0,2024-12-16 21:36:54.612523
u001156,c007058,1.0,2025-01-03 23:30:55.039014
u001156,c007718,1.0,2025-03-22 17:13:59.395935
u001156,c007360,1.0,2025-04-01 03:58:15.810519
u001156,c007379,1.0,2025-04-30 04:22:59.114611
u001156,c006758,1.0,2025-05-06 19:57:10.201535
u001156,c007537,1.0,2025-08-08 22:35:49.077682
u001156,c008817,1.0,2025-11-02 06:22:43.723081
u001157,c009295,1.0,2024-12-04 16:08:43.590033
u001157,c002465,1.0,2025-02-16 01:58:36.674923
u001157,c007518,1.0,2025-02-16 02:42:14.499362
u001157,c007761,1.0,2025-02-23 06:06:03.661878
u001157,c006255,1.0,2025-05-17 10:55:27.747793
u001157,c006623,1.0,2025-06-12 03:45:26.587332
u001157,c002714,1.0,2025-06-17 15:03:53.164088
u001157,c006121,1.0,2025-08-04 23:14:25.650776
u001157,c009012,1.0,2025-10-26 10:30:37.076158
u001157,c009189,1.0,2025-10-31 09:11:05.729679
u001158,c009226,1.0,2024-11-09 15:06:36.254054
u001158,c009185,1.0,2024-11-13 18:34:02.465948
u001158,c009032,1.0,2025-02-06 04:50:48.117750
u001158,c008575,1.0,2025-02-11 13:28:40.443228
u001158,c008803,1.0,2025-03-10 07:50:12.453049
u001158,c009605,1.0,2025-04-27 07:13:02.458837
u001158,c009560,1.0,2025-05-06 07:48:32.924035
u001158,c008910,1.0,2025-05-15 18:21:04.981512
u001158,c009211,1.0,2025-05-18 07:07:52.862671
u001158,c009344,1.0,2025-07-22 12:05:25.669664
u001158,c006130,1.0,2025-08-14 04:02:38.363791
u001158,c009157,1.0,2025-09-08 14:37:28.920529
u001158,c009479,1.0,2025-10-03 17:46:28.899904
u001159,c009254,1.0,2024-12-02 19:51:31.419461
u001159,c008715,1.0,2024-12-17 23:24:41.267466
u001159,c009528,1.0,2025-01-05 03:27:28.800822
u001159,c008462,1.0,2025-02-06 14:53:39.134699
u001159,c009533,1.0,2025-03-26 01:11:53.598508
u001159,c009266,1.0,2025-03-27 12:12:54.314561
u001159,c009215,1.0,2025-05-03 14:26:55.379340
u001159,c008481,1.0,2025-05-07 18:41:11.356155
u001159,c008689,1.0,2025-05-12 05:35:26.505133
u001159,c008590,1.0,2025-09-03 04:03:47.382833
u001159,c009236,1.0,2025-09-18 06:55:25.273490
u001159,c009171,1.0,2025-10-18 03:18:13.998569
u001159,c009518,1.0,2025-10-30 03:46:32.268434
u001160,c006081,1.0,2024-11-20 09:45:59.398587
u001160,c009280,1.0,2024-11-21 03:29:01.272291
u001160,c009020,1.0,2024-11-22 02:44:57.102699
u001160,c009612,1.0,2024-11-24 10:04:02.406951
u001160,c008491,1.0,2025-02-16 01:56:50.025125
u001160,c008870,1.0,2025-03-05 03:14:09.012296
u001160,c009605,1.0,2025-03-28 05:56:01.145618
u001160,c008575,1.0,2025-03-29 15:30:13.672775
u001160,c009344,1.0,2025-04-29 10:08:05.387453
u001160,c008688,1.0,2025-05-23 10:46:10.709908
u001160,c008720,1.0,2025-06-06 20:59:26.017641
u001160,c009490,1.0,2025-10-13 08:37:36.762142
u001160,c009210,1.0,2025-10-17 19:21:59.025077
u001161,c009106,1.0,2024-11-08 23:51:25.836224
u001161,c008710,1.0,2024-11-13 11:46:14.759030
u001161,c007642,1.0,2024-12-14 02:42:53.318382
u001161,c009293,1.0,2024-12-15 05:27:08.766728
u001161,c008763,1.0,2025-01-26 00:48:31.049298
u001161,c008580,1.0,2025-02-02 09:38:33.082230
u001161,c009629,1.0,2025-06-28 00:41:38.896288
u001161,c007379,1.0,2025-07-26 02:57:42.176091
u001161,c008531,1.0,2025-08-12 05:22:55.078851
u001161,c008921,1.0,2025-09-13 01:31:34.710313
u001161,c009335,1.0,2025-09-20 04:05:05.293735
u001162,c008539,1.0,2024-12-21 08:13:25.686166
u001162,c009477,1.0,2025-02-13 20:05:18.667900
u001162,c006095,1.0,2025-02-23 17:57:56.766907
u001162,c008971,1.0,2025-03-18 07:23:24.423265
u001162,c008855,1.0,2025-05-23 08:50:02.020083
u001162,c008756,1.0,2025-06-07 05:55:21.979341
u001162,c008564,1.0,2025-06-30 03:19:34.175898
u001162,c009359,1.0,2025-07-04 20:06:30.684123
u001162,c008759,1.0,2025-10-05 21:26:12.269971
u001162,c006194,1.0,2025-10-20 13:10:25.622846
u001162,c009564,1.0,2025-10-24 19:03:56.455119
u001163,c007349,1.0,2024-11-17 05:30:25.213560
u001163,c009007,1.0,2025-02-06 08:21:43.970878
u001163,c007434,1.0,2025-04-05 02:35:47.385547
u001163,c007517,1.0,2025-05-24 08:49:42.370313
u001163,c009398,1.0,2025-06-04 08:06:32.674882
u001163,c007633,1.0,2025-06-17 15:20:42.153817
u001163,c007324,1.0,2025-08-02 01:32:37.409695
u001163,c007218,1.0,2025-08-29 06:22:15.626902
u001163,c009510,1.0,2025-09-13 20:04:13.817523
u001164,c008343,1.0,2024-11-30 00:37:03.085880
u001164,c008956,1.0,2024-12-07 22:33:05.475324
u001164,c007276,1.0,2025-01-02 20:44:19.276343
u001164,c008880,1.0,2025-01-19 02:10:57.312816
u001164,c009415,1.0,2025-02-12 02:38:22.031291
u001164,c007991,1.0,2025-04-12 07:36:14.652416
u001164,c009070,1.0,2025-07-12 11:34:42.478158
u001164,c007751,1.0,2025-07-31 01:56:27.949039
u001165,c008475,1.0,2025-01-06 01:10:20.072993
u001165,c008520,1.0,2025-03-04 10:34:59.652345
u001165,c009023,1.0,2025-07-17 00:01:56.578148
u001165,c009051,1.0,2025-08-03 17:22:32.138699
u001165,c009097,1.0,2025-08-07 17:55:06.783339
u001166,c008935,1.0,2024-11-08 05:23:51.225032
u001166,c009025,1.0,2024-12-13 19:55:39.769974
u001166,c008965,1.0,2025-04-20 13:49:50.452302
u001166,c009151,1.0,2025-05-08 13:01:20.695783
u001166,c008961,1.0,2025-05-11 13:46:58.325124
u001166,c009591,1.0,2025-06-14 10:32:09.124038
u001166,c008933,1.0,2025-07-07 09:43:41.452472
u001166,c009490,1.0,2025-07-23 17:48:05.137958
u001166,c008910,1.0,2025-07-24 23:26:23.476527
u001166,c009605,1.0,2025-07-27 22:02:53.746149
u001166,c009645,1.0,2025-08-14 19:27:06.932857
u001166,c009032,1.0,2025-08-22 05:40:56.006581
u001166,c006396,1.0,2025-08-26 16:10:48.948250
u001166,c009559,1.0,2025-09-19 02:34:32.374791
u001166,c008610,1.0,2025-10-19 12:48:44.085518
u001167,c007686,1.0,2024-11-22 08:04:49.557046
u001167,c009190,1.0,2024-11-24 07:43:37.680322
u001167,c007203,1.0,2025-01-18 23:01:34.696356
u001167,c009227,1.0,2025-03-29 05:04:32.539760
u001167,c008987,1.0,2025-05-03 03:45:23.543563
u001167,c009043,1.0,2025-05-16 12:59:03.205849
u001167,c007463,1.0,2025-07-18 09:04:58.988023
u001167,c008808,1.0,2025-08-25 16:47:44.425605
u001167,c007460,1.0,2025-09-30 05:57:45.764077
u001168,c008485,1.0,2024-12-17 10:28:21.481836
u001168,c008757,1.0,2025-01-03 13:18:56.938245
u001168,c007693,1.0,2025-01-08 02:31:55.052685
u001168,c006030,1.0,2025-04-13 00:53:20.594704
u001168,c008615,1.0,2025-06-04 04:00:32.449959
u001168,c007379,1.0,2025-07-03 13:03:20.809961
u001168,c008555,1.0,2025-07-08 21:54:30.045169
u001168,c009492,1.0,2025-08-05 18:51:56.743848
u001168,c008578,1.0,2025-10-16 19:45:05.623882
u001169,c008607,1.0,2024-11-12 03:40:30.992079
u001169,c009123,1.0,2024-11-26 18:18:13.424642
u001169,c009566,1.0,2024-12-29 23:32:54.485209
u001169,c008532,1.0,2024-12-31 15:31:00.725318
u001169,c008785,1.0,2025-01-03 11:33:14.006907
u001169,c008626,1.0,2025-01-23 18:32:39.433052
u001169,c008601,1.0,2025-01-24 21:24:25.344253
u001169,c008539,1.0,2025-02-06 06:09:36.836904
u001169,c009052,1.0,2025-04-09 15:06:21.580050
u001169,c008912,1.0,2025-04-11 20:29:21.261799
u001169,c009209,1.0,2025-06-22 10:00:32.895249
u001169,c009084,1.0,2025-07-16 07:43:08.014487
u001169,c008514,1.0,2025-07-17 13:56:45.022146
u001169,c008623,1.0,2025-09-07 08:09:52.313029
u001170,c006177,1.0,2024-11-09 22:48:06.086467
u001170,c009123,1.0,2024-12-19 08:58:48.254125
u001170,c006866,1.0,2024-12-20 12:42:36.658564
u001170,c009239,1.0,2025-01-12 16:56:24.884917
u001170,c006585,1.0,2025-03-18 23:00:48.395700
u001170,c006958,1.0,2025-03-29 16:23:55.305101
u001170,c006102,1.0,2025-03-30 17:16:06.581378
u001170,c008971,1.0,2025-04-13 23:07:21.467717
u001170,c009253,1.0,2025-04-15 09:42:06.961131
u001170,c009553,1.0,2025-06-14 12:45:44.996306
u001170,c006142,1.0,2025-07-07 08:32:03.388559
u001170,c008643,1.0,2025-09-07 18:45:43.175582
u001170,c009295,1.0,2025-09-15 21:12:47.751299
u001170,c009014,1.0,2025-09-21 07:32:52.679176
u001170,c009040,1.0,2025-11-03 19:14:42.267598
u001171,c009391,1.0,2024-11-08 14:21:05.630078
u001171,c009270,1.0,2024-11-30 23:39:58.586875
u001171,c009558,1.0,2025-02-14 19:23:20.249499
u001171,c009082,1.0,2025-03-11 13:53:59.303701
u001171,c009199,1.0,2025-03-30 14:33:48.974584
u001171,c008720,1.0,2025-05-30 17:41:37.857216
u001171,c008553,1.0,2025-06-19 06:25:23.923516
u001171,c008472,1.0,2025-08-05 12:17:41.655380
u001171,c009356,1.0,2025-09-13 23:07:21.659850
u001171,c009381,1.0,2025-10-14 12:50:11.191491
u001171,c006342,1.0,2025-10-21 00:43:22.427933
u001172,c009507,1.0,2024-12-17 18:49:38.609828
u001172,c009307,1.0,2025-01-04 16:24:11.320088
u001172,c008823,1.0,2025-01-24 04:21:45.611231
u001172,c008500,1.0,2025-05-13 07:35:27.423556
u001172,c009163,1.0,2025-06-17 20:26:10.583253
u001172,c006484,1.0,2025-08-25 08:26:01.441725
u001172,c008806,1.0,2025-11-02 07:31:51.011560
u001173,c006490,1.0,2024-12-07 04:44:39.393777
u001173,c007448,1.0,2024-12-09 07:04:47.876451
u001173,c008023,1.0,2025-01-11 07:45:59.124407
u001173,c007462,1.0,2025-01-25 22:42:01.837581
u001173,c007718,1.0,2025-01-28 16:25:44.892175
u001173,c007196,1.0,2025-02-20 00:54:50.777488
u001173,c006064,1.0,2025-03-07 22:53:24.678572
u001173,c006579,1.0,2025-04-06 07:37:57.327462
u001173,c007700,1.0,2025-05-04 04:26:54.735870
u001173,c009155,1.0,2025-05-09 14:15:53.597306
u001173,c007397,1.0,2025-05-27 10:03:20.766280
u001173,c008800,1.0,2025-09-23 08:01:21.052875
u001174,c008736,1.0,2024-11-08 19:00:15.629255
u001174,c006026,1.0,2024-11-22 00:55:03.215652
u001174,c008985,1.0,2024-12-01 09:00:55.934186
u001174,c009012,1.0,2025-01-04 14:19:02.650827
u001174,c008899,1.0,2025-01-09 15:00:07.493229
u001174,c009054,1.0,2025-04-22 16:27:30.967322
u001174,c009472,1.0,2025-05-23 11:55:42.607667
u001174,c009398,1.0,2025-05-25 18:52:51.865564
u001174,c008994,1.0,2025-05-31 18:43:09.865582
u001174,c008463,1.0,2025-06-14 03:43:32.264674
u001174,c009300,1.0,2025-11-05 03:08:39.644406
u001175,c006486,1.0,2024-12-17 01:30:52.646745
u001175,c008928,1.0,2025-01-29 01:54:30.974887
u001175,c008495,1.0,2025-03-06 17:32:50.700689
u001175,c008472,1.0,2025-03-16 01:39:10.213549
u001175,c008709,1.0,2025-04-29 21:53:40.359661
u001176,c008815,1.0,2024-12-31 01:06:15.381476
u001176,c009127,1.0,2025-02-15 18:02:01.931562
u001176,c006061,1.0,2025-03-20 02:02:54.522665
u001176,c006033,1.0,2025-05-21 11:31:00.679274
u001177,c009486,1.0,2024-11-18 14:09:02.951724
u001177,c008491,1.0,2024-11-19 01:14:32.032189
u001177,c009510,1.0,2024-12-08 13:06:15.591930
u001177,c009295,1.0,2024-12-28 14:08:27.754656
u001177,c009367,1.0,2025-05-31 14:01:01.320535
u001177,c008481,1.0,2025-07-14 03:39:44.904353
u001177,c008493,1.0,2025-07-22 16:45:55.964552
u001177,c008691,1.0,2025-10-12 08:59:22.651464
u001177,c008971,1.0,2025-10-18 11:42:33.574722
u001178,c007977,1.0,2025-01-04 13:49:03.751979
u001178,c006484,1.0,2025-05-20 14:19:33.260909
u001178,c006966,1.0,2025-06-08 18:32:58.274389
u001179,c008617,1.0,2024-12-31 06:56:09.162591
u001179,c008577,1.0,2025-01-09 08:46:53.281608
u001179,c009578,1.0,2025-03-26 22:34:45.453764
u001179,c009261,1.0,2025-05-03 07:40:51.913224
u001179,c008900,1.0,2025-05-11 19:42:26.070245
u001179,c009202,1.0,2025-05-21 19:22:03.798790
u001180,c008808,1.0,2024-11-10 01:06:20.213716
u001180,c006026,1.0,2024-11-19 09:42:07.614689
u001180,c006499,1.0,2025-02-05 23:46:54.296337
u001180,c006486,1.0,2025-03-04 17:18:11.324321
u001180,c006821,1.0,2025-04-06 12:31:16.932144
u001180,c006461,1.0,2025-05-15 16:25:44.411270
u001180,c006353,1.0,2025-05-26 04:02:36.276211
u001180,c006098,1.0,2025-06-03 22:28:59.710233
u001180,c008528,1.0,2025-06-12 23:40:43.312391
u001180,c006125,1.0,2025-07-29 02:19:01.315252
u001180,c006339,1.0,2025-09-14 01:02:05.855253
u001180,c008626,1.0,2025-10-01 20:02:55.561777
u001181,c007210,1.0,2024-11-18 14:02:41.480115
u001181,c008619,1.0,2024-12-24 04:30:10.745933
u001181,c008008,1.0,2025-02-01 11:46:28.090486
u001181,c008685,1.0,2025-02-20 05:03:47.314365
u001181,c007266,1.0,2025-04-11 22:54:08.908023
u001181,c008805,1.0,2025-06-02 19:35:16.701404
u001181,c007512,1.0,2025-06-29 15:08:39.375386
u001181,c009107,1.0,2025-07-06 18:19:14.115757
u001181,c008600,1.0,2025-07-20 07:22:32.815007
u001181,c009231,1.0,2025-08-25 22:19:53.610972
u001181,c009046,1.0,2025-09-25 16:30:23.360100
u001181,c009233,1.0,2025-10-11 07:30:50.939008
u001182,c008326,1.0,2024-11-13 21:44:03.718085
u001182,c007791,1.0,2024-11-14 18:23:24.899226
u001182,c007901,1.0,2025-01-18 23:04:52.221749
u001182,c008280,1.0,2025-01-22 02:29:58.666645
u001182,c007883,1.0,2025-02-24 01:57:34.184640
u001182,c008339,1.0,2025-05-05 13:12:04.859174
u001182,c007947,1.0,2025-05-28 19:53:09.843245
u001182,c006685,1.0,2025-06-03 07:37:46.941821
u001182,c007852,1.0,2025-06-05 21:17:01.394915
u001182,c008572,1.0,2025-07-26 07:00:08.384268
u001182,c008106,1.0,2025-10-01 05:02:14.333387
u001182,c008012,1.0,2025-10-26 02:35:06.548475
u001183,c009201,1.0,2024-12-01 12:44:28.996567
u001183,c008837,1.0,2024-12-18 13:11:43.510159
u001183,c008639,1.0,2025-09-30 00:49:38.852938
u001184,c009072,1.0,2024-11-22 02:47:03.034235
u001184,c009344,1.0,2024-11-29 11:37:25.858775
u001184,c008579,1.0,2024-12-24 09:41:12.743195
u001184,c009246,1.0,2025-01-28 14:11:52.943779
u001184,c009479,1.0,2025-01-31 16:35:23.624736
u001184,c008655,1.0,2025-02-06 02:54:17.569073
u001184,c006731,1.0,2025-02-24 22:48:35.170353
u001184,c008575,1.0,2025-04-14 09:05:36.638812
u001184,c009473,1.0,2025-04-17 17:10:56.951680
u001184,c008739,1.0,2025-06-01 04:48:23.901924
u001184,c000596,1.0,2025-07-13 16:00:06.723536
u001184,c008749,1.0,2025-07-16 00:56:02.268653
u001184,c009211,1.0,2025-07-29 17:31:42.762860
u001184,c009421,1.0,2025-10-11 04:49:58.993425
u001185,c009366,1.0,2024-11-09 11:35:42.754794
u001185,c009558,1.0,2024-12-07 05:12:51.186100
u001185,c008837,1.0,2024-12-17 06:03:14.246896
u001185,c008565,1.0,2025-01-14 22:45:03.605682
u001185,c008751,1.0,2025-01-31 07:58:35.580707
u001185,c006005,1.0,2025-03-22 07:10:42.358646
u001185,c009270,1.0,2025-05-04 08:14:20.569277
u001185,c006416,1.0,2025-05-13 07:43:20.799114
u001185,c008968,1.0,2025-05-16 21:51:48.766511
u001185,c008989,1.0,2025-05-29 16:29:10.263848
u001185,c009080,1.0,2025-07-16 20:23:11.280658
u001185,c006081,1.0,2025-07-21 05:41:59.013018
u001186,c009199,1.0,2025-03-28 09:31:44.684679
u001186,c009080,1.0,2025-04-02 04:50:51.787241
u001186,c008968,1.0,2025-04-02 19:24:46.510991
u001186,c009270,1.0,2025-05-03 12:15:30.670886
u001186,c008477,1.0,2025-06-08 06:49:00.207967
u001186,c008808,1.0,2025-06-08 18:00:32.753282
u001186,c008989,1.0,2025-09-13 08:38:18.704976
u001187,c008720,1.0,2024-12-10 20:10:26.615952
u001187,c008401,1.0,2025-01-04 07:26:14.511854
u001187,c009293,1.0,2025-01-07 03:52:16.328556
u001187,c008691,1.0,2025-01-20 17:17:49.170901
u001187,c008330,1.0,2025-01-25 01:52:28.693055
u001187,c009490,1.0,2025-02-27 08:12:04.568717
u001187,c008491,1.0,2025-04-20 18:52:56.843347
u001187,c009344,1.0,2025-06-15 02:33:21.707809
u001187,c008371,1.0,2025-07-30 23:08:09.400468
u001187,c008628,1.0,2025-08-25 21:51:23.365398
u001187,c007937,1.0,2025-09-17 02:25:27.759151
u001187,c009510,1.0,2025-10-23 22:12:34.592606
u001188,c006874,1.0,2024-11-14 08:17:36.878097
u001188,c009454,1.0,2025-01-25 11:16:46.781794
u001188,c007966,1.0,2025-03-31 16:31:00.107357
u001188,c007172,1.0,2025-04-27 17:38:37.122611
u001188,c008581,1.0,2025-05-08 10:52:43.503583
u001188,c006904,1.0,2025-05-29 19:10:12.174329
u001188,c007086,1.0,2025-06-29 16:15:06.476353
u001188,c007100,1.0,2025-07-31 09:26:57.765621
u001188,c006906,1.0,2025-08-04 12:59:45.376781
u001188,c006272,1.0,2025-08-14 04:58:19.831842
u001189,c008195,1.0,2024-12-02 10:42:35.361258
u001189,c009057,1.0,2024-12-20 10:53:23.050998
u001189,c008811,1.0,2024-12-28 17:08:45.579920
u001189,c006366,1.0,2025-02-09 21:06:59.277292
u001189,c007905,1.0,2025-03-02 16:20:53.449761
u001189,c008290,1.0,2025-03-15 09:58:51.148037
u001190,c008808,1.0,2025-02-28 15:20:02.068614
u001190,c009569,1.0,2025-04-02 14:06:19.663177
u001190,c008886,1.0,2025-04-05 15:01:33.217239
u001190,c009339,1.0,2025-05-22 05:52:36.281527
u001190,c008894,1.0,2025-07-01 15:00:14.019180
u001190,c009301,1.0,2025-07-03 08:18:44.903366
u001190,c008871,1.0,2025-09-21 15:00:25.029405
u001190,c008700,1.0,2025-11-03 10:33:18.352997
u001191,c008558,1.0,2024-11-11 21:54:51.962544
u001191,c008384,1.0,2025-03-13 16:39:31.474470
u001191,c008022,1.0,2025-06-26 00:45:32.324541
u001191,c007950,1.0,2025-09-17 15:07:44.877980
u001192,c007744,1.0,2025-01-06 08:17:52.516624
u001192,c006375,1.0,2025-01-17 14:24:10.054790
u001192,c006046,1.0,2025-01-31 16:26:39.857838
u001192,c009524,1.0,2025-02-03 23:34:09.262697
u001192,c007650,1.0,2025-05-15 23:29:12.460531
u001192,c007062,1.0,2025-05-29 09:29:50.586431
u001192,c007201,1.0,2025-09-27 08:16:45.033912
u001193,c006484,1.0,2025-05-24 01:28:37.954301
u001193,c006098,1.0,2025-06-23 03:44:18.138493
u001193,c006125,1.0,2025-09-01 23:27:42.174898
u001193,c006424,1.0,2025-09-18 05:41:12.779748
u001194,c008610,1.0,2024-12-24 06:56:15.089739
u001194,c007441,1.0,2024-12-31 15:47:55.008778
u001194,c008612,1.0,2025-02-01 09:27:54.439329
u001194,c009118,1.0,2025-02-06 22:57:15.374889
u001194,c009140,1.0,2025-05-02 00:11:47.758976
u001194,c009337,1.0,2025-06-24 07:00:12.052923
u001194,c006275,1.0,2025-07-22 09:34:40.558303
u001194,c009033,1.0,2025-08-29 06:51:24.972181
u001194,c009486,1.0,2025-08-29 08:57:40.332865
u001194,c009121,1.0,2025-09-04 21:14:01.500011
u001194,c009322,1.0,2025-09-15 18:21:52.562794
u001194,c006363,1.0,2025-10-11 14:42:45.122751
u001194,c009206,1.0,2025-10-20 15:41:25.288548
u001195,c009202,1.0,2025-01-07 11:50:26.385886
u001195,c006103,1.0,2025-01-29 07:24:04.497290
u001195,c009020,1.0,2025-01-30 19:37:19.639043
u001195,c009338,1.0,2025-02-06 07:12:49.993524
u001195,c009322,1.0,2025-06-10 20:31:15.062304
u001195,c009237,1.0,2025-06-14 07:42:33.702643
u001195,c008478,1.0,2025-07-20 16:16:26.535438
u001195,c008786,1.0,2025-08-12 02:24:33.732053
u001195,c008833,1.0,2025-08-12 11:28:57.606259
u001195,c008628,1.0,2025-08-24 03:28:32.889639
u001195,c008806,1.0,2025-08-29 13:34:47.873095
u001195,c009487,1.0,2025-09-07 22:18:02.663058
u001195,c008711,1.0,2025-09-15 00:55:45.038880
u001195,c009126,1.0,2025-10-10 10:24:15.950795
u001195,c006057,1.0,2025-10-29 04:46:16.653723
u001196,c007618,1.0,2024-12-30 08:36:33.107221
u001196,c008610,1.0,2025-02-10 15:48:56.376692
u001196,c008712,1.0,2025-03-23 21:46:10.877238
u001196,c009559,1.0,2025-06-06 09:41:24.085425
u001196,c007379,1.0,2025-06-21 19:00:58.388894
u001196,c008727,1.0,2025-06-29 18:29:53.756427
u001196,c009012,1.0,2025-07-08 07:59:47.211064
u001196,c009260,1.0,2025-08-04 13:32:10.051092
u001196,c009564,1.0,2025-09-11 08:37:09.916750
u001196,c009591,1.0,2025-10-09 07:09:00.098166
u001197,c007978,1.0,2024-11-08 19:51:37.064042
u001197,c008424,1.0,2024-12-31 02:24:13.292640
u001197,c007908,1.0,2025-01-12 05:18:05.618773
u001197,c008395,1.0,2025-05-09 23:38:25.318985
u001197,c009268,1.0,2025-05-25 03:42:14.124597
u001197,c008376,1.0,2025-05-26 00:53:51.681075
u001197,c007937,1.0,2025-10-19 09:41:38.339399
u001197,c008347,1.0,2025-10-23 03:08:37.755296
u001198,c009017,1.0,2025-02-08 18:23:10.859124
u001198,c007518,1.0,2025-03-03 10:25:26.259790
u001198,c009210,1.0,2025-03-28 05:00:33.906955
u001198,c007929,1.0,2025-04-11 21:33:24.721295
u001198,c008654,1.0,2025-05-14 22:35:34.106435
u001198,c009019,1.0,2025-07-16 10:12:15.648903
u001199,c008689,1.0,2024-11-15 01:59:50.989273
u001199,c008582,1.0,2024-12-28 06:45:43.878912
u001199,c009240,1.0,2025-01-02 15:11:50.249456
u001199,c009646,1.0,2025-02-18 05:08:52.358397
u001199,c009242,1.0,2025-03-31 22:51:08.674941
u001199,c009069,1.0,2025-07-07 22:21:15.695710
u001199,c008671,1.0,2025-08-08 15:27:26.613130
u001199,c009342,1.0,2025-10-17 22:44:25.019744
u001199,c008703,1.0,2025-10-25 04:57:57.678714
u001200,c009565,1.0,2024-11-12 07:26:20.239267
u001200,c009533,1.0,2024-11-24 01:21:07.490157
u001200,c009268,1.0,2024-11-28 06:00:28.815845
u001200,c008571,1.0,2025-06-16 18:09:10.999494
u001200,c008523,1.0,2025-07-15 21:22:28.794372
u001200,c009364,1.0,2025-10-19 08:12:43.481807
u001201,c009227,1.0,2024-11-10 16:30:59.175119
u001201,c007953,1.0,2024-11-22 13:02:46.268567
u001201,c008996,1.0,2025-02-26 22:07:49.915742
u001201,c008688,1.0,2025-04-22 02:35:56.532878
u001201,c008628,1.0,2025-09-30 22:00:54.913621
u001201,c009091,1.0,2025-11-05 01:34:38.987282
u001202,c008477,1.0,2024-12-23 10:24:44.125176
u001202,c009558,1.0,2025-01-09 12:18:15.888145
u001202,c009066,1.0,2025-03-03 13:38:16.186393
u001202,c008837,1.0,2025-03-25 13:17:47.031157
u001202,c009235,1.0,2025-05-12 06:08:14.280412
u001202,c008639,1.0,2025-06-12 11:49:11.243645
u001202,c009194,1.0,2025-06-26 13:07:18.714977
u001202,c008485,1.0,2025-07-20 00:10:17.847556
u001202,c009207,1.0,2025-08-22 13:23:34.978116
u001202,c008575,1.0,2025-10-04 19:19:06.548527
u001203,c006304,1.0,2024-11-15 22:34:34.826511
u001203,c006746,1.0,2025-01-15 16:59:53.179810
u001203,c006165,1.0,2025-01-27 19:32:36.515808
u001203,c008628,1.0,2025-02-02 07:10:22.759235
u001203,c008596,1.0,2025-02-07 00:51:38.610865
u001203,c007145,1.0,2025-02-17 03:44:12.384966
u001203,c009048,1.0,2025-03-29 22:15:15.415279
u001203,c008719,1.0,2025-04-25 07:14:08.994139
u001203,c009533,1.0,2025-07-25 11:12:00.143017
u001203,c006238,1.0,2025-07-29 13:42:01.823945
u001203,c009020,1.0,2025-08-26 09:56:09.903405
u001203,c007209,1.0,2025-09-06 20:15:58.877659
u001203,c006692,1.0,2025-09-12 09:41:57.510057
u001203,c008717,1.0,2025-10-04 03:14:45.729937
u001204,c008501,1.0,2024-12-11 03:14:58.625476
u001204,c006762,1.0,2024-12-24 17:16:57.932950
u001204,c009538,1.0,2025-03-25 13:13:06.792202
u001204,c009261,1.0,2025-04-03 05:46:19.372043
u001204,c009181,1.0,2025-05-15 11:28:02.814437
u001204,c006802,1.0,2025-06-19 04:12:04.595086
u001204,c009212,1.0,2025-10-03 12:05:21.687924
u001205,c008935,1.0,2025-04-08 14:39:07.888244
u001205,c009151,1.0,2025-04-11 20:45:47.467043
u001205,c008934,1.0,2025-06-07 17:00:41.570713
u001205,c009260,1.0,2025-08-19 19:07:25.890450
u001206,c009126,1.0,2024-11-08 13:27:19.447113
u001206,c009164,1.0,2024-12-13 15:14:15.586412
u001206,c008628,1.0,2025-03-16 08:06:15.024137
u001206,c007946,1.0,2025-04-26 15:50:41.184663
u001206,c009468,1.0,2025-04-30 12:32:41.274166
u001206,c006058,1.0,2025-05-15 02:29:05.351746
u001206,c006243,1.0,2025-06-06 04:17:56.465092
u001206,c006133,1.0,2025-08-13 06:56:50.094535
u001206,c006281,1.0,2025-08-25 05:40:20.662950
u001206,c007086,1.0,2025-09-05 13:02:13.733198
u001206,c006087,1.0,2025-09-09 01:05:56.102795
u001206,c006728,1.0,2025-09-23 21:54:56.721886
u001206,c009503,1.0,2025-10-07 10:02:28.906097
u001206,c008963,1.0,2025-10-18 06:33:06.800754
u001207,c006711,1.0,2024-11-14 08:05:09.423337
u001207,c006525,1.0,2025-03-30 03:15:01.570414
u001207,c006933,1.0,2025-09-12 05:58:10.120969
u001208,c006050,1.0,2025-04-28 00:52:54.164039
u001208,c006731,1.0,2025-05-06 07:59:11.056529
u001208,c006564,1.0,2025-09-23 07:17:48.429024
u001209,c008762,1.0,2024-11-09 23:01:08.675356
u001209,c009605,1.0,2025-04-01 19:35:22.110142
u001209,c008759,1.0,2025-04-17 05:54:04.263620
u001209,c008602,1.0,2025-05-14 02:02:14.372766
u001209,c009032,1.0,2025-06-10 14:56:33.649835
u001209,c008564,1.0,2025-06-13 10:32:50.218523
u001209,c009239,1.0,2025-07-13 18:06:36.839133
u001209,c009645,1.0,2025-07-20 12:02:35.028469
u001209,c009467,1.0,2025-07-21 13:08:52.681736
u001209,c009025,1.0,2025-08-23 21:59:26.466892
u001209,c008934,1.0,2025-09-05 06:01:02.372545
u001209,c009191,1.0,2025-10-04 08:55:29.677307
u001209,c008971,1.0,2025-10-13 18:56:39.407260
u001209,c006751,1.0,2025-11-06 12:52:01.423922
u001210,c009260,1.0,2024-11-13 15:43:27.567237
u001210,c006823,1.0,2024-11-18 11:42:34.080841
u001210,c009210,1.0,2025-04-29 22:44:17.604307
u001210,c007880,1.0,2025-05-14 22:40:36.528878
u001210,c009269,1.0,2025-07-30 10:23:52.353186
u001210,c009430,1.0,2025-08-19 13:20:15.876070
u001210,c008478,1.0,2025-08-24 07:41:02.175748
u001210,c008691,1.0,2025-09-24 05:25:03.276334
u001210,c008492,1.0,2025-10-12 23:42:16.384890
u001211,c008999,1.0,2024-12-04 13:45:57.901238
u001211,c008933,1.0,2024-12-13 02:47:38.557887
u001211,c008897,1.0,2025-01-23 20:52:08.569311
u001211,c009645,1.0,2025-02-06 19:19:30.269342
u001211,c008965,1.0,2025-03-24 04:33:35.317069
u001211,c008908,1.0,2025-04-04 14:40:40.639025
u001211,c006562,1.0,2025-05-24 18:20:22.558124
u001211,c009151,1.0,2025-06-03 20:35:02.451631
u001211,c009032,1.0,2025-06-17 15:36:17.217602
u001211,c009591,1.0,2025-08-06 08:59:10.501127
u001211,c006484,1.0,2025-08-12 23:50:58.321149
u001211,c008946,1.0,2025-09-18 14:55:07.495076
u001211,c009025,1.0,2025-09-23 10:37:47.007547
u001211,c009314,1.0,2025-10-29 03:00:28.921462
u001212,c007360,1.0,2024-11-20 06:50:47.761526
u001212,c007537,1.0,2024-11-30 05:45:18.954834
u001212,c007283,1.0,2024-12-12 12:28:33.366951
u001212,c007196,1.0,2025-02-25 16:43:44.541972
u001212,c007207,1.0,2025-03-16 19:57:11.261907
u001212,c009213,1.0,2025-03-25 16:24:21.145115
u001212,c007357,1.0,2025-03-28 17:42:15.603221
u001212,c007564,1.0,2025-04-06 04:37:09.618611
u001212,c009012,1.0,2025-04-20 09:44:29.058177
u001212,c007535,1.0,2025-04-21 05:54:10.965511
u001212,c009175,1.0,2025-04-30 03:35:38.826583
u001212,c007459,1.0,2025-06-01 16:54:36.248561
u001212,c007379,1.0,2025-07-03 11:07:30.851066
u001212,c007462,1.0,2025-07-29 10:20:25.682102
u001212,c009317,1.0,2025-08-17 01:56:54.766396
u001213,c009256,1.0,2024-11-17 10:46:50.780414
u001213,c009559,1.0,2025-02-16 16:38:35.502331
u001213,c009237,1.0,2025-02-25 07:06:43.854845
u001213,c008554,1.0,2025-04-01 00:46:55.578206
u001213,c008543,1.0,2025-04-18 14:27:18.398068
u001213,c009209,1.0,2025-04-26 22:40:15.744255
u001213,c008566,1.0,2025-07-09 22:09:30.428234
u001213,c009234,1.0,2025-08-18 09:37:35.961092
u001213,c009645,1.0,2025-08-20 11:24:37.927508
u001213,c009233,1.0,2025-10-31 23:50:07.015875
u001214,c008777,1.0,2025-01-12 20:10:42.977397
u001214,c009557,1.0,2025-01-17 09:28:33.399069
u001214,c008546,1.0,2025-01-20 07:46:34.667637
u001214,c008817,1.0,2025-05-01 03:19:36.860209
u001214,c008890,1.0,2025-06-16 20:40:17.244292
u001214,c009428,1.0,2025-08-08 20:10:09.024756
u001214,c008764,1.0,2025-09-15 10:58:10.576103
u001214,c009245,1.0,2025-10-08 00:53:43.743960
u001214,c009003,1.0,2025-10-10 21:25:04.622218
u001214,c009574,1.0,2025-10-25 22:20:04.868386
u001215,c009087,1.0,2024-11-19 20:48:02.735513
u001215,c009647,1.0,2024-12-24 11:00:56.267410
u001215,c008645,1.0,2025-04-05 20:43:03.809762
u001215,c008661,1.0,2025-06-09 02:31:26.560154
u001215,c007621,1.0,2025-06-10 19:56:25.640910
u001215,c008780,1.0,2025-07-01 12:21:07.881597
u001215,c009492,1.0,2025-11-05 04:04:54.520770
u001216,c008672,1.0,2024-12-13 22:49:56.204459
u001216,c009023,1.0,2025-06-04 20:55:12.109017
u001216,c008996,1.0,2025-06-28 04:44:56.016844
u001216,c008496,1.0,2025-07-06 20:25:37.392192
u001216,c008648,1.0,2025-07-26 06:00:04.496951
u001216,c009262,1.0,2025-08-15 20:34:50.639148
u001216,c009107,1.0,2025-08-19 00:26:54.288383
u001216,c008583,1.0,2025-09-20 12:14:11.906732
u001217,c009629,1.0,2025-02-05 08:59:26.058759
u001217,c009038,1.0,2025-10-06 01:23:37.124413
u001217,c008710,1.0,2025-11-01 04:12:56.705299
u001218,c006602,1.0,2025-02-09 13:04:00.780426
u001218,c006404,1.0,2025-04-17 17:25:18.360885
u001218,c006342,1.0,2025-05-10 13:42:42.390125
u001218,c006361,1.0,2025-08-23 01:57:52.840223
u001219,c009421,1.0,2025-02-23 18:10:27.467110
u001219,c009020,1.0,2025-04-11 04:06:23.736776
u001219,c008533,1.0,2025-05-08 08:40:37.279529
u001219,c009605,1.0,2025-06-15 19:03:29.138112
u001219,c008481,1.0,2025-07-02 23:11:04.373329
u001219,c009382,1.0,2025-07-28 18:16:14.689977
u001219,c009474,1.0,2025-08-14 18:41:11.570473
u001219,c007976,1.0,2025-09-04 02:03:14.744245
u001219,c009616,1.0,2025-10-21 07:42:28.607753
u001219,c008691,1.0,2025-10-24 15:37:04.117765
u001220,c008912,1.0,2025-01-02 10:08:20.566335
u001220,c008721,1.0,2025-03-20 23:01:49.141047
u001220,c008987,1.0,2025-06-19 04:32:48.645023
u001220,c008546,1.0,2025-07-12 16:25:54.654006
u001220,c008976,1.0,2025-09-01 03:23:49.737803
u001220,c009094,1.0,2025-09-04 03:48:10.778918
u001221,c009228,1.0,2024-12-19 11:29:31.172362
u001221,c009210,1.0,2025-01-03 18:32:40.447538
u001221,c006538,1.0,2025-01-15 03:40:51.500598
u001221,c009637,1.0,2025-01-30 20:29:29.400830
u001221,c008736,1.0,2025-02-06 11:48:55.782488
u001221,c008472,1.0,2025-03-12 17:09:39.409054
u001221,c008717,1.0,2025-05-03 10:00:02.615192
u001221,c009570,1.0,2025-06-11 01:04:52.685171
u001221,c009383,1.0,2025-08-21 10:38:39.431826
u001221,c009435,1.0,2025-08-25 12:08:28.302183
u001221,c008787,1.0,2025-08-26 22:09:56.647482
u001221,c009157,1.0,2025-10-11 09:41:07.269302
u001222,c008689,1.0,2024-11-07 07:11:00.281102
u001222,c009528,1.0,2024-11-14 06:34:48.144186
u001222,c009171,1.0,2025-01-24 15:15:17.873491
u001222,c009518,1.0,2025-04-15 16:48:24.004841
u001222,c008715,1.0,2025-07-15 09:25:24.300432
u001222,c007966,1.0,2025-07-18 06:23:51.138581
u001223,c009553,1.0,2024-12-08 10:57:25.814601
u001223,c008777,1.0,2024-12-10 05:52:33.063582
u001223,c009229,1.0,2024-12-10 18:16:47.733328
u001223,c008815,1.0,2025-02-07 23:20:48.825503
u001223,c008890,1.0,2025-05-22 19:28:59.122048
u001223,c008873,1.0,2025-08-06 02:04:03.615472
u001223,c008544,1.0,2025-08-26 10:56:43.018823
u001223,c008764,1.0,2025-09-02 21:16:13.475516
u001223,c008794,1.0,2025-10-09 14:27:07.877007
u001224,c009299,1.0,2024-11-11 12:32:58.508694
u001224,c006621,1.0,2024-11-18 11:35:20.947664
u001224,c009207,1.0,2024-12-15 23:21:47.299220
u001224,c008470,1.0,2024-12-24 20:40:37.417739
u001224,c008601,1.0,2025-02-12 10:59:06.891744
u001224,c009644,1.0,2025-07-25 16:00:55.300980
u001224,c009158,1.0,2025-07-31 22:15:47.158309
u001224,c008810,1.0,2025-08-14 08:51:17.072207
u001224,c008716,1.0,2025-09-17 00:24:26.489362
u001225,c001436,1.0,2025-02-26 00:55:54.515137
u001225,c000476,1.0,2025-03-07 13:22:01.430658
u001225,c008618,1.0,2025-04-01 23:51:24.438106
u001225,c009313,1.0,2025-06-04 21:02:14.980492
u001225,c009102,1.0,2025-08-18 08:10:59.877447
u001225,c008014,1.0,2025-10-04 04:32:48.036386
u001225,c007978,1.0,2025-10-19 19:40:45.803780
u001226,c007074,1.0,2024-12-01 17:07:53.377128
u001226,c008839,1.0,2024-12-04 11:29:05.243970
u001226,c008572,1.0,2025-01-31 11:18:57.339367
u001226,c006093,1.0,2025-05-18 06:20:02.829868
u001226,c006318,1.0,2025-06-11 10:40:04.060451
u001226,c006580,1.0,2025-06-14 22:15:29.821926
u001226,c009046,1.0,2025-07-11 04:03:50.571706
u001226,c006035,1.0,2025-08-03 20:54:40.023781
u001227,c008527,1.0,2024-11-29 23:44:46.970374
u001227,c009576,1.0,2024-12-14 13:02:35.029221
u001227,c009524,1.0,2024-12-14 18:52:29.747630
u001227,c008711,1.0,2025-01-14 23:38:03.842304
u001227,c006236,1.0,2025-02-27 02:26:46.261599
u001227,c009372,1.0,2025-03-31 02:37:15.889595
u001227,c009639,1.0,2025-07-15 19:24:50.468228
u001227,c009339,1.0,2025-08-22 21:16:25.912495
u001227,c008886,1.0,2025-09-04 13:14:02.224660
u001227,c007319,1.0,2025-10-05 09:19:10.597108
u001227,c007203,1.0,2025-10-17 15:53:30.375948
u001227,c009340,1.0,2025-11-04 01:16:18.571237
u001228,c009647,1.0,2024-12-03 23:08:38.093423
u001228,c009265,1.0,2024-12-21 23:28:24.541996
u001228,c008798,1.0,2025-01-10 02:45:50.542203
u001228,c009080,1.0,2025-01-15 15:07:04.371347
u001228,c006486,1.0,2025-02-07 15:50:28.012317
u001228,c008811,1.0,2025-04-05 01:43:07.502447
u001228,c007910,1.0,2025-05-02 14:07:16.655557
u001228,c008560,1.0,2025-05-19 20:11:16.052680
u001228,c009280,1.0,2025-05-22 05:10:28.690745
u001228,c008639,1.0,2025-06-09 05:48:36.416149
u001228,c009396,1.0,2025-09-22 01:43:05.419149
u001228,c006084,1.0,2025-11-02 06:25:25.628901
u001229,c009163,1.0,2024-12-24 14:15:24.825147
u001229,c008594,1.0,2025-02-11 07:47:29.391842
u001229,c009303,1.0,2025-02-21 15:12:03.736437
u001229,c008927,1.0,2025-05-10 12:41:10.992999
u001229,c008627,1.0,2025-05-21 08:58:45.805055
u001229,c009164,1.0,2025-10-20 15:35:28.551764
u001230,c008299,1.0,2024-12-23 23:17:36.198015
u001230,c008252,1.0,2025-01-13 11:59:38.398829
u001230,c008289,1.0,2025-01-13 19:57:06.770649
u001230,c008326,1.0,2025-03-01 20:53:32.230722
u001230,c008012,1.0,2025-03-23 13:40:21.315464
u001230,c007883,1.0,2025-04-06 08:14:01.260828
u001230,c007859,1.0,2025-04-21 20:27:56.596587
u001230,c007800,1.0,2025-05-29 21:58:25.597352
u001230,c007947,1.0,2025-09-07 12:45:17.601484
u001230,c008280,1.0,2025-10-16 03:50:14.298766
u001230,c008339,1.0,2025-10-20 10:34:09.615055
u001231,c009371,1.0,2024-11-06 21:02:04.057975
u001231,c000317,1.0,2024-11-21 00:40:36.343445
u001231,c009262,1.0,2025-02-21 19:27:48.004858
u001231,c008849,1.0,2025-03-20 18:25:05.327843
u001231,c009471,1.0,2025-03-31 13:42:45.991094
u001231,c009273,1.0,2025-04-05 05:02:30.635924
u001231,c009230,1.0,2025-07-04 12:16:26.421807
u001231,c009384,1.0,2025-07-14 20:09:39.923808
u001231,c006185,1.0,2025-10-16 01:40:59.928719
u001231,c008487,1.0,2025-11-01 23:15:22.982813
u001232,c008717,1.0,2024-12-01 20:50:14.861001
u001232,c008787,1.0,2025-01-04 03:29:49.780480
u001232,c008474,1.0,2025-06-13 08:11:52.488073
u001232,c007966,1.0,2025-07-25 11:19:33.910110
u001232,c008327,1.0,2025-09-25 01:29:49.692230
u001232,c008781,1.0,2025-10-26 17:56:31.973241
u001233,c008520,1.0,2024-11-22 02:03:44.057288
u001233,c008594,1.0,2024-11-28 05:18:04.477079
u001233,c009107,1.0,2024-12-01 19:08:52.604074
u001233,c009313,1.0,2025-03-04 15:14:24.155426
u001233,c008845,1.0,2025-03-18 02:33:24.947400
u001233,c009023,1.0,2025-04-10 22:20:50.437243
u001233,c009097,1.0,2025-04-19 17:27:44.294449
u001233,c009246,1.0,2025-04-21 09:58:24.316416
u001233,c008534,1.0,2025-06-02 14:47:57.544041
u001233,c007969,1.0,2025-06-14 09:50:21.243767
u001233,c009102,1.0,2025-08-07 10:25:45.648658
u001234,c008500,1.0,2025-01-06 21:09:27.553631
u001234,c008970,1.0,2025-06-26 18:24:11.264121
u001234,c008922,1.0,2025-07-13 09:57:48.566973
u001235,c006419,1.0,2025-01-17 09:23:11.034327
u001235,c008808,1.0,2025-03-21 22:46:04.785798
u001235,c008545,1.0,2025-05-09 15:51:56.980363
u001235,c006648,1.0,2025-08-22 23:16:34.860947
u001235,c008708,1.0,2025-08-30 06:21:19.935152
u001235,c008691,1.0,2025-10-29 22:24:50.609510
u001236,c009227,1.0,2024-11-08 22:28:59.197579
u001236,c008654,1.0,2024-11-21 12:43:56.315898
u001236,c006695,1.0,2025-01-19 00:16:57.415059
u001236,c006825,1.0,2025-05-04 14:02:45.486818
u001236,c006380,1.0,2025-10-28 20:50:59.319680
u001237,c007601,1.0,2024-12-12 03:18:03.480815
u001237,c007570,1.0,2025-07-12 23:07:38.224449
u001237,c007736,1.0,2025-09-18 12:35:21.380028
u001238,c009413,1.0,2024-12-16 11:26:50.920263
u001238,c008769,1.0,2025-01-23 16:51:53.254843
u001238,c009064,1.0,2025-01-24 22:41:32.162445
u001238,c008881,1.0,2025-03-25 03:52:22.050234
u001238,c009054,1.0,2025-05-10 03:07:17.003473
u001238,c008763,1.0,2025-05-26 08:25:11.256872
u001238,c008706,1.0,2025-06-21 22:09:28.724209
u001238,c008837,1.0,2025-07-23 14:31:11.341313
u001238,c008882,1.0,2025-08-29 13:47:28.084630
u001238,c009357,1.0,2025-09-08 12:38:25.767979
u001238,c009392,1.0,2025-09-22 06:12:36.406866
u001238,c008568,1.0,2025-10-01 07:35:04.842490
u001238,c008683,1.0,2025-10-19 19:37:50.663060
u001239,c008644,1.0,2024-11-18 10:26:15.796815
u001239,c008577,1.0,2025-01-01 15:26:33.524549
u001239,c006064,1.0,2025-01-24 10:07:13.289829
u001239,c009053,1.0,2025-01-31 21:33:15.258662
u001239,c008632,1.0,2025-02-20 11:40:15.035799
u001239,c009012,1.0,2025-02-24 02:31:11.998173
u001239,c007977,1.0,2025-03-20 16:14:47.155124
u001239,c007967,1.0,2025-03-22 23:43:23.337060
u001239,c007908,1.0,2025-04-23 14:13:58.476834
u001239,c008996,1.0,2025-06-28 06:05:00.810813
u001239,c008293,1.0,2025-07-20 21:33:21.886797
u001239,c008347,1.0,2025-08-21 08:49:58.317776
u001239,c008695,1.0,2025-08-23 01:26:20.795815
u001239,c008707,1.0,2025-09-27 16:16:10.275476
u001239,c006194,1.0,2025-10-01 14:38:39.077610
u001240,c006457,1.0,2024-11-08 09:59:33.831626
u001240,c009344,1.0,2024-12-09 18:09:34.606635
u001240,c009311,1.0,2025-01-12 23:19:53.656804
u001240,c009490,1.0,2025-04-02 04:07:54.725467
u001240,c009293,1.0,2025-07-17 00:09:03.661105
u001240,c008597,1.0,2025-09-24 20:37:23.199965
u001240,c009177,1.0,2025-10-17 22:08:51.491602
u001241,c009559,1.0,2024-11-19 11:59:00.187434
u001241,c009344,1.0,2025-08-22 12:59:05.913951
u001241,c008575,1.0,2025-09-11 23:21:45.068595
u001241,c009364,1.0,2025-10-16 09:32:04.775378
u001242,c008639,1.0,2024-11-16 11:00:23.215748
u001242,c007341,1.0,2024-12-13 04:08:40.814467
u001242,c008682,1.0,2025-03-12 09:08:32.713902
u001242,c008751,1.0,2025-04-22 23:08:59.864928
u001242,c007241,1.0,2025-05-08 10:44:16.447493
u001242,c008968,1.0,2025-06-04 23:43:33.400998
u001242,c008808,1.0,2025-06-17 21:31:02.630761
u001243,c009001,1.0,2024-11-07 14:52:39.443004
u001243,c009087,1.0,2024-12-04 16:29:37.807812
u001243,c009301,1.0,2025-03-23 23:51:45.588212
u001243,c008529,1.0,2025-04-23 07:19:04.932566
u001243,c008994,1.0,2025-05-24 15:17:21.063845
u001243,c008871,1.0,2025-06-01 04:06:11.569162
u001243,c009364,1.0,2025-08-22 18:29:09.091674
u001243,c009653,1.0,2025-10-05 11:02:33.550796
u001243,c008467,1.0,2025-10-19 21:19:57.850731
u001244,c009656,1.0,2024-11-19 19:30:06.735506
u001244,c009367,1.0,2025-01-26 08:26:56.036520
u001244,c006072,1.0,2025-03-04 02:20:02.227347
u001244,c008586,1.0,2025-03-19 16:33:30.587911
u001244,c008816,1.0,2025-04-03 17:53:01.420758
u001244,c009517,1.0,2025-07-13 19:14:14.146959
u001244,c009375,1.0,2025-07-29 22:48:00.542787
u001244,c009415,1.0,2025-08-19 05:14:19.958081
u001244,c009549,1.0,2025-09-15 05:52:12.605616
u001245,c009049,1.0,2024-12-08 19:57:27.199001
u001245,c009001,1.0,2024-12-19 12:03:32.774903
u001245,c009028,1.0,2024-12-29 02:35:31.518830
u001245,c008707,1.0,2025-01-04 17:54:06.968411
u001245,c009250,1.0,2025-02-14 23:40:02.074307
u001245,c009364,1.0,2025-03-05 12:08:05.725545
u001245,c009143,1.0,2025-04-03 14:45:16.788694
u001245,c009265,1.0,2025-04-20 11:35:59.475598
u001245,c009046,1.0,2025-05-03 01:06:57.702883
u001245,c007356,1.0,2025-06-14 06:47:12.563646
u001245,c008976,1.0,2025-06-16 15:44:12.228780
u001245,c006165,1.0,2025-09-12 13:33:11.880115
u001246,c008559,1.0,2025-01-06 16:23:44.274992
u001246,c009272,1.0,2025-01-11 20:25:27.767576
u001246,c009416,1.0,2025-01-18 07:24:31.455887
u001246,c009524,1.0,2025-02-09 23:48:44.893872
u001246,c008707,1.0,2025-05-08 12:30:38.200452
u001246,c009428,1.0,2025-06-22 18:02:17.284218
u001246,c009647,1.0,2025-08-08 19:41:33.722497
u001246,c009382,1.0,2025-09-02 06:22:13.812759
u001246,c008823,1.0,2025-10-03 20:28:02.186297
u001246,c009068,1.0,2025-10-12 00:59:23.472193
u001247,c007024,1.0,2024-11-10 22:33:24.785865
u001247,c008808,1.0,2024-12-08 17:26:09.181986
u001247,c008487,1.0,2024-12-15 07:18:48.828944
u001247,c002775,1.0,2025-01-24 19:41:21.104330
u001247,c001012,1.0,2025-03-05 11:05:11.317169
u001247,c007161,1.0,2025-03-06 04:16:41.325921
u001247,c008970,1.0,2025-03-14 15:41:11.301072
u001247,c002824,1.0,2025-05-11 23:58:22.208868
u001247,c006955,1.0,2025-06-02 23:39:43.943450
u001247,c008503,1.0,2025-06-25 21:30:16.041493
u001247,c006325,1.0,2025-08-13 05:03:27.149637
u001247,c003738,1.0,2025-09-11 19:36:15.971080
u001247,c009186,1.0,2025-09-23 04:46:00.377167
u001247,c009227,1.0,2025-10-08 16:30:35.786389
u001247,c003030,1.0,2025-10-17 10:24:05.063412
u001248,c008707,1.0,2024-12-04 03:42:57.771257
u001248,c008613,1.0,2024-12-10 05:09:00.508943
u001248,c009327,1.0,2025-01-17 03:28:48.668985
u001248,c009600,1.0,2025-01-17 04:46:31.722234
u001248,c008710,1.0,2025-01-29 11:58:47.518797
u001248,c009321,1.0,2025-02-03 14:08:36.265978
u001248,c009433,1.0,2025-03-22 03:05:43.612056
u001248,c008601,1.0,2025-04-04 17:07:22.508276
u001248,c009413,1.0,2025-05-07 10:53:33.584545
u001248,c009038,1.0,2025-08-02 04:40:06.852162
u001248,c009304,1.0,2025-08-03 05:35:36.971268
u001248,c008921,1.0,2025-09-13 18:18:21.320391
u001248,c008781,1.0,2025-09-15 11:41:59.550652
u001248,c008643,1.0,2025-09-16 06:01:03.820312
u001248,c009466,1.0,2025-09-29 21:49:28.890293
u001249,c008614,1.0,2024-11-20 14:42:39.400603
u001249,c009386,1.0,2024-12-02 23:58:39.582535
u001249,c006817,1.0,2024-12-19 20:10:03.595071
u001249,c008579,1.0,2025-03-14 12:23:29.476560
u001249,c006108,1.0,2025-04-08 06:05:16.289730
u001249,c006441,1.0,2025-06-05 03:17:17.235249
u001249,c009396,1.0,2025-07-13 20:48:58.158128
u001249,c006767,1.0,2025-10-13 17:18:39.498214
u001249,c008516,1.0,2025-10-18 15:19:45.122625
u001250,c009035,1.0,2025-01-24 21:46:21.715963
u001250,c009321,1.0,2025-02-17 04:10:53.548755
u001250,c008494,1.0,2025-04-09 06:12:00.320066
u001250,c009413,1.0,2025-05-27 22:24:59.395141
u001250,c008710,1.0,2025-07-16 00:52:46.427802
u001250,c009268,1.0,2025-08-14 15:28:49.786008
u001250,c008643,1.0,2025-10-17 21:52:17.643940
u001250,c009462,1.0,2025-11-01 13:47:58.572515
u001251,c009185,1.0,2024-11-12 20:47:20.249544
u001251,c007369,1.0,2024-11-14 12:16:57.979865
u001251,c007366,1.0,2025-07-22 06:39:44.923893
u001252,c008935,1.0,2025-02-16 03:57:03.589491
u001252,c008965,1.0,2025-08-07 14:13:10.148221
u001252,c008613,1.0,2025-09-16 07:00:22.956926
u001253,c009363,1.0,2024-11-27 19:23:21.471341
u001253,c006966,1.0,2025-02-19 09:40:40.235305
u001253,c009556,1.0,2025-03-10 16:33:22.177596
u001253,c006021,1.0,2025-04-09 08:55:21.976627
u001253,c008501,1.0,2025-04-27 14:10:06.230586
u001253,c006018,1.0,2025-04-29 08:58:42.409626
u001253,c006011,1.0,2025-05-05 21:21:00.866416
u001253,c008639,1.0,2025-05-06 23:32:46.413828
u001253,c009135,1.0,2025-05-15 06:58:40.713549
u001253,c006859,1.0,2025-05-15 07:17:14.201764
u001253,c006599,1.0,2025-06-02 23:36:15.025761
u001253,c008808,1.0,2025-06-28 01:48:23.434351
u001253,c006022,1.0,2025-08-01 13:59:02.530304
u001253,c006188,1.0,2025-09-28 17:15:47.126881
u001254,c009080,1.0,2025-01-07 15:59:08.154625
u001254,c008808,1.0,2025-02-25 22:54:11.773663
u001254,c008872,1.0,2025-04-07 02:42:34.586628
u001254,c009135,1.0,2025-05-05 08:27:32.264470
u001254,c008837,1.0,2025-07-25 04:32:55.488442
u001254,c008968,1.0,2025-09-06 22:50:30.961955
u001254,c008989,1.0,2025-10-14 00:14:46.662331
u001254,c008751,1.0,2025-10-25 16:16:57.776146
u001255,c008867,1.0,2024-11-11 20:08:24.432050
u001255,c009222,1.0,2024-12-15 18:38:42.887754
u001255,c009268,1.0,2025-01-17 06:23:58.225702
u001255,c009606,1.0,2025-01-22 01:33:34.289106
u001255,c009340,1.0,2025-02-14 23:38:52.005435
u001255,c009398,1.0,2025-02-16 03:18:24.686527
u001255,c009464,1.0,2025-03-08 16:06:41.137700
u001255,c006734,1.0,2025-04-04 21:13:12.576380
u001255,c008462,1.0,2025-04-07 08:51:45.539781
u001255,c009206,1.0,2025-05-12 04:05:56.003997
u001255,c008586,1.0,2025-05-22 10:22:50.036412
u001255,c009093,1.0,2025-05-27 09:28:39.800153
u001255,c008839,1.0,2025-06-26 18:38:05.654339
u001255,c009462,1.0,2025-07-09 06:03:22.131062
u001255,c009015,1.0,2025-11-04 22:51:40.903380
u001256,c009265,1.0,2024-12-14 05:06:31.353500
u001256,c009092,1.0,2025-01-09 03:51:35.579419
u001256,c009260,1.0,2025-01-16 10:55:20.875311
u001256,c008478,1.0,2025-03-16 17:32:14.626063
u001256,c009647,1.0,2025-03-21 07:21:33.857340
u001256,c009339,1.0,2025-04-20 16:52:32.536860
u001256,c008780,1.0,2025-05-03 10:58:08.619383
u001256,c008987,1.0,2025-05-26 06:53:14.286440
u001256,c009003,1.0,2025-06-19 10:41:18.818302
u001256,c009020,1.0,2025-07-03 20:59:25.334448
u001256,c008628,1.0,2025-08-03 07:55:24.494448
u001256,c008711,1.0,2025-09-02 06:31:40.715429
u001256,c008617,1.0,2025-09-11 17:17:58.546940
u001256,c009469,1.0,2025-09-16 13:28:47.002335
u001257,c008790,1.0,2024-12-15 06:05:51.040939
u001257,c009286,1.0,2024-12-22 23:22:48.988648
u001257,c009180,1.0,2025-01-12 23:30:47.282651
u001257,c009435,1.0,2025-05-03 03:19:19.462670
u001257,c009570,1.0,2025-10-08 15:47:30.218282
u001258,c009484,1.0,2025-01-20 08:18:23.967491
u001258,c006111,1.0,2025-02-10 19:18:31.261521
u001258,c008544,1.0,2025-02-18 17:22:19.034376
u001258,c008777,1.0,2025-03-01 09:50:10.027831
u001258,c008579,1.0,2025-04-20 18:04:55.218046
u001258,c008764,1.0,2025-04-26 23:55:15.237684
u001258,c008817,1.0,2025-06-06 09:58:52.973491
u001258,c009276,1.0,2025-06-20 01:54:14.143623
u001258,c008948,1.0,2025-07-21 16:42:05.142395
u001258,c009644,1.0,2025-08-13 06:17:20.152432
u001258,c008890,1.0,2025-09-09 19:04:23.261096
u001258,c006217,1.0,2025-10-04 13:00:03.669689
u001258,c006073,1.0,2025-10-17 22:10:34.529848
u001259,c007675,1.0,2025-01-04 22:54:46.515864
u001259,c009327,1.0,2025-01-15 13:38:25.175844
u001259,c007655,1.0,2025-01-28 13:24:04.998373
u001259,c008981,1.0,2025-03-23 02:43:28.266537
u001259,c009393,1.0,2025-03-24 13:26:43.031740
u001259,c008827,1.0,2025-05-18 11:50:44.089178
u001259,c008475,1.0,2025-05-30 14:54:00.589181
u001259,c008567,1.0,2025-06-18 07:24:30.912080
u001259,c009568,1.0,2025-08-08 01:21:43.684090
u001259,c009196,1.0,2025-09-24 07:31:06.076090
u001259,c007356,1.0,2025-09-28 22:44:55.377377
u001259,c007328,1.0,2025-10-13 16:42:43.390731
u001260,c008800,1.0,2025-01-07 04:17:14.632226
u001260,c008623,1.0,2025-08-27 11:36:15.795144
u001260,c006339,1.0,2025-09-25 16:53:29.102395
u001260,c006467,1.0,2025-11-04 16:28:24.951928
u001261,c006645,1.0,2025-01-30 06:09:20.983305
u001261,c006500,1.0,2025-02-13 23:36:14.913811
u001261,c008605,1.0,2025-05-19 16:32:43.788070
u001261,c006178,1.0,2025-08-08 19:07:11.410087
u001262,c001442,1.0,2024-11-25 01:52:12.351560
u001262,c003366,1.0,2025-01-27 01:49:15.269915
u001262,c008715,1.0,2025-01-27 13:15:26.171660
u001262,c009219,1.0,2025-03-02 02:21:15.717611
u001262,c006154,1.0,2025-04-05 23:56:26.790759
u001262,c000257,1.0,2025-04-12 00:01:02.925158
u001262,c000123,1.0,2025-04-30 14:55:22.484531
u001262,c008632,1.0,2025-06-02 11:56:44.756617
u001262,c001849,1.0,2025-07-25 07:28:45.859534
u001262,c003269,1.0,2025-10-25 14:31:06.320176
u001262,c001962,1.0,2025-11-03 23:28:08.126036
u001263,c007464,1.0,2024-11-14 20:52:21.620639
u001263,c007360,1.0,2024-12-31 02:40:27.370623
u001263,c007462,1.0,2025-01-28 19:26:49.911359
u001263,c007693,1.0,2025-01-30 17:45:14.646756
u001263,c007357,1.0,2025-02-07 13:41:26.165407
u001263,c007718,1.0,2025-02-15 02:06:00.742305
u001263,c007375,1.0,2025-05-11 17:06:26.702792
u001263,c007459,1.0,2025-05-28 10:48:43.290364
u001263,c007564,1.0,2025-06-15 19:05:34.887559
u001263,c007629,1.0,2025-07-01 15:48:50.457321
u001263,c009234,1.0,2025-07-24 21:55:39.563976
u001263,c009540,1.0,2025-08-26 03:00:13.939425
u001263,c007379,1.0,2025-09-12 17:05:02.693905
u001263,c007397,1.0,2025-09-23 18:41:26.993203
u001263,c007448,1.0,2025-09-27 11:04:23.245638
u001264,c008921,1.0,2025-03-30 15:38:27.556479
u001264,c009218,1.0,2025-04-12 17:32:41.323339
u001264,c009526,1.0,2025-06-04 16:54:17.272997
u001264,c008572,1.0,2025-07-08 07:50:00.619360
u001264,c009413,1.0,2025-07-31 21:27:20.071674
u001264,c009057,1.0,2025-09-14 04:59:36.091584
u001264,c008499,1.0,2025-10-31 14:55:44.722466
u001265,c009227,1.0,2024-11-27 19:26:00.640696
u001265,c006615,1.0,2025-03-23 19:44:42.230203
u001265,c009250,1.0,2025-05-20 06:58:40.370608
u001265,c008484,1.0,2025-06-25 11:47:21.956407
u001265,c008808,1.0,2025-09-07 00:41:20.897742
u001266,c009285,1.0,2025-02-09 20:40:35.653370
u001266,c008882,1.0,2025-02-19 22:03:47.458386
u001266,c009139,1.0,2025-03-27 05:01:13.781575
u001266,c008519,1.0,2025-04-02 00:49:40.921917
u001266,c006098,1.0,2025-06-18 02:17:43.699912
u001266,c008637,1.0,2025-06-28 05:37:37.417293
u001266,c006335,1.0,2025-07-06 10:21:17.388568
u001266,c009330,1.0,2025-07-28 23:30:12.509300
u001266,c008554,1.0,2025-10-10 14:15:19.962858
u001266,c008605,1.0,2025-10-13 01:35:54.862671
u001267,c009364,1.0,2024-12-22 11:57:12.446554
u001267,c007293,1.0,2025-01-13 05:41:26.996590
u001267,c006429,1.0,2025-01-24 16:59:35.792544
u001267,c006197,1.0,2025-02-14 04:27:05.029340
u001267,c006465,1.0,2025-04-02 13:33:00.056916
u001267,c006377,1.0,2025-05-21 15:01:14.852394
u001267,c007881,1.0,2025-06-23 16:21:04.453831
u001267,c006615,1.0,2025-07-07 07:03:00.591353
u001267,c006108,1.0,2025-08-03 06:17:02.426269
u001268,c008552,1.0,2024-11-18 02:43:17.723377
u001268,c009163,1.0,2024-11-18 22:13:54.622148
u001268,c008627,1.0,2024-12-03 16:33:18.242268
u001268,c009303,1.0,2024-12-04 08:30:51.238443
u001268,c009184,1.0,2024-12-04 14:43:51.021586
u001268,c008776,1.0,2025-01-31 16:57:29.251689
u001268,c009374,1.0,2025-04-11 21:07:48.036296
u001268,c008927,1.0,2025-05-29 04:22:19.865401
u001268,c009270,1.0,2025-07-04 11:52:00.736434
u001268,c008769,1.0,2025-07-30 01:56:38.707928
u001268,c006116,1.0,2025-09-05 16:16:25.099142
u001268,c008949,1.0,2025-10-01 16:36:18.550963
u001268,c007237,1.0,2025-10-31 07:18:44.606099
u001269,c008651,1.0,2024-12-14 07:45:55.993936
u001269,c008653,1.0,2025-04-14 03:25:04.661659
u001269,c009514,1.0,2025-05-05 06:58:32.873367
u001269,c009494,1.0,2025-05-16 22:23:39.915260
u001269,c009607,1.0,2025-05-19 05:22:13.967983
u001270,c006103,1.0,2025-02-23 06:44:55.227334
u001270,c008612,1.0,2025-05-21 05:44:36.260821
u001270,c009258,1.0,2025-05-26 00:05:23.882402
u001270,c007057,1.0,2025-07-16 15:58:11.050050
u001271,c008571,1.0,2024-11-23 11:35:15.154877
u001271,c008822,1.0,2025-01-03 22:29:20.561915
u001271,c007398,1.0,2025-01-08 17:32:30.030796
u001271,c008679,1.0,2025-05-23 09:37:23.503719
u001271,c008764,1.0,2025-06-20 18:21:57.038553
u001271,c008011,1.0,2025-07-01 22:36:22.868413
u001272,c009151,1.0,2024-12-10 16:48:21.697458
u001272,c009025,1.0,2024-12-21 06:12:04.029181
u001272,c008734,1.0,2024-12-30 19:17:11.999374
u001272,c009605,1.0,2025-02-28 08:31:22.903091
u001272,c008865,1.0,2025-03-12 08:51:26.383023
u001272,c008946,1.0,2025-04-05 19:19:37.314524
u001272,c009645,1.0,2025-07-01 20:49:41.496895
u001272,c009490,1.0,2025-07-05 19:29:02.126761
u001272,c009559,1.0,2025-09-15 08:01:12.092824
u001273,c007062,1.0,2024-12-25 00:59:11.322320
u001273,c006013,1.0,2025-02-04 11:11:12.949588
u001273,c006970,1.0,2025-02-18 23:19:48.890504
u001273,c006933,1.0,2025-03-16 12:28:26.786649
u001273,c006918,1.0,2025-04-27 00:41:52.712821
u001273,c006683,1.0,2025-04-29 15:28:32.116554
u001273,c006711,1.0,2025-05-26 18:51:24.776725
u001273,c006009,1.0,2025-05-31 01:47:48.465954
u001273,c006135,1.0,2025-07-31 07:31:17.294138
u001273,c006960,1.0,2025-09-12 13:47:12.459033
u001273,c006122,1.0,2025-10-21 07:00:51.963933
u001273,c006216,1.0,2025-10-22 19:39:19.559080
u001274,c008896,1.0,2025-01-23 04:32:22.475797
u001274,c009413,1.0,2025-04-08 10:50:19.260696
u001274,c009086,1.0,2025-05-20 12:41:12.334141
u001274,c008673,1.0,2025-11-01 04:17:52.626986
u001275,c009211,1.0,2024-11-22 20:10:51.452112
u001275,c009613,1.0,2025-02-12 01:15:26.592973
u001275,c006821,1.0,2025-03-06 14:48:01.187490
u001275,c009357,1.0,2025-03-16 13:15:44.735231
u001275,c008808,1.0,2025-03-20 14:49:29.575388
u001275,c009605,1.0,2025-04-03 17:24:38.595418
u001275,c009173,1.0,2025-04-12 20:38:47.966133
u001275,c009044,1.0,2025-04-14 20:40:30.269322
u001275,c009413,1.0,2025-04-18 17:47:48.816378
u001275,c008763,1.0,2025-06-09 05:14:59.278704
u001275,c008477,1.0,2025-07-28 13:31:34.433262
u001275,c009373,1.0,2025-08-15 02:20:20.462540
u001275,c009490,1.0,2025-09-25 23:00:53.275980
u001275,c009416,1.0,2025-10-18 15:58:37.036712
u001276,c007997,1.0,2024-12-13 20:00:41.197045
u001276,c008405,1.0,2025-02-09 00:20:30.103491
u001276,c008408,1.0,2025-02-23 11:35:09.225587
u001276,c008247,1.0,2025-03-25 15:04:04.763435
u001276,c008410,1.0,2025-04-21 14:54:37.326449
u001276,c009428,1.0,2025-04-22 17:59:24.040586
u001276,c008314,1.0,2025-05-02 21:09:45.005481
u001276,c008311,1.0,2025-05-13 16:21:43.160412
u001276,c008993,1.0,2025-05-18 09:41:26.557027
u001276,c007965,1.0,2025-10-03 21:31:00.668643
u001276,c008175,1.0,2025-10-20 04:15:34.369508
u001276,c008195,1.0,2025-10-21 05:34:12.615829
u001277,c008463,1.0,2024-12-21 21:05:43.960970
u001277,c008824,1.0,2025-01-25 21:29:09.545326
u001277,c009041,1.0,2025-02-15 12:43:05.203245
u001277,c009058,1.0,2025-06-16 17:15:23.377506
u001277,c008938,1.0,2025-07-15 02:38:10.825974
u001277,c009107,1.0,2025-07-24 00:25:52.375764
u001277,c006028,1.0,2025-09-28 11:43:59.494021
u001277,c009340,1.0,2025-09-29 23:25:00.882769
u001277,c009428,1.0,2025-10-26 12:05:13.172494
u001278,c008915,1.0,2024-11-16 17:41:31.139777
u001278,c008590,1.0,2025-01-02 11:37:31.748844
u001278,c009236,1.0,2025-03-09 23:19:08.879411
u001278,c009518,1.0,2025-04-10 08:12:03.812650
u001278,c009076,1.0,2025-05-14 22:35:24.066136
u001278,c009617,1.0,2025-05-15 07:54:22.105340
u001278,c009215,1.0,2025-05-17 13:37:09.019728
u001278,c008593,1.0,2025-06-05 04:10:21.812939
u001278,c008563,1.0,2025-06-11 21:01:00.927351
u001278,c008715,1.0,2025-06-16 12:45:49.055808
u001279,c008566,1.0,2024-12-24 01:49:03.805271
u001279,c008600,1.0,2025-06-17 09:26:09.191477
u001279,c008696,1.0,2025-08-31 00:39:25.032388
u001280,c008828,1.0,2025-02-08 19:02:35.789190
u001280,c008610,1.0,2025-03-15 09:24:57.836974
u001280,c008930,1.0,2025-07-03 06:32:40.031990
u001280,c009382,1.0,2025-07-10 23:35:05.272520
u001280,c006484,1.0,2025-08-20 17:36:56.455868
u001280,c009490,1.0,2025-09-05 11:46:38.861812
u001280,c009293,1.0,2025-09-08 11:27:22.959928
u001280,c008643,1.0,2025-09-11 03:17:02.084338
u001281,c007905,1.0,2024-12-27 14:54:37.496791
u001281,c008170,1.0,2025-02-16 15:53:13.532998
u001281,c009335,1.0,2025-02-19 19:50:22.636352
u001281,c009236,1.0,2025-04-06 16:48:53.455596
u001281,c008098,1.0,2025-06-16 07:20:55.598011
u001281,c009021,1.0,2025-09-15 10:53:15.036109
u001281,c008302,1.0,2025-09-24 04:28:55.850705
u001281,c007910,1.0,2025-10-13 16:00:42.738947
u001282,c006223,1.0,2024-11-24 17:17:34.051232
u001282,c008175,1.0,2024-12-17 21:42:01.499517
u001282,c008785,1.0,2024-12-23 05:45:12.809862
u001282,c007997,1.0,2025-01-13 04:07:13.470330
u001282,c008315,1.0,2025-01-27 14:04:58.500033
u001282,c008311,1.0,2025-03-09 06:15:48.432520
u001282,c006083,1.0,2025-05-17 08:41:28.543004
u001282,c008915,1.0,2025-05-19 11:59:35.690668
u001282,c008241,1.0,2025-05-28 14:11:40.981929
u001282,c007404,1.0,2025-06-27 17:49:03.694799
u001282,c008410,1.0,2025-07-18 07:11:00.302558
u001282,c009123,1.0,2025-08-08 14:05:35.699894
u001282,c008195,1.0,2025-08-09 13:14:00.949764
u001282,c008167,1.0,2025-08-15 17:32:42.589855
u001282,c006857,1.0,2025-10-24 17:24:56.513827
u001283,c009186,1.0,2024-11-22 17:39:36.816994
u001283,c007173,1.0,2024-12-27 19:15:21.004089
u001283,c008867,1.0,2025-06-28 07:05:28.667420
u001283,c006117,1.0,2025-07-19 05:51:09.720263
u001283,c008653,1.0,2025-09-11 02:55:08.198312
u001283,c006332,1.0,2025-09-27 16:51:38.792320
u001283,c009462,1.0,2025-10-29 02:52:34.775788
u001284,c009185,1.0,2025-05-11 14:04:47.544991
u001284,c009498,1.0,2025-06-23 12:23:09.614781
u001284,c008643,1.0,2025-09-18 21:17:41.012304
u001285,c008996,1.0,2025-01-17 04:22:44.895415
u001285,c008541,1.0,2025-04-27 06:31:33.608806
u001285,c007365,1.0,2025-04-29 13:05:30.735289
u001285,c008474,1.0,2025-05-03 09:47:10.854736
u001285,c007754,1.0,2025-05-05 18:51:27.769848
u001285,c009028,1.0,2025-05-21 15:09:37.273122
u001285,c008620,1.0,2025-09-14 17:15:24.166760
u001285,c006087,1.0,2025-09-19 12:41:02.332579
u001285,c008575,1.0,2025-09-26 15:40:07.508314
u001285,c009190,1.0,2025-09-29 08:25:25.176792
u001285,c009364,1.0,2025-10-03 12:14:12.050178
u001286,c009568,1.0,2024-12-27 01:59:05.280765
u001286,c009196,1.0,2025-01-02 14:01:33.946330
u001286,c009199,1.0,2025-03-17 02:57:15.198895
u001286,c008808,1.0,2025-03-28 00:34:18.825493
u001286,c009475,1.0,2025-05-18 06:35:19.399487
u001286,c009047,1.0,2025-06-02 14:39:06.157160
u001286,c008740,1.0,2025-07-16 12:31:51.650687
u001286,c009270,1.0,2025-07-18 21:20:56.589607
u001286,c009440,1.0,2025-08-04 10:54:59.147319
u001286,c008915,1.0,2025-08-26 03:57:48.124768
u001287,c008629,1.0,2024-12-03 00:41:21.616160
u001287,c008470,1.0,2025-01-17 21:09:02.937636
u001287,c009644,1.0,2025-01-20 14:07:48.620365
u001287,c009155,1.0,2025-01-27 14:09:48.225410
u001287,c008579,1.0,2025-03-28 20:12:56.896473
u001287,c009230,1.0,2025-04-24 06:07:37.922231
u001287,c008777,1.0,2025-05-26 04:25:53.315146
u001287,c009128,1.0,2025-07-17 21:23:33.278582
u001287,c008655,1.0,2025-08-28 06:34:07.800326
u001287,c008974,1.0,2025-09-11 14:48:45.529041
u001287,c008948,1.0,2025-10-17 06:51:41.015769
u001288,c009235,1.0,2024-12-11 20:44:56.701879
u001288,c008486,1.0,2025-06-11 10:37:34.082549
u001288,c009303,1.0,2025-08-03 04:43:12.222210
u001289,c007880,1.0,2024-11-09 23:27:27.775246
u001289,c008422,1.0,2024-12-30 18:56:24.113736
u001289,c008426,1.0,2025-01-12 04:34:23.955484
u001289,c008067,1.0,2025-02-10 20:33:21.997204
u001289,c008373,1.0,2025-02-23 14:30:46.202792
u001289,c009543,1.0,2025-03-18 15:00:19.444881
u001289,c008352,1.0,2025-03-26 18:41:05.415355
u001289,c007977,1.0,2025-04-18 15:29:46.417870
u001289,c009219,1.0,2025-06-16 13:21:30.427886
u001289,c007448,1.0,2025-08-14 17:45:56.311492
u001289,c007379,1.0,2025-09-20 10:45:55.951118
u001290,c009233,1.0,2025-02-05 16:14:22.844409
u001290,c009234,1.0,2025-03-10 11:15:30.469716
u001290,c008712,1.0,2025-06-09 14:04:16.153433
u001290,c007463,1.0,2025-06-18 20:23:39.080497
u001290,c007330,1.0,2025-06-26 01:11:07.324797
u001290,c009546,1.0,2025-06-26 02:33:15.756916
u001290,c007454,1.0,2025-07-17 14:48:03.233360
u001290,c007724,1.0,2025-08-14 13:47:32.817465
u001290,c007490,1.0,2025-10-03 19:09:06.317585
u001291,c006251,1.0,2025-01-28 13:45:22.345152
u001291,c008763,1.0,2025-02-09 16:49:55.789471
u001291,c008921,1.0,2025-02-23 16:17:02.270805
u001291,c007385,1.0,2025-04-13 21:18:48.364807
u001291,c009565,1.0,2025-06-03 03:26:08.300515
u001291,c009293,1.0,2025-06-13 10:50:29.929722
u001291,c006249,1.0,2025-07-14 01:18:26.365728
u001291,c006566,1.0,2025-07-18 22:42:56.964688
u001291,c007091,1.0,2025-08-08 17:45:23.077856
u001291,c006035,1.0,2025-09-10 13:56:32.589404
u001292,c009153,1.0,2024-12-05 17:24:49.728146
u001292,c008894,1.0,2025-02-17 09:53:33.348760
u001292,c008655,1.0,2025-06-16 13:57:43.553067
u001292,c009088,1.0,2025-08-19 22:20:25.257176
u001292,c008709,1.0,2025-09-02 21:18:37.895643
u001293,c008656,1.0,2025-01-07 23:03:17.901752
u001293,c006949,1.0,2025-03-08 17:38:29.751414
u001293,c008737,1.0,2025-05-03 13:28:42.902613
u001293,c008475,1.0,2025-05-06 14:14:08.411479
u001293,c008709,1.0,2025-05-08 21:46:53.266411
u001293,c008589,1.0,2025-06-20 03:19:57.586001
u001293,c006490,1.0,2025-07-01 23:22:53.112875
u001293,c009029,1.0,2025-07-06 04:53:29.926832
u001293,c009413,1.0,2025-09-23 15:47:00.585052
u001293,c009046,1.0,2025-10-15 16:45:46.920249
u001293,c009284,1.0,2025-10-18 18:58:49.405811
u001294,c009177,1.0,2024-12-02 18:15:17.713994
u001294,c008030,1.0,2024-12-30 11:17:33.986248
u001294,c006194,1.0,2025-01-20 11:12:16.823086
u001294,c009174,1.0,2025-03-03 21:08:13.385858
u001294,c008940,1.0,2025-07-25 13:26:51.203425
u001294,c008620,1.0,2025-08-05 00:27:51.189511
u001294,c008495,1.0,2025-08-19 05:23:22.002038
u001294,c009206,1.0,2025-08-21 08:45:14.872152
u001294,c006288,1.0,2025-09-15 09:08:45.340119
u001294,c007057,1.0,2025-10-01 01:49:20.700139
u001294,c006095,1.0,2025-10-06 15:15:53.658637
u001294,c006837,1.0,2025-10-21 06:05:17.806559
u001294,c009121,1.0,2025-10-24 00:14:19.636289
u001295,c008595,1.0,2024-11-15 01:40:56.004639
u001295,c008691,1.0,2024-12-26 00:53:30.087827
u001295,c009406,1.0,2025-01-18 06:36:56.467258
u001295,c009181,1.0,2025-01-18 16:33:05.618251
u001295,c009218,1.0,2025-01-30 23:53:47.949293
u001295,c008603,1.0,2025-02-03 01:12:17.169966
u001295,c009210,1.0,2025-02-19 00:01:08.149285
u001295,c006389,1.0,2025-04-15 00:18:25.484964
u001295,c006143,1.0,2025-05-24 19:07:33.601866
u001295,c008693,1.0,2025-06-15 23:48:19.004371
u001295,c007429,1.0,2025-07-06 13:51:49.280306
u001295,c008758,1.0,2025-07-08 03:03:08.505157
u001295,c009212,1.0,2025-07-29 22:47:31.908162
u001295,c008717,1.0,2025-10-21 07:44:02.210697
u001296,c006030,1.0,2025-01-12 03:39:11.809368
u001296,c006551,1.0,2025-01-31 03:35:23.245389
u001296,c006920,1.0,2025-07-04 14:05:59.119089
u001296,c006702,1.0,2025-09-24 02:06:25.857689
u001297,c007979,1.0,2025-06-05 09:05:54.845737
u001297,c007800,1.0,2025-06-10 20:53:15.971094
u001297,c007908,1.0,2025-06-13 03:58:08.056105
u001297,c007855,1.0,2025-07-01 15:19:12.216784
u001297,c009130,1.0,2025-08-07 07:25:02.039056
u001297,c008347,1.0,2025-08-20 09:49:43.882028
u001297,c008395,1.0,2025-08-21 19:22:21.531062
u001297,c007811,1.0,2025-09-02 11:49:39.604210
u001297,c007841,1.0,2025-09-14 08:05:29.270903
u001297,c008211,1.0,2025-09-24 04:03:54.875249
u001297,c007888,1.0,2025-10-11 02:59:27.890710
u001297,c008050,1.0,2025-10-16 09:54:29.146790
u001298,c008884,1.0,2024-11-27 01:05:55.008287
u001298,c006562,1.0,2024-11-28 07:52:30.441272
u001298,c009236,1.0,2024-12-06 05:39:53.220720
u001298,c009435,1.0,2024-12-19 11:23:58.900169
u001298,c009389,1.0,2025-01-19 06:16:27.499719
u001298,c008790,1.0,2025-02-08 22:17:29.158911
u001298,c006859,1.0,2025-03-02 18:35:03.325713
u001298,c008689,1.0,2025-03-30 22:16:00.993597
u001298,c006460,1.0,2025-04-04 22:18:03.582954
u001298,c006022,1.0,2025-04-26 13:04:34.007662
u001298,c008715,1.0,2025-05-30 16:36:03.737075
u001298,c009219,1.0,2025-06-13 02:37:05.734367
u001298,c007379,1.0,2025-10-17 00:50:39.796230
u001299,c008725,1.0,2025-01-18 16:18:06.988878
u001299,c008835,1.0,2025-06-14 11:12:45.929537
u001299,c009639,1.0,2025-08-17 22:32:25.707178
u001300,c009036,1.0,2025-01-05 11:50:35.487908
u001300,c008659,1.0,2025-01-24 18:47:40.366328
u001300,c009115,1.0,2025-03-02 06:52:19.256234
u001300,c009236,1.0,2025-03-06 02:58:28.264294
u001300,c009528,1.0,2025-03-11 20:11:48.247647
u001300,c009478,1.0,2025-03-14 01:14:19.363383
u001300,c008846,1.0,2025-04-21 04:49:42.674305
u001300,c009219,1.0,2025-08-17 09:29:17.635670
u001300,c009155,1.0,2025-08-25 10:47:50.605564
u001300,c009171,1.0,2025-09-06 15:59:33.865826
u001300,c008715,1.0,2025-09-18 12:15:38.793629
u001301,c000596,1.0,2024-11-20 13:41:53.521733
u001301,c009032,1.0,2025-01-18 21:58:32.731096
u001301,c009211,1.0,2025-02-04 21:17:57.803804
u001301,c009473,1.0,2025-02-19 14:24:13.715192
u001301,c009226,1.0,2025-02-28 04:09:58.497006
u001301,c009605,1.0,2025-04-16 05:40:57.932492
u001301,c008933,1.0,2025-04-26 21:57:22.621639
u001301,c009298,1.0,2025-07-06 10:47:40.392147
u001301,c009344,1.0,2025-08-06 00:41:26.834347
u001301,c009168,1.0,2025-08-22 05:38:38.253118
u001301,c009490,1.0,2025-09-04 23:23:49.498824
u001301,c009560,1.0,2025-10-03 05:57:15.329452
u001301,c007206,1.0,2025-10-11 09:10:19.059261
u001301,c008910,1.0,2025-10-24 11:39:17.810301
u001302,c006527,1.0,2025-01-30 18:32:06.642381
u001302,c006685,1.0,2025-03-29 09:09:08.589342
u001302,c006344,1.0,2025-06-04 11:20:47.396059
u001303,c007200,1.0,2024-11-07 16:31:02.124574
u001303,c007326,1.0,2024-11-30 12:59:57.501630
u001303,c009301,1.0,2025-01-13 20:39:18.675760
u001303,c007656,1.0,2025-02-13 12:34:48.164067
u001303,c007192,1.0,2025-04-09 20:45:15.509623
u001303,c008467,1.0,2025-04-11 03:30:50.399683
u001303,c008673,1.0,2025-07-22 08:02:52.233188
u001303,c008764,1.0,2025-09-26 09:19:36.460849
u001304,c008464,1.0,2024-12-17 11:18:09.194785
u001304,c008528,1.0,2025-01-25 17:40:33.294702
u001304,c008801,1.0,2025-02-13 00:18:35.239690
u001304,c009645,1.0,2025-02-14 20:58:59.249807
u001304,c008865,1.0,2025-02-18 10:10:35.105275
u001304,c009602,1.0,2025-03-22 08:49:07.554163
u001304,c008500,1.0,2025-05-20 08:13:13.990991
u001304,c008806,1.0,2025-06-24 15:07:45.834448
u001304,c008002,1.0,2025-08-03 07:04:22.101212
u001304,c009303,1.0,2025-08-30 03:26:03.177398
u001304,c009186,1.0,2025-09-29 04:21:28.820176
u001305,c009272,1.0,2024-11-24 21:44:55.147281
u001305,c009035,1.0,2024-12-16 15:28:24.387812
u001305,c008871,1.0,2025-03-30 19:20:43.349522
u001305,c008571,1.0,2025-05-16 07:52:17.289004
u001305,c008858,1.0,2025-07-13 10:02:30.185973
u001305,c006027,1.0,2025-08-15 04:07:19.147800
u001305,c008822,1.0,2025-10-03 06:48:51.483012
u001306,c007427,1.0,2024-12-10 22:46:05.516500
u001306,c008657,1.0,2024-12-11 00:12:15.035982
u001306,c006376,1.0,2025-01-22 20:40:31.702061
u001306,c009192,1.0,2025-01-29 05:49:55.665530
u001306,c008687,1.0,2025-02-03 08:24:38.311395
u001306,c008560,1.0,2025-03-26 09:21:11.065534
u001306,c009267,1.0,2025-04-06 08:41:42.060790
u001306,c006347,1.0,2025-06-16 00:59:36.411708
u001306,c008734,1.0,2025-06-19 18:57:44.043206
u001306,c008686,1.0,2025-07-02 20:02:47.865237
u001306,c009236,1.0,2025-09-13 06:49:04.660373
u001306,c006996,1.0,2025-10-16 02:10:23.352890
u001306,c009580,1.0,2025-10-23 23:23:54.928334
u001307,c009012,1.0,2024-11-14 04:29:19.629801
u001307,c009498,1.0,2024-11-14 10:36:43.859043
u001307,c009002,1.0,2024-11-29 18:23:03.240244
u001307,c008677,1.0,2025-01-09 15:50:53.344300
u001307,c009210,1.0,2025-01-11 12:04:30.101104
u001307,c009475,1.0,2025-02-06 11:39:53.200738
u001307,c009413,1.0,2025-02-24 21:35:55.803205
u001307,c008758,1.0,2025-03-08 03:32:25.919952
u001307,c009293,1.0,2025-03-16 21:44:00.902860
u001307,c009462,1.0,2025-04-13 18:26:14.009675
u001307,c006333,1.0,2025-07-07 01:37:42.751617
u001307,c009268,1.0,2025-07-09 12:08:44.677584
u001307,c008896,1.0,2025-07-11 17:57:53.679096
u001307,c009035,1.0,2025-11-04 20:15:55.480255
u001308,c006484,1.0,2025-02-26 06:11:18.511612
u001308,c006562,1.0,2025-07-03 12:32:37.919778
u001308,c006702,1.0,2025-07-28 23:15:08.299188
u001309,c009274,1.0,2024-11-07 13:17:13.351074
u001309,c008586,1.0,2024-11-17 17:52:20.752648
u001309,c009606,1.0,2024-12-12 21:20:52.854565
u001309,c008533,1.0,2025-01-11 10:55:23.819307
u001309,c008659,1.0,2025-03-10 14:37:35.624089
u001309,c006484,1.0,2025-03-13 21:57:02.699349
u001309,c009164,1.0,2025-04-13 17:44:05.921828
u001309,c008719,1.0,2025-05-16 17:11:06.564520
u001309,c009387,1.0,2025-06-14 02:51:56.273467
u001309,c008658,1.0,2025-06-25 07:36:43.529392
u001309,c008817,1.0,2025-07-26 16:32:43.775232
u001309,c009070,1.0,2025-07-30 04:02:16.560792
u001309,c008996,1.0,2025-08-08 04:59:47.965440
u001309,c009623,1.0,2025-08-27 18:04:03.392003
u001310,c008753,1.0,2024-12-03 09:11:26.320159
u001310,c006785,1.0,2024-12-04 22:42:50.381565
u001310,c007876,1.0,2024-12-22 16:36:45.609677
u001310,c006340,1.0,2025-02-24 19:40:25.164045
u001310,c008812,1.0,2025-03-13 18:22:37.233554
u001310,c005995,1.0,2025-05-17 17:50:52.431263
u001310,c008634,1.0,2025-06-20 20:32:46.560943
u001310,c007855,1.0,2025-07-12 23:43:10.438488
u001310,c008891,1.0,2025-10-09 00:42:08.026396
u001311,c008562,1.0,2024-12-14 18:44:19.062772
u001311,c009218,1.0,2025-03-01 02:37:54.979974
u001311,c006970,1.0,2025-03-09 12:21:08.225884
u001311,c009007,1.0,2025-05-12 03:06:39.181409
u001311,c006135,1.0,2025-06-02 17:05:14.097318
u001311,c009375,1.0,2025-06-07 20:27:55.968795
u001311,c009313,1.0,2025-06-17 14:53:13.545972
u001311,c008959,1.0,2025-06-21 04:28:01.760921
u001311,c006095,1.0,2025-07-24 00:17:06.611921
u001311,c008816,1.0,2025-08-25 16:40:40.371680
u001311,c008783,1.0,2025-08-28 12:40:31.914265
u001311,c006165,1.0,2025-09-08 05:07:01.863813
u001311,c009265,1.0,2025-09-23 16:24:53.304437
u001311,c008680,1.0,2025-11-05 06:18:47.372184
u001312,c009338,1.0,2024-11-12 12:48:42.622671
u001312,c009273,1.0,2024-12-17 09:00:40.288864
u001312,c009204,1.0,2025-02-16 23:14:09.456683
u001312,c009233,1.0,2025-03-03 05:29:13.200307
u001312,c009126,1.0,2025-05-25 14:57:12.468745
u001312,c009218,1.0,2025-07-21 23:50:21.623738
u001312,c009515,1.0,2025-07-29 10:49:04.098216
u001312,c009009,1.0,2025-09-15 01:06:22.005167
u001313,c009093,1.0,2024-11-20 17:56:56.754576
u001313,c007929,1.0,2024-12-06 10:03:24.805757
u001313,c007379,1.0,2025-04-03 18:29:51.244138
u001313,c008512,1.0,2025-04-12 22:08:45.536841
u001313,c009606,1.0,2025-05-30 13:37:38.752945
u001313,c009398,1.0,2025-06-11 14:15:42.113069
u001313,c008586,1.0,2025-07-13 17:46:00.405660
u001313,c009367,1.0,2025-08-15 13:43:03.705186
u001313,c009141,1.0,2025-09-08 04:18:58.886753
u001313,c009510,1.0,2025-10-09 07:04:46.548555
u001313,c008839,1.0,2025-10-10 09:45:50.702247
u001314,c009472,1.0,2024-11-18 07:08:20.226474
u001314,c009103,1.0,2024-11-30 05:20:45.024623
u001314,c009468,1.0,2024-12-01 20:38:46.010447
u001314,c008578,1.0,2024-12-04 08:21:23.813131
u001314,c008684,1.0,2025-01-27 17:31:01.621013
u001314,c009031,1.0,2025-02-07 06:55:22.060790
u001314,c009260,1.0,2025-02-08 13:31:22.344504
u001314,c008731,1.0,2025-02-16 00:32:11.257678
u001314,c009046,1.0,2025-05-13 20:18:25.101756
u001314,c006289,1.0,2025-05-17 17:55:02.117120
u001314,c000990,1.0,2025-08-03 00:49:20.724244
u001314,c008702,1.0,2025-08-07 02:38:46.617463
u001314,c008940,1.0,2025-08-17 09:27:54.552533
u001314,c008603,1.0,2025-09-16 22:40:33.824873
u001314,c006832,1.0,2025-09-28 05:35:19.832622
u001315,c009251,1.0,2024-12-12 07:50:37.954970
u001315,c008763,1.0,2025-02-07 12:02:48.251896
u001315,c008999,1.0,2025-03-08 09:22:03.033376
u001315,c008756,1.0,2025-05-03 12:08:27.154236
u001315,c008477,1.0,2025-07-02 21:29:33.986942
u001315,c008958,1.0,2025-07-20 05:48:28.776690
u001315,c008808,1.0,2025-08-11 22:41:50.651318
u001315,c009335,1.0,2025-10-22 10:35:37.864962
u001315,c008599,1.0,2025-11-05 07:10:42.996191
u001316,c007378,1.0,2024-12-24 06:19:57.348828
u001316,c007485,1.0,2024-12-30 00:29:09.071936
u001316,c006121,1.0,2025-01-28 17:59:53.196332
u001316,c007480,1.0,2025-01-31 13:34:57.118082
u001316,c007762,1.0,2025-03-23 10:13:03.834106
u001316,c007302,1.0,2025-05-01 02:01:47.610959
u001316,c007722,1.0,2025-08-25 07:12:20.649835
u001316,c007772,1.0,2025-09-13 01:00:42.069133
u001316,c007210,1.0,2025-10-09 10:59:17.399527
u001317,c008145,1.0,2025-03-18 16:09:07.920799
u001317,c008070,1.0,2025-08-15 20:27:52.117959
u001317,c007984,1.0,2025-08-24 13:47:13.577614
u001317,c007843,1.0,2025-10-19 13:03:36.078588
u001318,c008465,1.0,2024-12-04 10:51:22.695998
u001318,c009616,1.0,2024-12-14 16:50:06.941555
u001318,c009535,1.0,2025-05-21 11:55:51.339332
u001318,c009474,1.0,2025-06-19 03:31:56.916190
u001318,c009569,1.0,2025-06-26 16:46:11.909821
u001318,c009488,1.0,2025-10-30 13:46:29.214150
u001319,c009304,1.0,2024-12-19 16:39:43.370925
u001319,c009429,1.0,2024-12-20 04:21:23.623632
u001319,c009038,1.0,2024-12-26 23:52:15.167488
u001319,c005998,1.0,2025-01-15 22:15:18.848263
u001319,c008790,1.0,2025-01-17 09:58:44.126972
u001319,c008513,1.0,2025-03-16 03:44:21.762766
u001319,c008639,1.0,2025-03-19 22:10:18.175519
u001319,c006811,1.0,2025-03-22 01:36:07.205761
u001319,c008676,1.0,2025-04-05 18:05:25.218958
u001319,c008603,1.0,2025-04-10 16:43:03.199785
u001319,c008595,1.0,2025-05-14 13:46:37.520411
u001319,c008764,1.0,2025-05-26 03:37:33.652735
u001319,c008579,1.0,2025-07-30 21:31:49.009475
u001319,c006246,1.0,2025-10-29 01:40:12.286840
u001319,c006346,1.0,2025-11-01 22:46:53.020358
u001320,c009354,1.0,2025-01-08 07:31:49.152294
u001320,c009155,1.0,2025-04-13 22:52:42.104106
u001320,c009617,1.0,2025-06-04 06:13:55.569287
u001320,c008872,1.0,2025-06-10 02:10:21.342636
u001320,c008867,1.0,2025-07-06 16:54:12.587203
u001320,c009478,1.0,2025-10-22 14:37:32.442797
u001320,c009258,1.0,2025-11-03 06:34:35.418718
u001321,c008741,1.0,2025-05-16 23:20:02.064299
u001321,c009569,1.0,2025-06-02 18:26:14.707808
u001321,c007201,1.0,2025-08-28 13:52:52.818739
u001322,c007791,1.0,2024-11-12 21:11:24.034296
u001322,c009187,1.0,2024-12-17 17:01:41.742744
u001322,c007895,1.0,2025-01-29 10:16:22.354997
u001322,c008326,1.0,2025-04-28 09:07:12.663430
u001322,c008012,1.0,2025-05-08 09:05:51.513198
u001322,c007883,1.0,2025-07-21 23:39:05.124875
u001322,c007180,1.0,2025-08-21 16:50:34.446993
u001322,c009235,1.0,2025-09-23 10:58:17.503037
u001322,c007863,1.0,2025-11-03 16:01:08.316113
u001323,c008660,1.0,2025-01-08 02:45:09.579997
u001323,c009171,1.0,2025-01-09 05:28:01.367060
u001323,c008572,1.0,2025-03-14 21:51:31.508486
u001323,c007350,1.0,2025-04-05 21:00:16.346069
u001323,c007210,1.0,2025-07-02 20:34:24.200594
u001323,c007762,1.0,2025-07-09 05:33:48.879670
u001323,c007643,1.0,2025-07-11 22:52:01.371330
u001323,c009525,1.0,2025-09-16 00:11:35.119542
u001324,c008784,1.0,2024-12-03 04:34:11.055045
u001324,c009231,1.0,2025-01-30 04:15:35.148201
u001324,c008803,1.0,2025-03-14 04:43:08.176650
u001324,c009340,1.0,2025-03-31 07:31:08.474162
u001324,c009556,1.0,2025-04-22 22:32:19.077690
u001324,c009098,1.0,2025-08-02 14:34:44.277500
u001324,c008557,1.0,2025-10-17 10:43:28.315741
u001324,c008963,1.0,2025-11-05 00:29:02.554577
u001325,c006316,1.0,2024-12-04 14:33:10.514684
u001325,c006685,1.0,2024-12-27 12:55:10.374892
u001325,c006827,1.0,2025-03-17 08:25:33.170251
u001325,c006522,1.0,2025-05-03 12:31:48.211328
u001325,c007195,1.0,2025-05-16 18:02:59.353289
u001325,c006729,1.0,2025-07-03 17:43:25.823490
u001325,c007880,1.0,2025-07-15 16:15:34.228878
u001325,c007643,1.0,2025-08-01 01:57:57.316697
u001325,c006344,1.0,2025-08-02 22:13:37.863936
u001325,c006752,1.0,2025-10-08 06:57:32.716353
u001325,c006317,1.0,2025-10-18 03:42:29.657357
u001325,c006213,1.0,2025-10-25 21:03:02.538114
u001326,c009518,1.0,2025-02-25 14:52:53.645311
u001326,c009254,1.0,2025-03-20 04:04:41.489935
u001326,c007997,1.0,2025-03-28 22:50:22.200495
u001326,c008241,1.0,2025-06-25 16:22:17.455453
u001326,c009227,1.0,2025-07-23 16:30:43.862950
u001326,c007922,1.0,2025-08-19 20:17:54.708516
u001327,c008653,1.0,2025-01-07 15:17:26.384524
u001327,c009186,1.0,2025-01-24 06:44:19.196772
u001327,c009222,1.0,2025-01-27 01:22:44.218403
u001327,c009556,1.0,2025-05-06 16:23:26.645662
u001327,c009478,1.0,2025-07-09 19:41:08.955925
u001327,c008787,1.0,2025-08-01 22:36:33.983738
u001327,c008867,1.0,2025-08-18 12:48:02.039142
u001327,c009462,1.0,2025-09-27 15:34:20.981382
u001328,c009626,1.0,2025-05-16 11:12:42.778269
u001328,c006815,1.0,2025-06-17 16:45:58.862279
u001328,c007963,1.0,2025-06-19 17:26:42.416095
u001328,c007958,1.0,2025-06-28 20:37:52.809871
u001328,c009423,1.0,2025-08-14 15:31:21.644386
u001328,c008721,1.0,2025-09-10 21:13:08.171456
u001328,c008804,1.0,2025-10-03 14:06:26.093071
u001329,c006702,1.0,2024-11-16 22:59:49.202634
u001329,c006022,1.0,2025-02-18 19:49:04.165962
u001329,c006859,1.0,2025-09-03 09:52:29.370046
u001330,c009080,1.0,2025-04-28 04:19:42.254174
u001330,c008811,1.0,2025-05-10 22:42:41.238777
u001330,c009558,1.0,2025-05-29 04:06:52.627320
u001330,c009199,1.0,2025-05-31 07:00:54.447502
u001330,c008751,1.0,2025-06-02 23:32:52.516766
u001331,c008976,1.0,2024-11-16 18:34:14.178446
u001331,c008733,1.0,2024-12-30 07:22:14.624498
u001331,c008447,1.0,2025-01-12 18:28:47.244393
u001331,c007173,1.0,2025-04-18 22:58:21.178806
u001331,c008680,1.0,2025-05-11 07:57:15.130307
u001331,c008398,1.0,2025-05-14 06:40:31.106679
u001331,c008483,1.0,2025-05-30 19:58:52.825568
u001331,c008547,1.0,2025-06-20 22:05:21.577235
u001331,c008824,1.0,2025-07-01 03:50:28.063004
u001331,c009164,1.0,2025-07-20 01:32:53.167065
u001331,c007789,1.0,2025-08-09 05:02:33.455746
u001331,c008842,1.0,2025-08-22 14:15:50.140453
u001331,c008688,1.0,2025-09-24 02:42:27.786757
u001331,c007172,1.0,2025-10-21 11:02:29.286512
u001331,c007895,1.0,2025-10-29 02:57:51.701385
u001332,c006162,1.0,2024-11-25 05:24:22.030217
u001332,c008114,1.0,2025-03-03 07:13:57.924309
u001332,c008167,1.0,2025-05-26 18:58:18.141691
u001332,c006436,1.0,2025-06-16 03:33:06.270886
u001332,c008311,1.0,2025-07-30 18:29:29.132666
u001332,c008175,1.0,2025-09-11 12:49:18.509643
u001332,c008946,1.0,2025-10-26 04:03:46.429560
u001333,c009189,1.0,2025-02-11 10:04:47.397430
u001333,c008833,1.0,2025-03-09 05:02:10.558915
u001333,c008839,1.0,2025-03-23 14:39:58.157488
u001333,c009223,1.0,2025-03-29 10:27:59.501042
u001333,c008811,1.0,2025-04-14 09:46:00.759492
u001333,c008477,1.0,2025-06-05 06:44:26.032260
u001333,c008760,1.0,2025-06-17 21:39:16.746643
u001333,c008968,1.0,2025-06-28 20:06:20.562300
u001333,c009387,1.0,2025-06-29 12:49:58.556738
u001333,c009079,1.0,2025-07-15 10:47:23.702531
u001333,c009046,1.0,2025-08-15 22:05:12.406278
u001333,c008644,1.0,2025-08-17 16:30:25.646097
u001333,c009270,1.0,2025-08-27 20:27:47.644829
u001333,c002465,1.0,2025-11-03 02:31:34.331777
u001334,c008735,1.0,2024-11-07 17:12:33.200179
u001334,c009612,1.0,2025-06-27 09:48:11.171852
u001334,c008968,1.0,2025-09-19 21:50:40.555619
u001335,c008971,1.0,2024-12-07 14:41:28.743579
u001335,c009428,1.0,2024-12-19 14:46:19.602291
u001335,c008711,1.0,2025-01-07 18:36:29.324060
u001335,c009199,1.0,2025-01-23 08:52:40.510496
u001335,c008804,1.0,2025-02-07 01:19:08.395801
u001335,c009004,1.0,2025-02-22 10:05:06.951429
u001335,c009003,1.0,2025-03-11 23:45:58.815351
u001335,c009524,1.0,2025-03-12 02:54:21.994966
u001335,c008886,1.0,2025-03-26 13:29:31.936546
u001335,c009396,1.0,2025-03-30 14:31:47.899635
u001335,c009231,1.0,2025-05-22 14:15:25.976483
u001335,c009334,1.0,2025-08-09 01:50:26.601696
u001335,c008874,1.0,2025-09-07 21:58:43.148425
u001336,c009220,1.0,2025-02-26 23:59:18.540018
u001336,c009044,1.0,2025-03-22 06:02:22.669150
u001336,c009098,1.0,2025-07-22 22:48:49.653083
u001336,c007800,1.0,2025-09-07 04:05:17.458747
u001337,c008473,1.0,2024-11-28 16:34:40.846910
u001337,c009063,1.0,2025-01-16 02:39:18.622206
u001337,c006346,1.0,2025-04-09 02:48:43.966647
u001337,c009189,1.0,2025-06-02 08:04:40.818427
u001337,c008559,1.0,2025-06-22 09:13:52.430513
u001338,c009227,1.0,2024-12-05 23:01:24.326616
u001338,c009454,1.0,2025-03-16 22:40:20.716106
u001338,c009342,1.0,2025-08-24 17:11:19.687264
u001339,c008948,1.0,2024-12-02 05:57:05.104220
u001339,c008742,1.0,2024-12-21 13:34:04.803125
u001339,c009246,1.0,2025-03-11 20:09:08.745530
u001339,c006343,1.0,2025-04-22 19:05:53.038945
u001339,c008462,1.0,2025-05-06 03:48:44.825179
u001339,c006039,1.0,2025-05-07 04:24:52.316471
u001339,c009539,1.0,2025-05-14 13:21:38.865002
u001339,c008837,1.0,2025-06-23 22:20:21.833915
u001339,c008477,1.0,2025-08-06 23:08:48.003527
u001339,c008534,1.0,2025-09-19 08:31:01.524737
u001339,c009243,1.0,2025-09-25 16:42:47.901509
u001339,c009004,1.0,2025-09-26 11:09:22.043781
u001339,c009644,1.0,2025-11-03 19:10:05.588419
u001340,c008950,1.0,2024-12-13 20:28:44.654178
u001340,c008996,1.0,2024-12-18 20:40:41.968620
u001340,c009163,1.0,2024-12-25 03:00:49.490564
u001340,c007715,1.0,2024-12-25 22:08:36.636890
u001340,c006120,1.0,2025-03-01 01:57:36.702391
u001340,c007977,1.0,2025-03-27 22:26:57.978518
u001340,c009262,1.0,2025-08-10 02:32:47.886088
u001340,c006391,1.0,2025-08-11 00:22:34.341973
u001340,c009107,1.0,2025-09-06 21:25:56.500761
u001340,c009190,1.0,2025-09-17 14:33:09.470182
u001340,c008787,1.0,2025-10-27 07:12:41.449386
u001340,c008648,1.0,2025-11-06 05:00:45.532742
u001340,c008805,1.0,2025-11-06 19:59:53.150160
u001341,c007027,1.0,2024-12-15 21:16:58.744030
u001341,c007079,1.0,2025-03-16 20:44:49.612543
u001341,c007081,1.0,2025-06-08 00:25:07.884220
u001341,c007052,1.0,2025-07-02 08:40:00.179255
u001341,c008577,1.0,2025-07-19 01:23:57.853822
u001341,c007083,1.0,2025-08-08 17:16:25.096481
u001341,c006034,1.0,2025-08-29 02:38:39.795155
u001341,c006900,1.0,2025-09-26 20:24:41.263096
u001342,c009188,1.0,2025-04-07 05:07:43.837742
u001342,c009269,1.0,2025-04-22 22:29:39.316690
u001342,c008523,1.0,2025-04-26 20:59:49.904894
u001342,c009649,1.0,2025-06-06 22:37:13.570979
u001342,c009253,1.0,2025-10-18 21:28:15.647592
u001343,c007245,1.0,2024-11-08 01:59:12.994356
u001343,c009278,1.0,2025-02-01 08:34:04.550493
u001343,c008963,1.0,2025-04-23 18:07:10.222020
u001343,c007746,1.0,2025-04-25 09:13:11.701239
u001343,c006056,1.0,2025-05-02 10:29:30.266499
u001343,c006095,1.0,2025-08-21 06:39:57.212184
u001343,c006817,1.0,2025-09-06 10:55:55.995092
u001343,c009211,1.0,2025-09-14 10:29:57.488361
u001343,c009204,1.0,2025-09-28 06:37:40.692978
u001343,c007238,1.0,2025-10-19 03:40:11.457605
u001343,c009515,1.0,2025-10-26 03:38:28.142540
u001344,c007513,1.0,2024-11-09 06:20:25.093782
u001344,c007947,1.0,2024-12-12 10:50:25.525929
u001344,c008485,1.0,2025-01-18 11:08:37.192975
u001344,c007800,1.0,2025-02-10 18:53:14.741680
u001344,c008755,1.0,2025-05-05 15:47:06.792642
u001344,c008855,1.0,2025-06-12 04:54:22.527664
u001344,c008339,1.0,2025-06-19 12:24:32.113132
u001344,c006135,1.0,2025-08-18 04:25:56.327262
u001344,c008252,1.0,2025-08-30 20:25:30.059400
u001344,c008326,1.0,2025-10-07 00:26:50.177331
u001344,c007883,1.0,2025-10-13 18:55:15.442112
u001345,c007685,1.0,2024-11-11 05:15:18.785384
u001345,c006983,1.0,2024-12-30 02:29:28.794552
u001345,c007142,1.0,2025-01-09 08:01:15.117421
u001345,c009265,1.0,2025-04-04 23:29:00.651609
u001345,c006091,1.0,2025-05-20 16:32:52.167560
u001345,c007245,1.0,2025-05-25 07:00:26.269947
u001345,c007761,1.0,2025-06-04 01:23:32.492447
u001345,c007387,1.0,2025-06-07 08:53:49.314223
u001345,c007238,1.0,2025-07-10 20:37:37.406530
u001345,c006406,1.0,2025-08-17 20:38:11.526499
u001345,c006135,1.0,2025-09-03 18:40:34.138204
u001345,c006778,1.0,2025-09-16 00:08:21.095935
u001345,c007287,1.0,2025-10-12 14:08:16.108314
u001345,c006158,1.0,2025-10-19 06:16:37.165994
u001345,c007677,1.0,2025-11-06 04:07:57.288658
u001346,c008376,1.0,2024-12-25 16:34:06.631319
u001346,c009232,1.0,2025-03-05 19:50:09.550977
u001346,c007857,1.0,2025-03-17 17:36:10.375011
u001346,c007888,1.0,2025-04-17 22:25:32.647262
u001346,c008884,1.0,2025-05-03 08:34:24.502250
u001346,c008438,1.0,2025-05-07 04:41:08.419079
u001346,c009020,1.0,2025-05-11 15:14:44.707576
u001346,c008078,1.0,2025-06-10 00:35:00.034452
u001346,c008095,1.0,2025-06-13 02:18:44.928081
u001346,c009320,1.0,2025-09-27 02:32:48.639514
u001346,c008347,1.0,2025-10-14 06:07:04.567246
u001346,c008211,1.0,2025-10-23 21:15:42.302655
u001346,c007855,1.0,2025-10-31 00:05:59.002562
u001346,c007841,1.0,2025-11-02 13:21:00.894472
u001347,c006790,1.0,2024-11-28 22:22:34.066099
u001347,c008478,1.0,2024-12-23 12:35:26.594783
u001347,c008466,1.0,2025-03-03 08:45:53.866671
u001347,c006011,1.0,2025-06-05 11:30:51.417553
u001347,c008780,1.0,2025-07-30 01:58:00.344001
u001347,c006034,1.0,2025-08-11 12:02:18.079057
u001347,c008837,1.0,2025-09-06 22:42:33.673673
u001347,c006025,1.0,2025-09-06 23:49:49.758378
u001347,c008820,1.0,2025-09-12 07:45:55.447380
u001347,c009339,1.0,2025-10-03 03:31:51.763135
u001348,c008763,1.0,2024-12-20 17:18:37.263200
u001348,c007449,1.0,2025-01-22 16:56:20.676856
u001348,c009130,1.0,2025-01-31 15:37:55.818554
u001348,c008837,1.0,2025-03-04 00:32:58.042345
u001348,c009199,1.0,2025-03-18 22:50:41.461978
u001348,c008872,1.0,2025-04-02 12:50:27.668847
u001348,c009521,1.0,2025-05-28 08:15:35.916758
u001348,c006098,1.0,2025-05-29 22:44:25.783253
u001348,c009106,1.0,2025-06-26 02:10:21.534302
u001348,c008827,1.0,2025-06-26 12:57:20.581506
u001348,c009301,1.0,2025-07-12 06:39:46.434794
u001348,c006484,1.0,2025-07-14 10:24:41.581315
u001348,c009035,1.0,2025-10-02 14:07:36.906544
u001348,c009428,1.0,2025-10-22 06:41:01.906311
u001348,c009185,1.0,2025-11-05 03:51:12.001586
u001349,c009212,1.0,2024-12-07 00:54:22.774303
u001349,c009422,1.0,2025-01-21 14:12:32.757670
u001349,c008681,1.0,2025-02-26 12:58:47.365668
u001349,c006025,1.0,2025-03-05 05:19:18.346325
u001349,c007883,1.0,2025-03-06 18:40:44.343784
u001349,c008601,1.0,2025-03-20 10:27:32.823894
u001349,c009452,1.0,2025-04-01 23:09:22.234057
u001349,c007294,1.0,2025-05-07 13:25:38.704608
u001349,c009012,1.0,2025-07-02 14:15:03.971951
u001349,c008039,1.0,2025-08-10 03:56:26.947581
u001349,c009435,1.0,2025-08-20 16:13:07.891852
u001349,c007800,1.0,2025-09-26 21:12:52.774036
u001349,c009155,1.0,2025-10-04 18:35:23.935171
u001349,c009478,1.0,2025-10-20 08:28:43.605262
u001349,c008515,1.0,2025-10-20 22:49:44.452461
u001350,c008546,1.0,2024-11-11 16:59:54.281039
u001350,c008651,1.0,2024-11-11 20:02:55.803287
u001350,c008520,1.0,2024-12-02 05:55:08.598210
u001350,c008691,1.0,2024-12-19 22:38:42.410765
u001350,c007201,1.0,2025-02-05 03:44:31.672512
u001350,c009103,1.0,2025-04-16 04:09:26.071734
u001350,c008578,1.0,2025-07-21 10:52:53.567100
u001350,c008945,1.0,2025-08-19 04:15:51.895105
u001350,c008930,1.0,2025-10-05 05:02:38.652284
u001350,c008627,1.0,2025-10-14 10:55:39.996018
u001350,c007751,1.0,2025-10-16 08:21:24.172012
u001351,c008765,1.0,2025-02-17 23:50:12.675068
u001351,c009236,1.0,2025-03-14 12:44:36.335737
u001351,c008610,1.0,2025-04-17 22:15:02.381591
u001351,c009254,1.0,2025-04-21 05:18:15.661202
u001351,c009518,1.0,2025-06-15 22:36:57.400266
u001351,c006390,1.0,2025-06-23 16:29:20.605283
u001351,c008701,1.0,2025-07-18 16:42:25.356100
u001351,c008817,1.0,2025-07-22 21:14:54.968762
u001352,c008339,1.0,2024-12-12 15:45:46.247898
u001352,c007917,1.0,2024-12-17 10:31:38.427226
u001352,c008012,1.0,2025-02-08 15:43:21.644071
u001352,c008853,1.0,2025-03-07 05:33:18.761139
u001352,c007852,1.0,2025-04-14 15:36:48.912104
u001352,c007791,1.0,2025-05-21 20:32:22.294702
u001352,c007863,1.0,2025-05-28 16:52:08.950934
u001352,c007947,1.0,2025-06-30 11:47:26.299747
u001352,c008063,1.0,2025-10-07 11:16:57.164874
u001352,c008280,1.0,2025-10-16 21:47:14.718020
u001352,c007883,1.0,2025-11-01 11:23:45.762664
u001353,c007312,1.0,2024-12-19 13:46:32.759330
u001353,c007376,1.0,2025-03-11 22:12:02.754509
u001353,c007486,1.0,2025-04-02 03:49:19.076534
u001353,c007655,1.0,2025-05-09 09:11:13.153392
u001353,c007485,1.0,2025-06-29 09:03:07.906637
u001353,c009012,1.0,2025-07-17 23:54:59.952166
u001353,c007476,1.0,2025-08-11 07:58:42.219428
u001354,c009462,1.0,2025-01-01 12:24:48.612042
u001354,c008875,1.0,2025-03-19 04:52:51.476374
u001354,c008575,1.0,2025-04-18 05:50:53.222700
u001354,c009299,1.0,2025-07-11 22:26:05.180986
u001355,c008478,1.0,2024-12-20 09:51:18.806071
u001355,c008896,1.0,2025-03-09 13:38:09.967547
u001355,c006232,1.0,2025-05-15 04:08:43.401677
u001355,c005990,1.0,2025-07-25 12:53:15.889668
u001355,c006409,1.0,2025-08-02 09:36:56.390171
u001355,c006129,1.0,2025-08-27 05:40:04.838941
u001355,c006714,1.0,2025-09-28 11:11:24.118570
u001356,c007331,1.0,2024-12-04 04:27:43.711874
u001356,c007449,1.0,2025-03-04 16:18:10.969118
u001356,c007967,1.0,2025-05-02 04:12:07.577192
u001356,c007482,1.0,2025-06-23 05:59:38.373995
u001356,c007675,1.0,2025-08-02 22:50:45.895001
u001356,c007515,1.0,2025-09-22 20:24:16.941224
u001356,c007234,1.0,2025-10-17 21:19:45.643301
u001356,c008395,1.0,2025-10-23 05:52:23.585767
u001356,c007372,1.0,2025-10-29 20:48:36.926634
u001357,c006482,1.0,2024-11-30 17:41:39.146636
u001357,c006282,1.0,2025-04-17 20:35:52.066737
u001357,c008534,1.0,2025-05-09 23:52:19.001979
u001357,c006141,1.0,2025-06-18 05:42:37.533577
u001358,c009653,1.0,2024-11-17 07:38:28.645767
u001358,c008577,1.0,2024-12-07 22:26:56.930561
u001358,c009041,1.0,2024-12-20 01:48:14.935804
u001358,c009371,1.0,2025-01-06 05:31:18.238558
u001358,c009123,1.0,2025-01-17 08:24:40.699871
u001358,c009312,1.0,2025-03-05 06:08:23.815293
u001358,c008713,1.0,2025-03-16 23:34:43.102295
u001358,c009012,1.0,2025-06-09 17:12:11.019980
u001358,c008564,1.0,2025-07-22 19:54:48.987170
u001358,c008825,1.0,2025-07-25 04:02:00.403756
u001358,c009272,1.0,2025-07-29 16:16:39.477843
u001358,c009375,1.0,2025-09-06 17:49:57.160481
u001358,c008553,1.0,2025-09-10 14:53:38.643618
u001358,c008662,1.0,2025-09-12 18:31:00.311314
u001359,c008478,1.0,2025-01-10 17:09:54.370936
u001359,c009443,1.0,2025-03-09 11:43:41.309689
u001359,c008484,1.0,2025-03-22 15:42:26.519414
u001359,c009136,1.0,2025-03-28 02:45:21.482949
u001359,c009597,1.0,2025-04-12 18:02:10.083039
u001359,c008853,1.0,2025-07-03 16:59:49.554248
u001359,c009429,1.0,2025-07-13 07:50:48.714608
u001359,c006933,1.0,2025-07-17 09:15:32.385026
u001359,c008803,1.0,2025-09-10 10:44:53.498042
u001359,c008930,1.0,2025-09-13 20:36:58.783651
u001360,c009232,1.0,2025-03-03 20:34:28.582937
u001360,c009054,1.0,2025-03-17 01:39:43.517526
u001360,c008820,1.0,2025-04-18 18:58:29.105277
u001360,c008478,1.0,2025-07-20 09:30:59.863581
u001360,c009428,1.0,2025-08-17 07:08:14.366440
u001360,c008908,1.0,2025-09-05 00:21:42.038689
u001360,c009231,1.0,2025-10-23 18:27:51.234698
u001360,c009151,1.0,2025-10-30 20:21:08.057808
u001361,c009299,1.0,2025-02-12 04:50:07.489246
u001361,c008485,1.0,2025-02-15 00:50:42.276016
u001361,c008843,1.0,2025-03-12 22:03:13.774242
u001361,c009621,1.0,2025-03-18 14:32:15.006454
u001361,c009413,1.0,2025-03-21 02:53:31.679152
u001361,c008536,1.0,2025-04-20 07:41:10.543553
u001361,c008790,1.0,2025-04-23 01:40:01.978473
u001361,c009134,1.0,2025-06-12 04:58:43.041071
u001361,c009212,1.0,2025-07-07 04:30:52.985955
u001361,c009353,1.0,2025-07-25 06:43:43.975809
u001361,c009053,1.0,2025-08-23 09:08:29.425682
u001361,c009628,1.0,2025-08-23 12:40:50.069723
u001361,c008665,1.0,2025-09-05 16:17:08.730847
u001361,c009172,1.0,2025-10-20 15:29:19.457791
u001362,c007088,1.0,2024-12-07 13:52:25.169613
u001362,c006664,1.0,2024-12-18 07:11:20.675472
u001362,c009231,1.0,2025-02-26 02:46:17.635022
u001362,c007883,1.0,2025-04-23 04:04:36.522625
u001362,c006299,1.0,2025-05-06 04:32:55.772234
u001362,c006898,1.0,2025-07-06 10:22:44.794627
u001362,c007037,1.0,2025-07-22 18:50:55.750563
u001362,c006277,1.0,2025-09-20 11:11:05.000634
u001362,c006585,1.0,2025-10-10 06:54:32.001623
u001362,c006863,1.0,2025-10-14 14:28:04.106965
u001363,c009032,1.0,2024-12-08 00:11:17.252740
u001363,c008610,1.0,2024-12-24 02:46:51.488597
u001363,c008935,1.0,2025-03-15 04:24:21.146624
u001363,c009613,1.0,2025-05-21 10:49:20.875596
u001363,c007278,1.0,2025-05-31 04:40:25.095527
u001363,c006482,1.0,2025-06-19 15:01:44.915946
u001363,c009559,1.0,2025-07-06 19:02:55.839527
u001363,c009158,1.0,2025-08-05 09:24:58.005729
u001363,c009591,1.0,2025-08-25 11:06:29.950577
u001363,c009243,1.0,2025-09-09 04:17:42.381929
u001363,c009025,1.0,2025-10-10 22:46:11.499776
u001363,c009605,1.0,2025-10-24 19:45:52.060900
u001363,c008727,1.0,2025-11-05 03:59:29.153339
u001364,c009231,1.0,2024-11-21 02:56:23.065210
u001364,c008737,1.0,2024-12-03 15:38:36.759169
u001364,c009025,1.0,2025-01-14 13:51:52.224685
u001364,c008749,1.0,2025-02-05 01:51:37.011200
u001364,c009645,1.0,2025-02-08 21:52:28.835989
u001364,c006186,1.0,2025-02-18 11:54:08.766672
u001364,c009479,1.0,2025-04-14 20:42:51.478073
u001364,c009155,1.0,2025-05-17 07:28:47.571632
u001364,c009046,1.0,2025-07-28 22:05:41.767027
u001364,c000596,1.0,2025-09-25 12:45:33.534991
u001364,c009344,1.0,2025-10-07 01:35:01.790965
u001364,c009162,1.0,2025-10-22 09:36:06.971022
u001364,c008575,1.0,2025-11-03 19:10:28.382442
u001365,c009553,1.0,2024-12-29 10:42:17.282680
u001365,c008815,1.0,2025-04-13 00:01:53.295210
u001365,c008982,1.0,2025-05-26 15:38:55.747311
u001365,c008477,1.0,2025-07-27 19:19:05.264926
u001365,c009253,1.0,2025-08-24 10:21:01.472578
u001365,c008850,1.0,2025-10-25 12:20:22.106218
u001366,c009569,1.0,2024-11-17 02:29:02.287213
u001366,c009339,1.0,2024-11-25 12:11:55.522477
u001366,c009268,1.0,2024-12-26 18:02:19.059725
u001366,c007200,1.0,2025-03-16 00:49:12.013234
u001366,c007883,1.0,2025-05-08 19:59:10.144182
u001366,c009374,1.0,2025-05-25 07:57:08.795792
u001366,c009428,1.0,2025-06-29 03:44:33.404873
u001366,c009576,1.0,2025-08-17 22:27:19.883241
u001367,c007349,1.0,2024-11-12 02:03:22.545248
u001367,c007513,1.0,2025-01-23 05:48:55.447558
u001367,c007238,1.0,2025-01-25 06:21:36.863620
u001367,c007245,1.0,2025-04-10 08:08:58.571807
u001367,c009359,1.0,2025-04-18 22:28:08.339638
u001367,c007387,1.0,2025-05-11 23:35:48.680144
u001367,c008553,1.0,2025-05-30 19:55:35.952600
u001368,c006640,1.0,2024-11-08 18:34:29.304897
u001368,c006087,1.0,2024-12-06 06:21:38.307489
u001368,c006044,1.0,2024-12-12 21:02:03.243476
u001368,c006400,1.0,2025-01-29 09:38:20.429683
u001368,c009518,1.0,2025-02-10 17:12:42.548195
u001368,c006728,1.0,2025-03-13 03:33:18.809680
u001368,c008868,1.0,2025-04-21 01:56:46.531519
u001368,c006368,1.0,2025-05-03 13:04:53.443055
u001368,c006389,1.0,2025-06-27 00:02:43.726127
u001368,c006056,1.0,2025-07-03 10:12:56.653966
u001368,c006062,1.0,2025-10-22 17:02:35.764740
u001369,c009269,1.0,2024-11-07 17:34:42.196459
u001369,c009492,1.0,2024-12-07 12:22:05.464575
u001369,c009097,1.0,2024-12-17 12:13:31.463657
u001369,c009216,1.0,2025-02-17 00:28:18.768825
u001369,c009226,1.0,2025-03-19 23:35:55.744178
u001369,c008966,1.0,2025-04-13 06:26:17.314902
u001369,c006058,1.0,2025-04-21 19:28:24.809331
u001369,c008520,1.0,2025-05-15 08:45:54.841152
u001370,c008100,1.0,2025-03-04 15:12:31.631391
u001370,c008376,1.0,2025-03-15 06:39:29.536643
u001370,c008034,1.0,2025-03-20 19:59:40.777565
u001370,c008764,1.0,2025-04-04 12:57:12.682055
u001370,c008202,1.0,2025-04-17 18:24:17.794477
u001370,c007835,1.0,2025-05-08 19:34:34.896722
u001370,c007995,1.0,2025-05-18 04:50:02.441476
u001370,c008217,1.0,2025-05-22 13:34:40.170200
u001370,c007845,1.0,2025-07-05 14:20:22.544075
u001370,c008344,1.0,2025-08-18 21:45:52.792435
u001370,c007397,1.0,2025-08-25 00:22:55.692154
u001370,c007899,1.0,2025-09-05 02:15:43.077329
u001370,c007901,1.0,2025-10-28 09:42:14.198008
u001370,c008269,1.0,2025-11-05 22:01:50.380187
u001370,c008050,1.0,2025-11-05 23:58:05.905405
u001371,c007379,1.0,2024-11-25 21:36:32.688249
u001371,c009214,1.0,2025-06-17 15:36:36.077667
u001371,c008628,1.0,2025-08-17 00:26:01.081675
u001372,c008463,1.0,2025-01-12 03:17:39.255315
u001372,c008595,1.0,2025-02-24 08:58:11.454256
u001372,c007865,1.0,2025-05-01 14:12:39.086536
u001372,c007839,1.0,2025-05-21 20:57:27.845819
u001372,c008572,1.0,2025-06-08 11:45:32.009543
u001372,c008717,1.0,2025-07-05 09:09:11.594766
u001372,c006687,1.0,2025-07-07 07:19:09.664670
u001372,c008504,1.0,2025-07-07 14:40:56.713883
u001372,c008141,1.0,2025-08-02 00:10:03.248164
u001372,c007827,1.0,2025-08-09 23:04:23.922211
u001372,c008575,1.0,2025-08-28 11:40:15.306496
u001373,c006016,1.0,2024-11-13 14:50:22.620618
u001373,c008956,1.0,2024-12-09 14:17:00.417258
u001373,c009264,1.0,2025-01-07 01:49:43.023074
u001373,c008675,1.0,2025-01-28 18:05:31.315783
u001373,c008470,1.0,2025-02-01 09:00:59.988861
u001373,c009270,1.0,2025-04-03 21:08:26.039980
u001373,c009628,1.0,2025-04-16 10:30:28.282931
u001373,c009024,1.0,2025-04-20 14:54:09.610184
u001373,c007011,1.0,2025-05-25 06:33:55.187779
u001373,c008760,1.0,2025-06-27 14:56:55.228728
u001373,c009130,1.0,2025-07-15 01:10:22.626927
u001374,c008966,1.0,2025-03-15 06:37:55.144734
u001374,c008876,1.0,2025-06-21 02:38:21.159698
u001374,c008989,1.0,2025-06-25 05:42:16.018492
u001374,c009080,1.0,2025-07-07 01:53:58.955229
u001374,c007515,1.0,2025-08-02 07:14:57.678397
u001374,c006080,1.0,2025-08-06 17:47:09.102063
u001374,c008751,1.0,2025-08-08 16:15:45.997671
u001374,c009199,1.0,2025-08-20 20:41:54.540482
u001375,c006583,1.0,2024-11-23 08:58:38.508263
u001375,c006241,1.0,2024-11-24 03:52:25.173513
u001375,c002197,1.0,2025-01-26 04:35:53.933311
u001375,c006697,1.0,2025-02-01 08:48:42.952876
u001375,c006680,1.0,2025-03-21 04:24:15.940844
u001375,c006318,1.0,2025-07-18 05:17:21.450361
u001375,c008706,1.0,2025-08-06 23:29:21.842753
u001375,c006430,1.0,2025-08-25 22:59:43.272481
u001375,c006410,1.0,2025-10-25 16:12:35.302416
u001376,c009476,1.0,2025-01-28 09:09:54.249286
u001376,c009012,1.0,2025-02-12 17:08:37.953000
u001376,c008764,1.0,2025-03-23 00:38:00.960207
u001376,c008980,1.0,2025-06-01 02:14:40.077117
u001376,c009567,1.0,2025-07-07 17:06:33.606365
u001376,c008817,1.0,2025-07-31 10:03:26.583285
u001376,c009507,1.0,2025-08-11 01:55:28.930604
u001376,c006239,1.0,2025-08-25 12:59:01.894382
u001376,c008651,1.0,2025-08-25 23:10:27.166746
u001376,c008879,1.0,2025-09-18 04:30:28.633297
u001376,c009644,1.0,2025-10-15 23:20:52.907580
u001376,c009085,1.0,2025-10-24 16:21:46.557909
u001377,c007224,1.0,2024-11-13 03:54:41.007560
u001377,c008787,1.0,2024-12-05 15:54:43.740250
u001377,c007408,1.0,2025-02-06 18:55:12.579954
u001377,c008808,1.0,2025-03-05 18:01:25.209140
u001377,c008680,1.0,2025-05-15 15:54:07.854367
u001377,c009570,1.0,2025-06-14 19:56:05.234062
u001377,c007689,1.0,2025-06-16 04:46:59.616285
u001377,c009210,1.0,2025-08-18 01:09:27.649981
u001377,c008466,1.0,2025-08-19 06:19:03.226416
u001377,c009415,1.0,2025-10-14 12:31:59.100122
u001377,c008595,1.0,2025-10-25 18:57:17.025924
u001377,c009435,1.0,2025-10-29 05:13:23.293296
u001377,c008790,1.0,2025-11-01 04:21:14.895055
u001378,c008575,1.0,2025-01-05 12:44:45.031192
u001378,c009199,1.0,2025-01-18 16:40:51.247504
u001378,c008989,1.0,2025-03-18 18:22:43.207200
u001378,c009177,1.0,2025-03-29 14:55:02.415850
u001378,c008639,1.0,2025-03-31 15:14:27.033126
u001378,c009162,1.0,2025-05-11 08:54:59.296697
u001378,c009080,1.0,2025-05-12 10:43:32.915116
u001378,c007302,1.0,2025-08-06 18:00:34.318688
u001378,c009083,1.0,2025-08-29 21:08:48.102005
u001378,c009005,1.0,2025-09-03 21:08:37.020706
u001378,c009270,1.0,2025-09-17 14:51:25.489598
u001378,c008631,1.0,2025-09-26 11:21:03.661859
u001378,c009558,1.0,2025-11-03 22:55:32.748620
u001379,c006070,1.0,2024-11-10 12:57:25.832566
u001379,c009559,1.0,2024-11-28 07:02:57.078923
u001379,c009231,1.0,2025-01-05 06:17:01.542259
u001379,c006257,1.0,2025-02-15 07:39:25.104513
u001379,c008910,1.0,2025-02-18 06:43:31.606706
u001379,c008554,1.0,2025-04-30 06:26:13.034611
u001379,c007072,1.0,2025-06-23 22:20:10.842175
u001379,c007170,1.0,2025-08-19 13:03:46.475803
u001379,c009466,1.0,2025-09-13 03:58:08.596067
u001379,c009645,1.0,2025-09-24 18:39:07.467872
u001379,c006666,1.0,2025-10-18 15:44:24.697925
u001379,c009226,1.0,2025-11-05 21:43:55.631940
u001380,c009169,1.0,2024-11-09 11:35:07.500479
u001380,c009556,1.0,2024-11-20 23:46:54.144713
u001380,c009301,1.0,2024-12-01 17:43:29.039959
u001380,c009199,1.0,2024-12-22 16:44:12.912824
u001380,c009080,1.0,2024-12-26 00:00:01.720486
u001380,c006564,1.0,2025-01-19 16:03:56.971096
u001380,c009083,1.0,2025-02-02 15:43:44.532184
u001380,c009249,1.0,2025-05-01 01:54:23.244125
u001380,c009258,1.0,2025-06-12 07:04:41.236387
u001380,c009628,1.0,2025-06-21 23:41:49.446517
u001380,c009270,1.0,2025-07-11 16:42:30.153270
u001380,c009451,1.0,2025-07-23 03:02:36.896117
u001380,c008989,1.0,2025-09-20 21:45:24.452542
u001381,c009413,1.0,2024-12-11 18:50:47.456747
u001381,c009600,1.0,2024-12-30 19:20:21.231357
u001381,c008643,1.0,2024-12-31 13:52:40.380645
u001381,c008808,1.0,2025-01-09 04:04:58.037861
u001381,c009615,1.0,2025-02-06 21:49:54.454719
u001381,c009304,1.0,2025-02-09 08:08:43.796797
u001381,c008513,1.0,2025-03-04 11:32:16.048602
u001381,c009293,1.0,2025-03-11 06:40:32.292295
u001381,c008710,1.0,2025-11-03 14:39:10.498552
u001382,c008106,1.0,2024-11-12 00:47:54.926293
u001382,c006821,1.0,2024-12-26 21:53:41.859872
u001382,c007883,1.0,2025-01-05 01:54:56.199497
u001382,c008326,1.0,2025-01-08 06:41:17.021497
u001382,c008945,1.0,2025-03-09 03:20:03.506372
u001382,c006125,1.0,2025-06-10 02:29:17.189064
u001382,c006037,1.0,2025-06-27 17:19:33.623781
u001382,c009190,1.0,2025-07-23 16:48:48.581197
u001382,c008546,1.0,2025-07-25 20:46:03.299888
u001382,c008710,1.0,2025-09-19 14:02:56.208892
u001382,c008615,1.0,2025-09-25 06:52:11.279299
u001382,c006071,1.0,2025-09-27 23:43:09.593989
u001382,c008643,1.0,2025-09-30 12:15:16.395153
u001382,c008012,1.0,2025-10-25 20:46:42.463630
u001383,c008998,1.0,2024-12-14 06:58:37.921570
u001383,c008707,1.0,2025-01-11 13:08:52.150022
u001383,c008996,1.0,2025-01-18 19:01:42.280835
u001383,c008935,1.0,2025-02-02 13:56:37.545456
u001383,c009001,1.0,2025-03-29 08:30:01.331895
u001383,c008894,1.0,2025-05-11 04:40:57.662190
u001383,c009046,1.0,2025-07-30 13:00:09.582183
u001383,c009190,1.0,2025-08-01 10:29:59.495621
u001383,c008987,1.0,2025-08-11 02:43:02.251542
u001383,c009364,1.0,2025-08-16 20:28:36.059303
u001383,c008541,1.0,2025-08-29 06:40:36.543420
u001384,c007575,1.0,2024-11-19 12:36:27.752274
u001384,c007910,1.0,2024-11-28 03:37:46.865853
u001384,c007200,1.0,2024-12-03 22:14:54.875615
u001384,c007682,1.0,2025-02-04 08:58:11.078826
u001384,c007313,1.0,2025-04-06 10:10:57.158908
u001384,c008898,1.0,2025-04-09 07:07:53.305010
u001384,c007722,1.0,2025-04-19 06:05:10.666425
u001384,c009547,1.0,2025-04-19 21:16:44.127558
u001384,c008876,1.0,2025-05-03 16:41:46.962900
u001384,c007486,1.0,2025-09-24 22:20:20.493460
u001384,c006562,1.0,2025-09-28 23:11:53.275278
u001384,c008286,1.0,2025-10-20 06:27:16.841653
u001384,c007485,1.0,2025-10-30 10:35:13.908042
u001385,c008472,1.0,2024-12-24 03:59:26.072165
u001385,c009124,1.0,2025-01-12 15:15:05.597274
u001385,c008552,1.0,2025-02-20 07:16:44.900454
u001385,c008509,1.0,2025-03-04 02:49:51.718255
u001385,c006821,1.0,2025-05-25 14:56:49.175667
u001385,c008594,1.0,2025-06-06 05:31:20.565759
u001385,c008718,1.0,2025-06-17 03:30:43.851354
u001385,c009235,1.0,2025-06-20 19:52:54.012018
u001385,c008862,1.0,2025-07-03 23:18:09.258278
u001385,c009473,1.0,2025-09-09 09:23:37.260304
u001385,c008949,1.0,2025-09-16 03:48:53.988749
u001385,c009163,1.0,2025-10-29 23:11:43.812189
u001386,c007067,1.0,2024-11-19 21:33:18.840690
u001386,c007169,1.0,2024-12-08 09:37:22.947553
u001386,c006621,1.0,2024-12-15 23:14:35.460133
u001386,c007144,1.0,2025-02-25 03:50:05.030219
u001386,c006820,1.0,2025-03-14 22:57:35.844995
u001386,c006706,1.0,2025-03-28 14:04:09.421891
u001386,c006983,1.0,2025-05-02 08:35:11.056586
u001386,c007001,1.0,2025-05-05 14:42:27.862154
u001386,c006987,1.0,2025-10-16 13:22:20.179991
u001387,c008020,1.0,2025-03-30 07:28:49.343467
u001387,c007899,1.0,2025-05-02 04:02:48.274591
u001387,c008342,1.0,2025-05-03 09:39:20.204724
u001387,c008050,1.0,2025-06-19 16:06:39.159485
u001387,c007800,1.0,2025-08-15 15:43:53.138409
u001387,c007817,1.0,2025-10-09 18:24:56.181906
u001388,c009037,1.0,2024-11-24 05:53:13.681001
u001388,c007695,1.0,2024-11-27 08:05:05.905963
u001388,c008643,1.0,2024-12-26 18:44:59.062103
u001388,c009309,1.0,2025-01-16 07:08:01.716375
u001388,c009029,1.0,2025-02-09 04:05:40.287829
u001388,c009047,1.0,2025-05-07 04:04:43.673350
u001388,c009600,1.0,2025-05-17 14:33:43.156216
u001388,c007207,1.0,2025-08-05 07:19:39.919050
u001388,c007517,1.0,2025-09-06 04:10:38.971470
u001388,c008896,1.0,2025-09-07 07:17:26.043382
u001388,c009106,1.0,2025-09-10 03:16:07.586077
u001388,c009293,1.0,2025-09-23 23:56:40.634276
u001389,c009375,1.0,2024-11-08 07:38:12.113668
u001389,c009453,1.0,2024-11-13 19:02:46.337719
u001389,c008695,1.0,2025-01-26 10:33:15.608840
u001389,c008628,1.0,2025-02-18 12:33:55.722777
u001389,c009070,1.0,2025-03-05 17:21:33.549222
u001389,c008952,1.0,2025-03-24 11:17:58.660076
u001389,c008470,1.0,2025-05-02 08:48:29.806209
u001389,c009189,1.0,2025-05-18 12:50:58.891634
u001389,c008783,1.0,2025-05-26 17:25:46.263620
u001389,c008880,1.0,2025-06-28 08:03:36.482492
u001389,c009484,1.0,2025-07-12 23:45:00.925950
u001389,c008792,1.0,2025-07-29 10:59:31.701002
u001389,c008625,1.0,2025-09-14 21:27:02.381352
u001390,c006641,1.0,2024-11-25 02:06:12.414472
u001390,c007418,1.0,2024-12-26 12:55:24.427140
u001390,c007256,1.0,2025-01-23 22:45:52.364207
u001390,c008626,1.0,2025-03-01 23:00:26.897618
u001390,c007536,1.0,2025-03-19 16:35:20.471870
u001390,c007249,1.0,2025-04-29 19:39:12.425810
u001390,c009388,1.0,2025-06-06 23:31:12.348417
u001390,c007511,1.0,2025-08-10 12:37:33.305892
u001390,c007469,1.0,2025-08-23 09:59:48.217001
u001390,c007399,1.0,2025-08-26 22:47:01.033662
u001390,c007494,1.0,2025-09-28 07:07:20.344983
u001390,c008685,1.0,2025-10-14 16:32:28.176053
u001391,c008965,1.0,2024-11-17 21:45:18.658696
u001391,c008727,1.0,2024-11-26 17:31:30.206388
u001391,c009591,1.0,2025-03-20 12:17:04.311745
u001391,c009462,1.0,2025-03-26 04:15:30.952999
u001391,c009056,1.0,2025-04-28 12:39:57.655127
u001391,c008590,1.0,2025-05-17 13:21:53.873955
u001391,c008610,1.0,2025-05-24 06:25:06.463583
u001391,c009559,1.0,2025-06-08 04:53:40.749166
u001391,c009243,1.0,2025-08-18 20:08:01.882378
u001391,c009015,1.0,2025-08-31 16:08:45.603487
u001391,c009032,1.0,2025-09-11 19:46:33.249413
u001391,c009171,1.0,2025-09-24 06:29:21.114641
u001391,c009260,1.0,2025-10-11 07:48:00.843510
u001391,c008910,1.0,2025-10-26 04:37:35.815021
u001392,c009592,1.0,2024-11-19 22:23:07.269447
u001392,c006144,1.0,2025-01-07 13:40:25.617420
u001392,c008495,1.0,2025-02-03 08:10:59.876750
u001392,c009103,1.0,2025-02-27 09:18:23.306521
u001392,c009553,1.0,2025-06-23 08:39:52.765159
u001392,c009251,1.0,2025-07-05 14:49:02.489512
u001392,c008873,1.0,2025-08-15 14:38:03.985584
u001392,c009132,1.0,2025-08-18 23:49:46.947090
u001392,c009170,1.0,2025-08-20 19:25:34.196779
u001392,c008815,1.0,2025-09-12 18:02:28.413181
u001392,c008664,1.0,2025-09-15 00:25:16.033863
u001392,c007180,1.0,2025-10-12 06:52:15.865222
u001393,c006390,1.0,2024-12-02 09:42:04.335060
u001393,c009004,1.0,2024-12-27 17:55:36.051128
u001393,c009644,1.0,2025-03-04 14:41:27.654802
u001393,c008808,1.0,2025-07-29 20:54:54.933831
u001394,c008808,1.0,2024-12-14 05:12:38.904702
u001394,c009004,1.0,2025-03-30 22:21:12.170369
u001394,c009199,1.0,2025-07-01 02:35:23.304794
u001395,c009097,1.0,2024-12-03 20:36:07.831212
u001395,c009387,1.0,2024-12-07 09:49:04.523784
u001395,c009656,1.0,2024-12-26 09:28:01.915737
u001395,c008586,1.0,2025-06-27 23:14:00.786243
u001395,c008992,1.0,2025-06-29 00:47:38.493511
u001395,c009307,1.0,2025-07-17 01:44:23.556953
u001395,c008998,1.0,2025-09-03 01:57:20.944228
u001395,c009507,1.0,2025-09-28 04:18:03.456546
u001396,c007195,1.0,2025-03-13 03:42:42.815529
u001396,c009012,1.0,2025-03-14 05:07:33.078902
u001396,c008484,1.0,2025-06-24 11:24:38.004954
u001396,c007762,1.0,2025-09-21 22:25:13.168010
u001397,c006304,1.0,2024-12-03 21:36:16.089727
u001397,c006006,1.0,2024-12-28 06:18:52.940812
u001397,c009023,1.0,2025-01-05 12:04:36.524798
u001397,c009467,1.0,2025-01-21 13:49:58.816314
u001397,c009048,1.0,2025-02-07 19:05:46.543423
u001397,c008648,1.0,2025-04-08 01:08:43.504945
u001397,c006231,1.0,2025-05-23 13:06:04.768873
u001397,c007967,1.0,2025-06-09 23:30:40.755181
u001397,c006489,1.0,2025-06-14 14:59:17.564804
u001397,c006878,1.0,2025-09-02 16:10:24.834589
u001397,c008586,1.0,2025-09-07 23:48:54.464047
u001397,c007916,1.0,2025-10-03 07:35:28.513855
u001398,c008624,1.0,2025-01-12 17:15:00.106386
u001398,c009156,1.0,2025-01-29 17:01:36.926726
u001398,c009295,1.0,2025-02-19 19:18:28.684714
u001398,c009002,1.0,2025-03-05 03:46:44.695372
u001398,c009375,1.0,2025-03-31 14:14:57.741714
u001398,c009253,1.0,2025-04-22 01:10:22.162201
u001398,c008928,1.0,2025-05-05 22:00:19.686081
u001398,c008705,1.0,2025-05-06 09:35:58.491357
u001398,c009052,1.0,2025-06-07 23:30:58.706682
u001398,c009464,1.0,2025-08-23 21:01:09.923992
u001398,c008531,1.0,2025-09-13 01:57:18.733898
u001398,c008881,1.0,2025-09-20 05:32:17.869427
u001398,c008568,1.0,2025-09-25 03:45:21.991095
u001398,c009335,1.0,2025-10-02 15:30:47.963693
u001399,c006822,1.0,2024-11-07 02:45:05.222978
u001399,c006751,1.0,2024-12-02 00:58:55.497844
u001399,c008787,1.0,2024-12-02 20:00:21.830479
u001399,c006139,1.0,2025-01-06 05:26:33.496524
u001399,c006708,1.0,2025-03-07 04:18:09.510632
u001399,c006169,1.0,2025-05-21 06:04:31.700169
u001399,c008800,1.0,2025-09-16 21:49:25.643100
u001399,c006493,1.0,2025-10-03 13:27:29.005746
u001399,c006027,1.0,2025-10-29 23:21:34.343020
u001400,c007595,1.0,2024-11-08 11:16:47.420906
u001400,c009013,1.0,2024-12-07 22:10:25.095686
u001400,c007497,1.0,2024-12-16 15:17:06.702042
u001400,c009395,1.0,2025-02-19 21:21:20.062783
u001400,c009324,1.0,2025-03-06 04:12:45.459753
u001400,c008708,1.0,2025-04-11 13:36:56.594828
u001400,c007966,1.0,2025-04-15 13:45:20.195610
u001400,c008545,1.0,2025-04-28 07:10:50.656026
u001400,c007224,1.0,2025-05-31 20:56:27.175253
u001400,c008809,1.0,2025-06-29 10:36:21.033977
u001400,c008566,1.0,2025-07-03 10:40:10.613981
u001400,c008983,1.0,2025-07-21 13:55:55.939857
u001400,c009546,1.0,2025-08-01 06:12:52.586638
u001400,c008852,1.0,2025-08-18 19:37:06.508820
u001400,c007245,1.0,2025-09-29 23:29:21.235195
u001401,c008490,1.0,2024-11-13 16:05:45.032602
u001401,c009012,1.0,2025-01-30 16:59:44.866507
u001401,c008601,1.0,2025-02-08 17:09:26.363066
u001401,c008871,1.0,2025-02-19 17:32:01.250456
u001401,c008996,1.0,2025-04-27 12:55:42.294728
u001401,c009144,1.0,2025-05-01 04:38:51.647341
u001401,c008572,1.0,2025-05-12 22:57:36.726656
u001401,c008825,1.0,2025-05-28 04:47:29.470836
u001401,c009553,1.0,2025-07-06 10:30:24.057086
u001401,c008764,1.0,2025-07-07 08:30:19.618285
u001401,c009126,1.0,2025-07-13 12:54:32.928045
u001401,c008539,1.0,2025-07-27 16:46:36.771079
u001401,c008713,1.0,2025-08-23 20:36:18.605470
u001401,c009063,1.0,2025-09-01 22:55:54.993334
u001401,c008577,1.0,2025-09-25 14:15:45.670913
u001402,c009106,1.0,2024-11-15 06:28:27.099317
u001402,c007120,1.0,2025-01-30 22:34:23.956504
u001402,c008643,1.0,2025-04-06 19:43:37.097211
u001402,c008981,1.0,2025-08-31 07:28:02.008082
u001403,c008602,1.0,2024-11-12 10:51:42.067640
u001403,c008866,1.0,2024-11-15 01:21:16.071861
u001403,c008987,1.0,2024-12-02 08:06:15.533474
u001403,c008985,1.0,2025-01-19 01:26:20.754261
u001403,c009365,1.0,2025-04-20 16:52:22.841065
u001403,c008478,1.0,2025-05-15 05:35:30.586019
u001403,c006562,1.0,2025-06-06 09:55:29.405518
u001403,c009006,1.0,2025-06-11 17:51:39.258507
u001403,c008795,1.0,2025-06-15 02:31:55.079361
u001403,c009603,1.0,2025-07-26 23:34:15.979084
u001403,c008509,1.0,2025-07-29 21:12:05.329552
u001403,c009158,1.0,2025-08-11 09:13:01.080256
u001403,c009207,1.0,2025-08-30 02:49:47.673337
u001403,c009391,1.0,2025-10-18 03:09:58.857378
u001403,c008505,1.0,2025-10-27 02:34:31.447874
u001404,c009466,1.0,2024-11-11 01:58:57.842682
u001404,c009521,1.0,2025-01-25 08:22:35.389404
u001404,c009212,1.0,2025-05-11 09:07:06.681175
u001404,c009002,1.0,2025-09-04 09:49:11.891069
u001404,c009185,1.0,2025-09-13 17:15:46.343748
u001405,c008572,1.0,2024-12-16 21:49:33.753190
u001405,c008839,1.0,2025-04-04 21:39:18.347128
u001405,c008873,1.0,2025-06-10 19:13:57.930937
u001406,c009236,1.0,2025-01-04 23:28:27.963879
u001406,c009653,1.0,2025-02-06 08:48:24.411707
u001406,c008871,1.0,2025-03-02 22:18:15.895211
u001406,c009012,1.0,2025-03-22 08:57:14.507302
u001406,c009136,1.0,2025-04-27 01:45:05.581255
u001406,c006385,1.0,2025-05-11 18:18:34.866053
u001406,c009415,1.0,2025-05-21 10:20:24.688073
u001406,c008682,1.0,2025-07-22 15:35:26.885174
u001407,c009153,1.0,2024-11-26 17:41:22.971099
u001407,c009360,1.0,2025-07-20 20:52:15.621055
u001407,c009005,1.0,2025-09-24 09:59:10.650066
u001407,c008572,1.0,2025-10-13 20:02:40.014398
u001408,c009126,1.0,2024-11-19 15:41:26.406382
u001408,c008572,1.0,2025-02-11 02:59:33.823553
u001408,c009303,1.0,2025-02-25 15:07:33.633951
u001408,c009553,1.0,2025-03-19 06:25:05.969647
u001408,c008839,1.0,2025-05-21 19:56:35.180870
u001408,c008504,1.0,2025-06-16 10:01:33.351513
u001408,c009403,1.0,2025-07-18 14:54:15.131771
u001408,c008833,1.0,2025-09-06 13:26:46.179257
u001408,c008782,1.0,2025-11-02 05:40:06.305345
u001409,c008574,1.0,2025-01-16 14:55:59.845393
u001409,c008496,1.0,2025-02-01 10:46:13.442507
u001409,c008808,1.0,2025-03-01 17:19:17.456215
u001409,c008575,1.0,2025-03-31 12:21:06.205613
u001409,c009226,1.0,2025-05-03 00:55:03.238678
u001409,c009446,1.0,2025-06-28 22:28:36.028820
u001410,c008751,1.0,2024-12-21 05:34:54.147629
u001410,c008760,1.0,2025-01-30 22:35:29.946815
u001410,c009558,1.0,2025-03-09 07:00:17.768025
u001410,c007366,1.0,2025-06-22 08:00:09.224288
u001410,c008808,1.0,2025-08-18 10:49:52.530329
u001410,c009075,1.0,2025-09-05 22:27:42.768883
u001411,c009232,1.0,2024-12-20 13:58:33.585356
u001411,c009364,1.0,2025-03-01 08:23:12.810319
u001411,c009001,1.0,2025-04-07 11:15:38.357055
u001411,c009127,1.0,2025-07-02 06:55:49.742997
u001411,c008996,1.0,2025-07-07 05:18:11.277079
u001411,c009028,1.0,2025-07-20 05:50:58.146602
u001411,c009227,1.0,2025-07-31 05:14:03.339806
u001412,c009040,1.0,2024-11-24 07:47:27.537410
u001412,c007885,1.0,2025-01-23 07:41:05.994313
u001412,c008086,1.0,2025-01-25 15:23:28.715086
u001412,c007898,1.0,2025-04-09 05:18:22.961759
u001412,c008350,1.0,2025-05-15 13:01:42.722857
u001412,c007838,1.0,2025-05-28 17:01:42.130322
u001412,c007916,1.0,2025-07-04 13:26:10.679968
u001412,c009046,1.0,2025-07-17 06:34:29.784470
u001412,c008176,1.0,2025-09-10 21:19:51.580381
u001412,c007991,1.0,2025-09-14 22:41:49.864293
u001412,c006830,1.0,2025-09-26 18:19:32.889280
u001412,c008070,1.0,2025-09-27 05:57:26.478477
u001412,c006859,1.0,2025-10-11 06:19:42.813470
u001412,c008398,1.0,2025-10-21 06:45:31.862662
u001413,c008782,1.0,2024-11-11 06:40:16.824969
u001413,c009564,1.0,2024-11-14 07:05:46.910016
u001413,c008971,1.0,2024-11-27 04:46:10.970778
u001413,c009646,1.0,2024-12-07 17:24:55.914361
u001413,c009544,1.0,2025-01-11 17:16:03.709658
u001413,c008858,1.0,2025-03-11 04:57:01.258172
u001413,c009359,1.0,2025-06-10 15:10:46.257436
u001413,c008873,1.0,2025-06-27 21:10:59.337536
u001413,c008763,1.0,2025-08-02 15:34:23.265058
u001413,c009272,1.0,2025-08-23 11:52:07.453934
u001413,c008577,1.0,2025-08-23 21:04:26.267008
u001413,c009150,1.0,2025-09-11 12:46:47.723887
u001413,c009592,1.0,2025-09-19 23:47:17.271235
u001414,c008958,1.0,2024-11-11 10:59:07.681021
u001414,c009097,1.0,2024-12-20 23:25:06.880557
u001414,c006162,1.0,2025-03-16 12:24:44.907817
u001414,c009218,1.0,2025-05-18 19:48:40.876364
u001414,c008838,1.0,2025-05-21 16:25:14.080994
u001414,c009210,1.0,2025-06-01 22:26:49.607401
u001414,c008875,1.0,2025-06-18 20:16:46.300283
u001414,c009107,1.0,2025-06-27 14:17:46.408831
u001414,c007013,1.0,2025-06-29 19:23:08.212725
u001414,c009262,1.0,2025-07-16 09:53:43.506010
u001414,c009251,1.0,2025-08-14 09:31:48.370987
u001414,c008463,1.0,2025-08-30 04:40:29.876735
u001415,c008806,1.0,2024-11-17 14:38:05.016964
u001415,c009075,1.0,2024-12-07 12:30:56.909603
u001415,c009119,1.0,2024-12-18 15:05:53.293584
u001415,c006063,1.0,2025-01-06 10:32:09.081445
u001415,c008603,1.0,2025-01-17 00:31:22.029143
u001415,c009337,1.0,2025-02-08 08:51:54.024752
u001415,c009602,1.0,2025-03-26 14:46:06.703382
u001415,c009521,1.0,2025-04-13 12:53:36.982453
u001415,c008559,1.0,2025-05-05 03:26:22.322177
u001415,c009047,1.0,2025-08-13 18:47:13.542945
u001415,c008633,1.0,2025-10-09 07:07:52.016611
u001415,c009339,1.0,2025-10-28 07:52:42.338015
u001416,c009221,1.0,2024-12-18 09:53:29.063040
u001416,c006590,1.0,2025-01-17 04:01:11.667781
u001416,c009212,1.0,2025-02-22 18:26:10.888306
u001416,c009199,1.0,2025-03-16 20:12:43.774655
u001416,c008601,1.0,2025-03-20 22:37:17.210549
u001416,c006135,1.0,2025-06-13 19:15:34.210317
u001416,c007854,1.0,2025-06-22 00:52:40.051444
u001416,c008608,1.0,2025-07-08 12:25:26.492277
u001416,c007967,1.0,2025-07-13 18:48:18.038344
u001416,c006114,1.0,2025-08-11 14:10:09.286893
u001416,c009064,1.0,2025-09-05 09:22:06.150324
u001416,c008751,1.0,2025-09-21 04:02:35.987999
u001416,c008977,1.0,2025-10-18 11:51:43.461730
u001417,c006133,1.0,2025-01-12 21:25:44.707662
u001417,c006521,1.0,2025-02-14 14:47:38.500904
u001417,c009468,1.0,2025-03-31 15:26:43.163979
u001417,c008534,1.0,2025-04-06 04:29:10.365527
u001417,c009497,1.0,2025-06-25 15:41:42.844155
u001417,c006165,1.0,2025-07-26 04:16:45.660898
u001417,c008764,1.0,2025-08-18 15:03:56.939963
u001417,c006647,1.0,2025-08-20 00:38:09.076348
u001417,c008579,1.0,2025-09-08 22:27:11.555713
u001417,c008655,1.0,2025-09-20 12:39:38.000365
u001418,c009568,1.0,2024-11-09 23:23:03.108389
u001418,c009429,1.0,2024-12-16 02:15:13.634990
u001418,c009600,1.0,2024-12-20 22:08:56.790650
u001418,c007379,1.0,2024-12-28 17:47:40.886519
u001418,c008475,1.0,2025-01-17 15:00:24.309615
u001418,c008793,1.0,2025-01-28 20:30:12.427800
u001418,c008588,1.0,2025-03-01 19:56:02.679757
u001418,c009440,1.0,2025-03-02 20:55:43.518765
u001418,c009570,1.0,2025-03-15 08:45:32.632418
u001418,c008740,1.0,2025-06-28 11:16:37.336659
u001418,c009413,1.0,2025-07-21 07:16:03.803800
u001418,c008494,1.0,2025-09-16 20:47:07.199774
u001418,c009196,1.0,2025-09-18 07:14:21.790502
u001418,c008923,1.0,2025-09-19 00:11:24.726408
u001418,c009210,1.0,2025-10-08 04:18:07.485450
u001419,c006406,1.0,2024-11-08 06:34:36.698762
u001419,c006887,1.0,2024-12-14 00:59:02.585578
u001419,c007123,1.0,2025-02-09 23:26:50.899387
u001419,c006401,1.0,2025-03-16 13:59:59.512859
u001419,c006556,1.0,2025-03-27 02:52:04.950717
u001419,c006072,1.0,2025-05-25 09:17:24.615384
u001419,c006222,1.0,2025-05-28 23:37:00.772868
u001419,c006202,1.0,2025-06-18 02:00:22.467010
u001419,c007062,1.0,2025-06-21 22:29:28.580049
u001419,c006336,1.0,2025-07-24 13:22:20.193622
u001419,c006523,1.0,2025-08-11 05:57:17.071717
u001419,c006056,1.0,2025-09-29 08:12:09.448915
u001420,c008815,1.0,2024-11-13 13:28:16.365987
u001420,c009080,1.0,2025-04-28 12:17:55.038138
u001420,c008808,1.0,2025-04-29 07:57:04.036167
u001420,c008751,1.0,2025-07-14 18:20:11.633001
u001420,c008968,1.0,2025-07-24 18:11:36.368574
u001421,c006135,1.0,2025-02-01 21:39:05.120438
u001421,c006158,1.0,2025-04-27 17:37:16.475834
u001421,c008872,1.0,2025-05-07 12:41:51.848347
u001421,c006970,1.0,2025-05-26 09:51:12.741455
u001421,c009057,1.0,2025-07-23 22:14:12.992130
u001421,c007055,1.0,2025-08-25 10:59:30.568922
u001422,c007686,1.0,2024-11-29 23:12:08.282070
u001422,c006637,1.0,2025-01-09 15:54:37.054367
u001422,c008589,1.0,2025-01-19 14:31:25.262050
u001422,c007369,1.0,2025-02-20 14:05:09.572695
u001422,c008562,1.0,2025-07-04 19:34:39.334126
u001422,c007449,1.0,2025-07-16 01:52:24.525013
u001422,c009304,1.0,2025-08-13 07:14:22.118734
u001422,c007108,1.0,2025-08-22 07:18:29.502780
u001422,c007460,1.0,2025-08-23 12:19:04.524128
u001422,c006289,1.0,2025-09-02 08:44:34.505326
u001423,c009433,1.0,2024-11-07 23:08:36.140433
u001423,c006559,1.0,2024-11-18 00:55:47.426405
u001423,c009227,1.0,2024-11-18 23:09:17.681223
u001423,c009049,1.0,2025-01-14 00:38:24.687459
u001423,c008541,1.0,2025-02-01 23:40:59.767141
u001423,c009028,1.0,2025-02-27 12:17:40.836393
u001423,c008996,1.0,2025-03-06 17:18:12.072310
u001423,c008912,1.0,2025-03-27 12:35:23.995503
u001423,c009232,1.0,2025-04-11 05:42:30.475401
u001423,c009364,1.0,2025-08-28 16:45:02.130684
u001423,c009398,1.0,2025-09-01 14:59:41.775385
u001423,c009250,1.0,2025-10-12 01:02:12.050873
u001423,c008987,1.0,2025-10-14 03:14:58.690072
u001424,c007991,1.0,2024-11-22 09:00:21.995458
u001424,c006909,1.0,2024-12-06 10:53:42.313932
u001424,c008024,1.0,2024-12-25 01:19:44.254345
u001424,c007246,1.0,2024-12-26 21:42:51.751106
u001424,c008301,1.0,2025-01-11 13:10:51.240161
u001424,c006615,1.0,2025-05-25 01:37:10.362223
u001424,c007367,1.0,2025-06-01 15:16:32.560708
u001424,c006235,1.0,2025-06-11 01:11:47.666349
u001424,c007023,1.0,2025-06-13 01:54:45.051200
u001424,c007170,1.0,2025-08-27 01:51:23.673168
u001424,c006100,1.0,2025-10-12 04:26:39.456197
u001424,c007838,1.0,2025-10-14 13:39:04.758410
u001425,c008639,1.0,2024-11-28 14:07:50.623356
u001425,c009004,1.0,2025-04-26 15:29:21.444096
u001425,c008462,1.0,2025-09-15 10:55:45.252927
u001425,c008808,1.0,2025-10-26 04:22:59.933214
u001426,c006770,1.0,2024-11-15 07:31:06.723640
u001426,c008601,1.0,2024-12-12 14:54:48.470825
u001426,c006465,1.0,2025-03-15 02:49:13.326445
u001426,c008977,1.0,2025-04-26 06:27:20.511507
u001426,c006615,1.0,2025-05-01 07:14:27.121140
u001426,c008951,1.0,2025-09-24 18:25:14.487554
u001427,c008009,1.0,2024-11-11 14:36:17.761831
u001427,c009086,1.0,2024-11-22 03:37:34.502035
u001427,c009363,1.0,2025-01-18 05:43:34.040398
u001427,c007969,1.0,2025-09-05 11:13:05.222257
u001427,c009004,1.0,2025-10-08 12:38:23.898660
u001427,c008760,1.0,2025-10-22 08:18:42.693563
u001427,c008808,1.0,2025-10-27 19:30:32.243808
u001428,c009155,1.0,2024-11-20 17:04:35.961421
u001428,c006920,1.0,2025-01-14 19:39:37.495462
u001428,c006531,1.0,2025-02-04 14:54:22.056326
u001428,c006030,1.0,2025-02-17 11:53:24.698369
u001428,c006052,1.0,2025-02-19 09:40:16.245685
u001428,c006268,1.0,2025-04-02 14:55:15.006071
u001428,c007434,1.0,2025-05-01 20:40:17.126171
u001428,c007238,1.0,2025-05-23 06:29:47.194305
u001428,c006684,1.0,2025-07-16 21:29:03.037681
u001428,c006490,1.0,2025-09-08 23:01:15.319864
u001428,c007109,1.0,2025-09-27 21:09:47.731960
u001428,c006034,1.0,2025-10-19 21:04:22.612818
u001429,c007149,1.0,2025-01-10 20:48:05.829393
u001429,c008473,1.0,2025-03-11 13:10:52.607430
u001429,c009307,1.0,2025-04-10 18:38:21.642044
u001429,c006351,1.0,2025-05-06 02:28:10.808864
u001429,c005998,1.0,2025-06-01 04:00:56.555650
u001429,c006068,1.0,2025-06-14 03:54:31.297889
u001429,c006052,1.0,2025-06-25 03:59:31.551310
u001429,c009502,1.0,2025-08-02 20:57:48.097105
u001429,c008516,1.0,2025-08-12 15:45:39.776140
u001429,c008614,1.0,2025-08-19 06:54:05.815230
u001429,c006943,1.0,2025-08-23 20:30:17.991319
u001429,c006214,1.0,2025-09-01 02:39:46.329330
u001430,c009210,1.0,2025-01-06 19:28:57.681969
u001430,c008691,1.0,2025-02-11 11:24:19.343509
u001430,c009218,1.0,2025-02-18 14:42:51.257093
u001430,c006490,1.0,2025-02-26 08:14:24.015159
u001430,c007356,1.0,2025-03-12 00:02:00.590394
u001430,c009344,1.0,2025-04-18 22:58:23.426558
u001430,c008507,1.0,2025-04-30 16:38:29.485676
u001430,c008581,1.0,2025-05-01 09:44:14.298959
u001430,c009186,1.0,2025-07-07 14:35:58.118876
u001430,c007621,1.0,2025-10-05 15:07:16.921165
u001430,c009055,1.0,2025-11-01 17:40:56.374972
u001431,c007972,1.0,2024-11-29 12:06:54.749480
u001431,c006028,1.0,2025-04-14 03:27:55.858369
u001431,c006221,1.0,2025-05-06 04:05:34.659079
u001431,c008896,1.0,2025-06-24 20:23:02.755887
u001431,c009475,1.0,2025-08-25 02:50:32.737692
u001432,c008498,1.0,2025-03-20 10:30:47.047259
u001432,c008971,1.0,2025-04-09 03:50:34.211078
u001432,c009210,1.0,2025-04-19 17:55:22.860474
u001432,c009487,1.0,2025-08-31 19:23:43.585308
u001432,c008959,1.0,2025-09-12 09:22:36.531600
u001432,c009218,1.0,2025-09-20 01:16:04.387549
u001433,c008643,1.0,2024-12-04 22:06:05.400947
u001433,c008761,1.0,2025-02-06 18:06:20.153729
u001433,c008545,1.0,2025-03-16 06:56:36.141024
u001433,c009398,1.0,2025-04-05 14:30:07.840550
u001433,c008688,1.0,2025-04-19 11:11:51.165314
u001433,c009049,1.0,2025-05-14 19:01:22.977665
u001433,c008875,1.0,2025-08-10 04:51:41.328065
u001433,c009194,1.0,2025-08-27 22:35:12.786950
u001433,c009364,1.0,2025-09-07 02:46:25.461967
u001433,c008779,1.0,2025-10-04 22:01:20.430006
u001433,c008628,1.0,2025-10-20 23:12:31.817068
u001433,c009212,1.0,2025-11-06 01:15:00.160420
u001434,c009004,1.0,2025-01-01 10:55:12.965994
u001434,c008655,1.0,2025-02-04 22:08:17.921610
u001434,c009290,1.0,2025-04-03 08:02:34.166420
u001434,c006483,1.0,2025-05-14 10:19:55.595615
u001434,c009385,1.0,2025-05-19 15:59:19.109327
u001434,c009557,1.0,2025-05-22 11:59:26.671869
u001434,c008948,1.0,2025-05-26 07:08:59.513504
u001434,c009382,1.0,2025-06-29 03:39:52.954345
u001434,c009438,1.0,2025-07-09 03:49:17.797221
u001434,c009644,1.0,2025-07-09 05:51:35.455162
u001434,c009421,1.0,2025-07-31 21:17:27.228113
u001434,c008777,1.0,2025-10-14 22:27:47.563272
u001435,c009526,1.0,2024-11-25 03:05:28.573210
u001435,c008601,1.0,2025-03-19 07:09:57.310110
u001435,c008884,1.0,2025-04-17 06:27:14.965461
u001435,c009232,1.0,2025-06-09 12:12:42.688393
u001435,c009558,1.0,2025-07-10 19:37:08.767795
u001435,c008720,1.0,2025-07-13 15:33:41.280023
u001435,c008628,1.0,2025-08-25 18:18:19.925869
u001435,c008737,1.0,2025-09-24 04:49:18.538237
u001436,c006037,1.0,2024-12-16 20:42:10.432080
u001436,c007169,1.0,2025-08-11 14:06:22.664316
u001436,c009533,1.0,2025-08-23 10:16:03.556707
u001437,c006032,1.0,2024-11-27 01:48:47.242159
u001437,c006095,1.0,2025-01-27 05:17:32.572372
u001437,c008484,1.0,2025-02-02 07:50:56.901165
u001437,c008596,1.0,2025-03-02 09:49:24.401333
u001437,c008691,1.0,2025-06-14 15:35:01.447381
u001437,c008731,1.0,2025-07-05 19:36:34.929417
u001437,c009213,1.0,2025-08-19 02:28:11.250211
u001437,c009416,1.0,2025-10-14 00:23:44.545057
u001438,c009123,1.0,2024-11-10 07:16:01.044638
u001438,c008833,1.0,2024-11-26 07:23:38.302053
u001438,c009294,1.0,2024-11-29 09:05:01.170543
u001438,c008779,1.0,2024-12-03 10:04:20.072529
u001438,c009204,1.0,2025-02-14 04:48:20.506597
u001438,c009065,1.0,2025-03-02 03:31:31.756699
u001438,c009205,1.0,2025-04-02 12:23:26.578022
u001438,c008785,1.0,2025-04-03 20:43:17.236888
u001438,c009566,1.0,2025-05-24 15:33:16.688819
u001438,c008626,1.0,2025-05-25 04:54:44.163293
u001438,c009473,1.0,2025-08-29 07:53:05.491044
u001438,c009228,1.0,2025-09-08 10:55:32.500875
u001438,c009226,1.0,2025-10-30 17:43:21.847695
u001439,c008577,1.0,2024-11-13 10:29:54.379739
u001439,c009354,1.0,2025-01-27 20:48:48.260905
u001439,c009457,1.0,2025-03-12 02:23:55.161371
u001439,c008595,1.0,2025-03-13 06:05:53.908271
u001439,c009553,1.0,2025-03-14 07:22:21.477625
u001439,c009653,1.0,2025-03-16 03:55:57.415099
u001439,c007621,1.0,2025-04-09 19:13:53.255550
u001439,c008682,1.0,2025-05-31 06:10:12.061155
u001439,c009268,1.0,2025-07-22 08:48:06.327989
u001439,c008790,1.0,2025-07-27 23:47:35.575985
u001439,c009136,1.0,2025-07-30 13:21:31.779786
u001439,c009435,1.0,2025-08-30 05:06:50.587898
u001440,c009054,1.0,2024-12-08 08:59:57.160896
u001440,c008808,1.0,2024-12-10 12:16:39.624158
u001440,c009139,1.0,2025-01-06 21:56:49.452844
u001441,c008681,1.0,2024-12-02 20:12:31.283203
u001441,c008496,1.0,2025-01-01 20:23:18.881187
u001441,c008736,1.0,2025-01-16 12:27:35.964065
u001441,c008676,1.0,2025-02-13 04:35:49.919921
u001441,c006018,1.0,2025-02-17 20:31:39.071553
u001441,c008790,1.0,2025-02-18 03:53:08.984116
u001441,c008635,1.0,2025-05-17 05:13:56.860654
u001441,c009210,1.0,2025-07-04 21:59:51.397573
u001441,c008706,1.0,2025-08-11 15:19:21.233404
u001441,c008603,1.0,2025-08-30 08:49:22.785860
u001441,c007863,1.0,2025-09-03 17:55:17.166439
u001441,c009429,1.0,2025-09-15 23:56:52.459620
u001441,c008252,1.0,2025-10-18 04:05:11.922792
u001441,c009136,1.0,2025-10-27 03:28:21.184882
u001441,c007883,1.0,2025-11-04 08:46:23.830711
u001442,c009290,1.0,2024-12-04 04:30:15.366579
u001442,c008989,1.0,2025-03-26 12:04:23.365043
u001442,c009497,1.0,2025-05-08 13:14:58.778915
u001442,c008477,1.0,2025-06-03 15:40:58.657600
u001442,c008642,1.0,2025-07-23 09:28:41.352876
u001442,c008957,1.0,2025-08-07 06:39:23.718358
u001442,c008655,1.0,2025-08-23 09:52:49.264252
u001442,c008641,1.0,2025-09-03 14:25:44.585170
u001442,c008808,1.0,2025-10-24 20:44:38.434598
u001442,c008948,1.0,2025-11-01 01:57:36.738799
u001442,c008764,1.0,2025-11-02 04:53:00.286861
u001443,c009539,1.0,2025-07-09 22:27:03.471011
u001443,c007883,1.0,2025-07-16 12:19:11.067501
u001443,c008252,1.0,2025-10-17 12:29:35.119843
u001444,c008808,1.0,2025-02-03 10:02:57.900055
u001444,c009004,1.0,2025-07-29 22:42:04.904193
u001444,c008989,1.0,2025-10-12 17:43:02.008160
u001445,c009437,1.0,2024-11-25 13:08:56.677743
u001445,c009002,1.0,2025-01-17 00:59:13.798506
u001445,c009475,1.0,2025-03-29 16:33:15.509536
u001445,c008740,1.0,2025-04-01 15:28:43.982069
u001445,c009184,1.0,2025-05-29 13:38:27.974634
u001445,c008568,1.0,2025-07-06 11:26:24.283295
u001446,c009556,1.0,2025-03-14 19:24:27.221883
u001446,c008826,1.0,2025-06-06 20:46:51.517899
u001446,c008528,1.0,2025-06-15 16:56:50.812254
u001446,c009238,1.0,2025-07-27 21:51:51.856162
u001447,c008938,1.0,2024-11-08 09:44:44.640416
u001447,c001759,1.0,2024-11-13 05:17:46.067573
u001447,c008593,1.0,2024-12-18 19:17:01.254402
u001447,c008859,1.0,2025-01-06 10:10:52.325262
u001447,c009074,1.0,2025-04-02 07:48:25.373202
u001447,c007008,1.0,2025-04-06 19:01:26.667898
u001447,c009476,1.0,2025-06-08 18:21:30.630233
u001447,c009304,1.0,2025-06-16 17:52:13.951541
u001447,c009418,1.0,2025-06-25 17:21:53.000463
u001447,c008566,1.0,2025-07-04 21:42:27.002764
u001447,c009340,1.0,2025-07-30 07:41:30.055618
u001447,c008808,1.0,2025-09-12 20:51:26.879512
u001447,c009444,1.0,2025-10-26 21:22:52.590123
u001448,c007245,1.0,2024-12-25 10:32:24.398889
u001448,c008463,1.0,2025-01-31 17:14:58.391168
u001448,c007440,1.0,2025-03-16 00:15:46.654751
u001448,c007376,1.0,2025-04-22 09:28:12.305988
u001448,c007590,1.0,2025-07-19 16:04:32.332792
u001448,c007206,1.0,2025-09-30 05:51:12.635897
u001449,c008760,1.0,2024-11-13 18:29:57.731925
u001449,c008558,1.0,2024-11-28 20:54:54.828381
u001449,c008872,1.0,2024-11-30 00:37:23.338485
u001449,c008968,1.0,2024-12-14 03:24:47.013559
u001449,c009135,1.0,2024-12-15 12:04:39.753884
u001449,c009012,1.0,2025-01-13 09:56:29.495689
u001449,c008989,1.0,2025-02-22 22:00:08.828372
u001449,c009558,1.0,2025-04-14 02:37:28.294129
u001449,c009611,1.0,2025-06-22 23:45:23.220480
u001449,c007560,1.0,2025-06-25 01:53:26.859930
u001449,c008808,1.0,2025-07-16 16:15:42.040212
u001449,c007883,1.0,2025-07-26 22:54:37.829663
u001449,c009051,1.0,2025-09-29 14:11:13.857640
u001449,c008495,1.0,2025-10-29 19:06:52.193946
u001450,c009088,1.0,2025-01-10 17:39:26.608802
u001450,c008685,1.0,2025-02-16 02:01:25.093452
u001450,c008709,1.0,2025-02-23 18:03:08.617791
u001450,c009027,1.0,2025-04-04 12:31:22.096285
u001450,c008603,1.0,2025-06-10 05:45:01.178486
u001450,c009317,1.0,2025-06-29 10:39:17.076656
u001450,c006698,1.0,2025-06-29 10:56:03.238244
u001450,c008894,1.0,2025-07-06 21:52:39.364253
u001450,c009612,1.0,2025-08-12 12:43:31.778377
u001450,c009502,1.0,2025-09-15 02:05:33.373395
u001450,c009511,1.0,2025-09-15 10:39:29.265812
u001450,c009375,1.0,2025-10-28 23:22:08.706346
u001450,c009265,1.0,2025-11-04 11:16:25.800950
u001451,c006351,1.0,2025-04-23 17:45:14.504886
u001451,c006039,1.0,2025-06-22 13:01:29.381898
u001451,c007037,1.0,2025-09-05 06:24:09.168169
u001451,c007109,1.0,2025-10-24 19:22:05.065309
u001452,c006487,1.0,2024-11-16 10:47:46.145431
u001452,c008586,1.0,2025-01-02 04:25:13.190624
u001452,c007246,1.0,2025-01-11 15:46:21.701236
u001452,c006431,1.0,2025-03-05 05:58:11.547649
u001452,c006350,1.0,2025-04-27 14:25:05.304250
u001452,c006116,1.0,2025-05-26 08:30:44.485963
u001452,c009189,1.0,2025-06-14 21:02:47.500145
u001452,c006723,1.0,2025-06-22 11:37:18.639197
u001452,c006783,1.0,2025-07-01 21:18:11.098484
u001452,c006855,1.0,2025-07-08 21:12:44.674421
u001452,c008811,1.0,2025-07-15 15:51:32.744950
u001452,c006173,1.0,2025-07-20 15:02:02.341077
u001452,c008658,1.0,2025-07-29 04:08:38.219938
u001452,c006094,1.0,2025-09-23 04:06:24.938593
u001453,c009548,1.0,2024-11-21 03:29:13.031345
u001453,c009367,1.0,2025-01-29 14:15:45.910825
u001453,c006016,1.0,2025-02-02 16:01:46.687594
u001453,c006528,1.0,2025-04-16 21:40:33.141813
u001453,c008645,1.0,2025-07-10 12:17:03.136096
u001453,c009103,1.0,2025-09-20 16:47:00.261069
u001453,c008789,1.0,2025-09-24 14:31:51.815419
u001454,c008970,1.0,2025-01-09 23:04:57.035975
u001454,c007302,1.0,2025-04-18 23:29:02.749029
u001454,c007643,1.0,2025-05-07 15:29:05.658211
u001454,c007644,1.0,2025-06-02 05:06:35.266321
u001454,c007241,1.0,2025-06-20 16:13:34.198084
u001454,c007210,1.0,2025-08-16 00:46:56.487205
u001454,c008604,1.0,2025-09-23 23:53:22.200156
u001454,c007480,1.0,2025-10-17 08:44:35.834805
u001454,c008617,1.0,2025-11-04 04:14:10.581602
u001455,c008808,1.0,2024-12-21 07:17:33.028916
u001455,c009443,1.0,2025-01-08 13:57:55.646633
u001455,c008314,1.0,2025-01-09 22:39:10.719519
u001455,c008751,1.0,2025-01-31 01:26:59.150213
u001455,c008167,1.0,2025-03-08 02:45:33.926528
u001455,c009135,1.0,2025-06-14 01:15:50.645190
u001455,c008895,1.0,2025-10-14 18:25:38.006124
u001456,c009196,1.0,2024-11-15 22:41:45.647522
u001456,c006104,1.0,2024-12-28 12:10:53.041305
u001456,c006678,1.0,2024-12-31 08:40:00.201650
u001456,c009106,1.0,2025-04-02 21:04:05.203156
u001456,c009002,1.0,2025-04-06 21:08:35.155778
u001456,c008643,1.0,2025-05-19 23:54:26.290656
u001456,c007131,1.0,2025-06-26 00:40:29.761529
u001456,c006494,1.0,2025-07-25 08:03:10.964194
u001456,c009373,1.0,2025-08-03 20:25:51.961646
u001456,c006789,1.0,2025-08-10 02:08:23.170657
u001456,c006366,1.0,2025-08-11 01:07:31.728490
u001456,c008763,1.0,2025-08-12 02:35:34.108730
u001456,c006727,1.0,2025-08-26 14:03:48.398990
u001456,c008494,1.0,2025-10-02 20:13:05.120194
u001457,c008653,1.0,2024-11-14 02:59:30.101814
u001457,c008970,1.0,2025-01-25 21:57:36.199497
u001457,c009556,1.0,2025-02-20 09:38:43.952789
u001457,c009364,1.0,2025-05-14 00:03:52.375555
u001457,c008958,1.0,2025-05-25 15:58:35.708766
u001457,c008596,1.0,2025-08-29 06:07:33.160394
u001457,c009186,1.0,2025-09-03 04:48:15.600273
u001457,c009258,1.0,2025-10-02 08:17:47.121229
u001457,c009304,1.0,2025-10-21 14:54:47.242710
u001458,c009183,1.0,2024-12-09 00:26:31.010132
u001458,c009551,1.0,2025-06-14 05:12:53.854366
u001458,c009575,1.0,2025-07-02 06:05:07.311220
u001458,c009263,1.0,2025-10-24 05:20:35.707437
u001459,c006889,1.0,2024-11-29 02:46:12.564247
u001459,c006967,1.0,2025-01-14 10:22:47.198877
u001459,c006660,1.0,2025-01-16 04:04:26.367049
u001459,c006317,1.0,2025-02-27 05:58:24.678333
u001459,c006316,1.0,2025-05-01 05:30:15.501486
u001459,c006148,1.0,2025-06-15 16:54:20.241738
u001459,c006685,1.0,2025-06-16 10:34:33.109225
u001459,c006241,1.0,2025-10-23 08:02:13.570953
u001460,c009164,1.0,2024-11-13 16:03:12.758844
u001460,c008837,1.0,2024-12-10 06:24:43.863859
u001460,c008477,1.0,2024-12-21 11:02:21.649539
u001460,c009199,1.0,2025-09-10 18:05:28.525827
u001461,c008787,1.0,2024-12-14 22:09:20.741906
u001461,c008828,1.0,2024-12-29 21:15:11.638534
u001461,c009548,1.0,2025-01-11 17:01:16.590584
u001461,c009637,1.0,2025-03-28 05:01:55.186345
u001461,c008603,1.0,2025-04-21 23:47:22.964850
u001461,c008484,1.0,2025-05-22 10:25:05.105025
u001461,c009213,1.0,2025-06-05 07:16:24.358665
u001461,c008790,1.0,2025-06-24 09:43:25.641236
u001461,c008710,1.0,2025-08-01 06:06:46.778352
u001461,c009184,1.0,2025-09-22 15:54:48.145868
u001461,c009212,1.0,2025-10-01 14:34:42.370787
u001461,c009435,1.0,2025-10-09 15:11:58.582089
u001462,c008763,1.0,2024-11-17 11:09:50.103041
u001462,c009212,1.0,2024-12-10 23:09:03.905320
u001462,c009335,1.0,2025-01-13 06:03:35.086597
u001462,c009005,1.0,2025-02-12 08:48:54.386029
u001462,c008790,1.0,2025-06-23 16:27:20.105299
u001462,c006012,1.0,2025-07-09 20:55:21.484241
u001462,c008717,1.0,2025-09-22 21:23:14.923032
u001462,c008676,1.0,2025-10-27 08:33:42.131422
u001463,c009435,1.0,2024-12-24 19:06:57.712573
u001463,c009362,1.0,2024-12-27 09:17:06.924626
u001463,c008772,1.0,2025-01-01 18:12:05.753884
u001463,c009210,1.0,2025-04-06 14:34:32.207473
u001463,c008470,1.0,2025-05-17 19:06:24.010994
u001463,c009260,1.0,2025-06-23 02:42:18.673509
u001463,c009173,1.0,2025-08-22 20:12:41.455788
u001463,c008795,1.0,2025-09-11 17:14:00.432421
u001463,c008602,1.0,2025-09-26 19:09:50.018977
u001463,c009063,1.0,2025-09-30 10:01:06.376068
u001463,c006061,1.0,2025-10-25 22:52:36.747842
u001464,c008656,1.0,2024-11-14 12:20:49.980612
u001464,c008676,1.0,2024-12-13 07:16:05.691209
u001464,c008681,1.0,2024-12-15 12:07:52.785358
u001464,c009013,1.0,2024-12-25 19:43:31.688700
u001464,c008503,1.0,2025-01-02 19:39:25.248757
u001464,c008809,1.0,2025-01-21 03:38:21.040221
u001464,c008990,1.0,2025-01-26 07:15:51.828205
u001464,c009034,1.0,2025-02-01 00:16:24.121418
u001464,c008595,1.0,2025-03-20 08:11:24.821363
u001464,c008797,1.0,2025-03-20 16:44:11.506934
u001464,c009232,1.0,2025-06-16 01:21:22.272050
u001464,c009212,1.0,2025-07-27 19:37:23.361148
u001464,c008588,1.0,2025-08-24 04:22:59.631710
u001464,c009368,1.0,2025-11-01 07:23:03.797222
u001465,c008869,1.0,2024-11-24 08:43:16.961081
u001465,c006797,1.0,2024-11-25 13:47:36.473169
u001465,c008668,1.0,2024-11-27 05:31:12.896666
u001465,c007110,1.0,2025-01-07 08:51:55.207354
u001465,c007018,1.0,2025-03-19 00:48:33.350581
u001465,c008559,1.0,2025-04-04 02:52:53.729176
u001465,c006631,1.0,2025-04-28 23:12:12.853989
u001465,c007379,1.0,2025-04-29 10:58:56.941626
u001465,c006139,1.0,2025-05-25 12:54:31.490354
u001465,c006034,1.0,2025-06-01 08:14:28.963508
u001465,c007052,1.0,2025-06-20 15:29:02.357589
u001465,c006230,1.0,2025-07-12 16:41:47.238518
u001465,c006833,1.0,2025-07-25 04:21:08.438388
u001466,c008815,1.0,2025-01-12 22:05:42.150359
u001466,c008641,1.0,2025-02-21 10:47:59.255727
u001466,c009510,1.0,2025-05-20 11:47:08.154320
u001466,c008668,1.0,2025-09-10 14:52:20.770210
u001466,c008628,1.0,2025-09-20 05:32:18.431368
u001466,c008722,1.0,2025-09-27 08:25:33.369028
u001466,c008605,1.0,2025-10-14 05:20:23.709154
u001466,c009644,1.0,2025-10-22 00:17:17.095485
u001467,c008696,1.0,2024-11-11 09:52:38.607121
u001467,c009164,1.0,2024-11-12 08:31:32.397917
u001467,c008466,1.0,2024-11-25 17:43:17.880394
u001467,c008808,1.0,2024-12-08 13:05:10.003534
u001467,c009070,1.0,2024-12-20 14:57:26.727404
u001467,c009001,1.0,2025-01-22 00:37:23.367460
u001467,c008600,1.0,2025-02-06 22:21:51.443863
u001467,c008602,1.0,2025-03-08 00:35:42.184924
u001467,c008691,1.0,2025-03-28 14:49:34.237903
u001467,c009234,1.0,2025-05-28 05:55:31.280142
u001467,c008628,1.0,2025-05-31 16:10:46.246774
u001467,c008594,1.0,2025-07-10 18:59:27.911284
u001467,c009232,1.0,2025-09-08 08:14:42.198576
u001467,c009173,1.0,2025-10-22 12:01:30.747245
u001467,c008996,1.0,2025-11-05 06:42:40.564482
u001468,c009158,1.0,2024-12-19 15:01:54.748514
u001468,c008971,1.0,2024-12-25 01:22:45.149893
u001468,c008763,1.0,2025-02-11 10:36:30.570165
u001468,c006039,1.0,2025-02-18 14:44:52.253408
u001468,c006887,1.0,2025-03-12 01:38:09.623851
u001468,c006366,1.0,2025-05-11 15:16:37.253628
u001468,c009014,1.0,2025-06-06 09:53:44.549239
u001468,c008706,1.0,2025-06-08 13:23:51.951814
u001468,c007203,1.0,2025-06-11 01:43:41.802043
u001468,c006074,1.0,2025-07-21 04:35:20.384341
u001468,c008939,1.0,2025-07-29 03:37:18.383570
u001468,c008869,1.0,2025-09-13 09:56:22.797449
u001469,c008808,1.0,2024-12-06 08:17:49.647914
u001469,c006406,1.0,2024-12-12 07:03:20.525649
u001469,c006706,1.0,2025-01-10 10:59:39.277185
u001469,c007371,1.0,2025-02-14 09:08:29.367098
u001469,c009157,1.0,2025-04-01 13:53:41.202161
u001469,c007144,1.0,2025-06-13 16:46:31.249000
u001469,c006244,1.0,2025-06-20 16:18:08.846000
u001469,c006207,1.0,2025-07-06 09:49:06.935028
u001469,c006976,1.0,2025-07-13 01:25:02.693206
u001469,c006983,1.0,2025-08-29 13:58:48.280535
u001469,c006064,1.0,2025-09-15 10:39:12.060423
u001469,c009185,1.0,2025-10-03 14:44:09.178581
u001469,c007880,1.0,2025-10-05 20:46:41.613046
u001469,c006946,1.0,2025-10-11 22:06:26.643116
u001470,c009289,1.0,2025-01-10 00:22:27.453871
u001470,c009226,1.0,2025-01-16 19:22:55.535635
u001470,c008691,1.0,2025-04-15 11:39:21.458625
u001470,c009344,1.0,2025-05-09 20:45:15.515633
u001470,c009020,1.0,2025-05-24 16:14:16.071634
u001470,c008813,1.0,2025-06-09 09:01:51.236621
u001470,c008695,1.0,2025-06-21 13:08:40.468157
u001470,c009225,1.0,2025-07-06 06:34:19.332871
u001470,c008023,1.0,2025-07-16 01:29:48.706681
u001470,c008604,1.0,2025-11-01 18:07:17.949457
u001471,c008578,1.0,2024-11-16 13:39:04.317592
u001471,c006098,1.0,2025-01-26 17:37:13.110090
u001471,c009126,1.0,2025-02-26 20:55:48.932238
u001471,c008713,1.0,2025-04-08 23:21:18.314848
u001471,c008691,1.0,2025-08-23 22:24:29.392213
u001471,c009012,1.0,2025-11-02 03:39:36.503999
u001472,c009344,1.0,2024-11-25 23:44:26.705858
u001472,c009560,1.0,2024-12-11 20:11:26.182926
u001472,c009473,1.0,2025-01-07 20:29:56.633606
u001472,c009573,1.0,2025-01-24 14:04:37.463250
u001472,c009294,1.0,2025-02-26 19:29:02.215917
u001472,c008575,1.0,2025-04-28 10:08:42.831906
u001472,c009162,1.0,2025-05-04 15:36:31.435990
u001472,c009211,1.0,2025-05-26 19:11:49.670304
u001472,c009479,1.0,2025-07-08 08:40:20.015781
u001472,c009490,1.0,2025-07-08 11:34:57.217885
u001472,c000596,1.0,2025-08-15 15:54:18.424320
u001472,c008749,1.0,2025-08-16 09:09:05.600135
u001472,c009417,1.0,2025-09-17 09:46:13.246501
u001472,c009072,1.0,2025-10-12 21:14:12.363091
u001473,c009376,1.0,2024-12-16 20:11:53.081303
u001473,c009123,1.0,2025-03-04 18:34:34.084012
u001473,c009490,1.0,2025-05-02 00:22:51.256118
u001473,c006617,1.0,2025-06-21 16:24:04.019425
u001473,c006639,1.0,2025-10-12 15:58:34.477090
u001473,c008775,1.0,2025-11-04 15:35:45.902647
u001474,c008873,1.0,2024-11-26 01:28:42.350989
u001474,c009189,1.0,2024-12-15 19:55:43.348349
u001474,c007122,1.0,2025-01-08 06:08:14.564658
u001474,c006150,1.0,2025-02-18 15:31:12.838259
u001474,c008618,1.0,2025-04-07 04:23:08.822181
u001474,c009102,1.0,2025-07-15 00:03:10.498784
u001474,c006052,1.0,2025-10-01 12:26:14.236489
u001475,c008376,1.0,2025-03-04 10:29:43.328541
u001475,c007216,1.0,2025-03-25 01:32:18.227223
u001475,c009064,1.0,2025-04-15 13:06:44.426762
u001475,c007460,1.0,2025-05-21 21:02:51.784325
u001475,c007978,1.0,2025-06-04 20:41:07.115263
u001475,c008830,1.0,2025-07-22 09:55:46.408288
u001475,c008030,1.0,2025-08-14 21:10:28.006435
u001475,c008977,1.0,2025-08-29 17:41:59.050801
u001475,c008347,1.0,2025-10-29 17:19:26.370692
u001476,c008682,1.0,2025-02-12 07:38:45.971647
u001476,c009570,1.0,2025-03-04 08:42:53.085077
u001476,c008787,1.0,2025-04-13 05:52:46.447669
u001476,c007379,1.0,2025-05-03 19:54:19.760946
u001476,c009218,1.0,2025-05-05 22:45:28.676437
u001476,c009429,1.0,2025-06-24 08:25:03.128034
u001477,c008070,1.0,2025-01-31 08:36:19.485543
u001477,c008873,1.0,2025-02-26 07:50:13.125572
u001477,c009272,1.0,2025-03-06 08:48:26.561267
u001477,c009553,1.0,2025-03-30 12:39:32.833456
u001477,c009646,1.0,2025-05-05 06:40:24.058184
u001477,c008958,1.0,2025-07-27 23:11:21.995367
u001477,c009251,1.0,2025-08-02 10:28:26.491484
u001477,c009592,1.0,2025-08-14 05:46:08.262212
u001477,c009018,1.0,2025-09-27 07:50:37.625130
u001477,c008782,1.0,2025-10-03 04:53:57.621033
u001477,c009258,1.0,2025-10-09 09:30:03.989006
u001477,c008858,1.0,2025-10-12 03:53:17.936588
u001478,c008793,1.0,2025-01-15 10:34:41.377238
u001478,c008709,1.0,2025-03-13 00:45:50.064618
u001478,c009464,1.0,2025-03-19 09:55:43.168292
u001478,c009141,1.0,2025-03-31 12:16:06.022203
u001478,c008874,1.0,2025-04-02 07:21:41.777855
u001478,c006072,1.0,2025-05-03 22:04:25.920091
u001478,c009413,1.0,2025-06-06 11:55:15.559323
u001478,c008773,1.0,2025-09-26 22:06:48.644425
u001479,c008679,1.0,2024-12-11 11:36:39.947631
u001479,c008884,1.0,2025-04-06 11:15:02.940003
u001479,c007961,1.0,2025-06-06 01:34:34.506242
u001479,c008478,1.0,2025-06-29 13:38:31.645803
u001479,c009020,1.0,2025-07-06 20:07:46.619104
u001479,c007292,1.0,2025-07-29 04:36:14.409424
u001479,c007458,1.0,2025-08-22 15:24:17.862683
u001479,c008761,1.0,2025-08-24 05:31:33.860869
u001479,c007624,1.0,2025-10-06 11:16:19.497166
u001480,c008012,1.0,2024-11-16 22:19:32.095452
u001480,c009206,1.0,2024-11-21 11:49:29.556120
u001480,c007917,1.0,2024-11-27 02:07:36.632640
u001480,c008252,1.0,2024-11-27 13:24:16.100299
u001480,c008039,1.0,2024-12-06 00:38:27.306853
u001480,c008164,1.0,2024-12-25 14:35:37.517856
u001480,c007808,1.0,2025-01-16 22:04:16.092984
u001480,c008063,1.0,2025-02-01 22:28:20.982849
u001480,c008808,1.0,2025-03-12 19:16:31.796942
u001480,c008326,1.0,2025-03-12 20:16:37.274302
u001480,c008339,1.0,2025-06-30 16:55:20.657469
u001480,c007863,1.0,2025-08-01 07:44:02.633414
u001480,c008996,1.0,2025-09-20 05:46:39.314509
u001480,c007895,1.0,2025-10-11 20:44:01.485893
u001481,c009267,1.0,2024-12-13 14:47:10.664924
u001481,c007868,1.0,2024-12-21 05:00:35.108606
u001481,c008790,1.0,2024-12-21 18:03:45.573765
u001481,c009580,1.0,2024-12-27 21:57:52.389950
u001481,c008682,1.0,2025-01-10 08:02:26.852406
u001481,c009210,1.0,2025-01-18 08:06:05.739615
u001481,c008676,1.0,2025-04-28 19:22:37.936143
u001481,c008681,1.0,2025-06-16 13:12:29.612277
u001481,c009188,1.0,2025-06-17 18:05:07.378580
u001481,c008033,1.0,2025-06-23 00:36:59.284157
u001481,c009429,1.0,2025-07-05 08:08:40.797237
u001481,c009435,1.0,2025-07-24 07:59:02.361448
u001481,c008787,1.0,2025-10-10 06:34:04.448312
u001481,c007627,1.0,2025-11-06 12:13:25.541827
u001482,c008470,1.0,2024-11-10 20:25:39.867557
u001482,c006056,1.0,2024-11-16 00:18:23.305773
u001482,c009225,1.0,2024-11-30 04:16:58.152870
u001482,c008682,1.0,2024-12-14 22:33:52.150310
u001482,c007618,1.0,2025-02-22 07:47:06.413951
u001482,c008795,1.0,2025-05-06 10:13:53.464113
u001482,c008759,1.0,2025-05-07 14:12:47.539663
u001482,c008963,1.0,2025-05-24 07:53:08.262061
u001482,c008763,1.0,2025-06-07 17:03:31.087956
u001482,c009293,1.0,2025-07-11 00:48:53.401851
u001482,c009253,1.0,2025-08-24 11:15:51.308778
u001482,c009543,1.0,2025-09-29 10:35:00.868401
u001482,c008493,1.0,2025-10-30 13:51:17.730498
u001483,c007201,1.0,2024-11-17 09:16:33.166135
u001483,c006301,1.0,2025-02-23 12:01:26.276683
u001483,c009564,1.0,2025-02-25 12:48:03.539264
u001483,c006022,1.0,2025-03-09 13:35:27.428507
u001483,c006366,1.0,2025-06-01 19:21:10.141459
u001483,c008866,1.0,2025-06-07 15:44:22.010825
u001483,c006484,1.0,2025-08-24 20:29:51.732077
u001483,c006474,1.0,2025-08-27 03:01:48.640132
u001484,c009141,1.0,2024-12-04 21:36:49.475395
u001484,c008534,1.0,2025-01-21 12:23:41.050955
u001484,c008697,1.0,2025-02-24 10:24:49.360490
u001484,c009497,1.0,2025-02-24 21:43:50.664651
u001484,c008643,1.0,2025-03-15 20:26:14.112194
u001484,c008998,1.0,2025-04-05 07:29:09.295843
u001484,c009537,1.0,2025-05-06 22:29:33.213040
u001484,c008764,1.0,2025-05-31 07:11:31.563315
u001484,c008544,1.0,2025-06-18 23:23:42.369080
u001484,c009246,1.0,2025-08-10 19:36:41.751029
u001484,c009472,1.0,2025-09-14 10:02:49.628401
u001484,c009644,1.0,2025-09-14 13:57:00.487300
u001484,c008777,1.0,2025-09-28 18:31:57.597567
u001485,c008764,1.0,2024-12-13 06:41:06.269061
u001485,c009497,1.0,2025-06-28 22:50:43.878147
u001485,c006168,1.0,2025-07-13 00:29:41.002431
u001485,c008579,1.0,2025-07-18 08:34:54.275913
u001485,c009126,1.0,2025-09-26 08:51:38.541295
u001485,c009165,1.0,2025-11-06 14:02:14.205215
u001486,c008703,1.0,2025-02-07 09:32:12.333467
u001486,c008763,1.0,2025-02-25 16:35:45.330251
u001486,c009498,1.0,2025-03-06 20:16:52.367843
u001486,c008580,1.0,2025-07-31 22:04:34.342123
u001487,c006034,1.0,2024-11-22 16:25:33.473206
u001487,c009111,1.0,2025-01-06 00:44:44.768930
u001487,c008582,1.0,2025-02-08 16:58:24.313222
u001487,c009530,1.0,2025-02-16 00:13:33.237572
u001487,c008567,1.0,2025-03-08 05:30:17.634031
u001487,c008472,1.0,2025-07-20 09:11:29.379999
u001487,c008843,1.0,2025-08-09 21:05:45.646633
u001487,c008495,1.0,2025-10-06 10:54:36.264168
u001488,c008326,1.0,2024-11-30 07:34:16.921429
u001488,c007883,1.0,2024-12-17 20:21:23.691529
u001488,c008339,1.0,2024-12-25 11:44:18.173040
u001488,c007863,1.0,2025-01-24 04:02:01.797043
u001488,c008731,1.0,2025-02-24 02:04:47.350291
u001488,c007915,1.0,2025-04-10 04:23:00.811096
u001488,c008617,1.0,2025-04-29 05:49:19.194864
u001488,c008729,1.0,2025-10-07 23:22:11.671409
u001489,c008709,1.0,2024-11-10 07:34:32.214567
u001489,c009485,1.0,2025-03-03 05:55:35.253701
u001489,c008705,1.0,2025-08-15 22:16:36.071980
u001489,c009352,1.0,2025-09-01 02:12:08.201874
u001490,c008336,1.0,2025-01-11 15:59:37.467450
u001490,c008357,1.0,2025-01-18 12:06:41.554668
u001490,c008216,1.0,2025-07-22 16:23:53.477558
u001490,c008183,1.0,2025-08-09 09:53:00.662531
u001490,c008367,1.0,2025-10-24 22:13:51.876234
u001491,c008694,1.0,2024-11-14 00:52:45.602411
u001491,c006135,1.0,2024-12-03 13:51:10.639794
u001491,c008963,1.0,2025-05-14 21:56:22.139912
u001491,c009279,1.0,2025-06-17 16:04:10.233507
u001491,c009457,1.0,2025-07-12 22:55:28.753869
u001491,c009272,1.0,2025-08-28 06:45:21.526989
u001491,c009415,1.0,2025-09-02 03:57:34.796813
u001492,c006896,1.0,2024-12-16 09:57:19.322796
u001492,c006540,1.0,2024-12-30 00:53:31.653770
u001492,c006995,1.0,2025-01-05 19:28:33.854203
u001492,c006339,1.0,2025-03-02 14:35:23.448120
u001492,c006417,1.0,2025-03-09 10:49:58.212652
u001492,c007108,1.0,2025-04-02 08:55:34.508674
u001492,c006190,1.0,2025-04-21 08:05:51.094440
u001492,c006989,1.0,2025-06-10 18:33:20.968702
u001492,c006741,1.0,2025-06-27 06:55:39.832851
u001492,c006536,1.0,2025-07-22 08:45:17.726931
u001492,c006056,1.0,2025-08-04 10:31:14.670051
u001492,c007023,1.0,2025-08-26 02:43:52.518283
u001493,c008687,1.0,2024-11-08 01:47:32.561569
u001493,c006049,1.0,2025-01-01 05:53:56.008248
u001493,c006150,1.0,2025-01-22 21:23:12.771881
u001493,c009304,1.0,2025-02-09 11:36:42.523448
u001493,c008845,1.0,2025-02-15 15:06:23.678622
u001493,c008966,1.0,2025-02-25 20:44:50.994991
u001493,c009138,1.0,2025-04-15 12:42:00.777792
u001493,c009580,1.0,2025-05-30 01:57:07.203261
u001493,c006799,1.0,2025-06-07 05:34:25.922561
u001493,c006061,1.0,2025-06-08 01:59:16.538461
u001493,c008891,1.0,2025-10-06 21:51:54.871765
u001493,c009408,1.0,2025-10-16 10:42:44.433218
u001494,c008506,1.0,2024-11-21 02:22:48.082049
u001494,c009080,1.0,2024-12-08 03:12:07.954569
u001494,c009559,1.0,2024-12-20 23:21:08.588228
u001494,c009032,1.0,2025-02-11 15:58:18.903997
u001494,c008572,1.0,2025-04-21 04:58:22.731899
u001494,c008536,1.0,2025-05-31 15:10:57.423489
u001494,c005995,1.0,2025-07-01 06:58:49.026629
u001494,c008938,1.0,2025-07-25 12:51:26.180030
u001494,c009418,1.0,2025-08-04 23:43:47.209009
u001494,c009184,1.0,2025-09-20 19:36:03.707429
u001494,c009243,1.0,2025-10-06 04:32:51.708641
u001494,c009169,1.0,2025-10-11 03:01:31.925265
u001494,c009640,1.0,2025-10-19 01:47:32.570958
u001495,c008010,1.0,2024-12-04 11:52:38.877363
u001495,c001343,1.0,2024-12-17 04:44:32.868996
u001495,c009033,1.0,2025-01-14 19:55:51.956346
u001495,c009070,1.0,2025-03-03 16:07:43.392319
u001495,c007788,1.0,2025-05-05 09:16:03.358473
u001495,c008719,1.0,2025-08-03 10:39:55.360363
u001496,c008472,1.0,2024-11-25 14:34:45.144181
u001496,c009299,1.0,2024-12-19 10:03:27.268041
u001496,c007206,1.0,2025-01-08 14:38:32.945263
u001496,c007245,1.0,2025-01-08 20:16:44.382171
u001496,c008582,1.0,2025-04-24 21:55:00.962996
u001497,c008579,1.0,2024-11-13 02:02:20.081162
u001497,c008481,1.0,2024-12-10 02:36:52.110199
u001497,c009213,1.0,2024-12-19 09:12:47.677261
u001497,c008534,1.0,2025-02-12 04:34:45.271605
u001497,c009557,1.0,2025-03-23 15:25:51.731662
u001497,c009245,1.0,2025-05-17 17:26:08.622296
u001497,c008764,1.0,2025-06-13 06:09:58.697521
u001497,c008956,1.0,2025-08-07 00:28:35.682589
u001497,c009497,1.0,2025-08-22 22:54:55.527170
u001497,c008462,1.0,2025-10-11 02:01:34.930079
u001498,c009272,1.0,2025-01-14 04:59:15.691026
u001498,c009012,1.0,2025-01-14 17:49:58.710001
u001498,c008484,1.0,2025-05-30 12:12:19.801953
u001499,c009574,1.0,2025-03-24 20:40:13.164431
u001499,c008462,1.0,2025-04-01 23:13:42.079657
u001499,c009644,1.0,2025-06-16 14:24:56.549250
u001500,c006259,1.0,2024-11-08 03:41:47.192981
u001500,c009486,1.0,2024-11-11 22:11:07.044299
u001500,c009183,1.0,2024-11-20 02:04:11.985446
u001500,c005992,1.0,2025-02-02 13:22:57.484318
u001500,c006028,1.0,2025-04-01 04:03:18.139327
u001500,c009140,1.0,2025-04-11 04:49:49.959504
u001500,c009118,1.0,2025-05-13 00:05:29.162351
u001500,c009020,1.0,2025-06-01 05:09:35.126075
u001500,c006558,1.0,2025-06-05 14:37:57.565728
u001500,c008474,1.0,2025-06-22 21:46:46.563075
u001500,c007371,1.0,2025-10-17 18:35:26.166336
u001500,c007014,1.0,2025-10-21 06:14:19.452809
u001500,c007148,1.0,2025-10-24 12:48:02.919230
